[08:02:01.207] Try reusing port from lock file: 56391
[08:02:01.227] Server listening on port 56391, PID 37544
[08:02:01.250] readProjectFiles, Found 60 files to read.
[08:02:01.338] Starting PAI Cloud Dev...
[08:02:01.446] [Preview Server] Frontend connected, clients size = 1
[08:02:01.580] [Preview Server] Frontend connected, clients size = 2
[08:02:01.721] [PAI SDK] createCloudSession response: {
  "code": 0,
  "msg": "success",
  "sandboxId": "vefaas-f0vkicge-zwx1wbt5u0-d9n89r02q32a380chk30-sandbox",
  "endpoint": "https://sd62opo6oqou1ckhsuo00.apigateway-cn-beijing.volceapi.com"
}
[08:02:01.907] [PAI SDK] cloudServer.start called, appId: pai-preview-trae-347b2648
[08:02:02.439] [PAI SDK] Received event: log {"content":"\n> taro_template@1.0.0 dev:h5\n> npm run build:h5 -- --watch\n\n\n> taro_template@1.0.0 build:h5\n> taro build --type h5 --watch\n\n","timestamp":1785628922729}
[08:02:02.774] [PAI SDK] Received event: log {"content":"👽 Taro v4.1.9\n\n","timestamp":1785628923022}
[08:02:03.761] [PAI SDK] Received event: log {"content":"Tips:\n1. 建议开启持久化缓存功能，能有效提升二次编译速度，详情请参考: https://docs.taro.zone/docs/config-detail#cache。\n\n\n","timestamp":1785628924052}
[08:02:05.696] [PAI SDK] Received event: log {"content":"ℹ 预览端口 10086 被占用, 自动切换到空闲端口 10087\n","timestamp":1785628925988}
[08:02:06.223] [PAI SDK] Received event: log {"content":"- 即将开始启动编译，请稍等~\n","timestamp":1785628926515}
[08:02:21.370] [PAI SDK] Received event: log {"content":"✅  编译成功 8/2/2026, 8:02:21 AM\n\n","timestamp":1785628941661}
[08:02:21.371] [PAI SDK] cloudServer.start response: {
  "status": "running",
  "msg": "Cloud Server started successfully.",
  "hash": "pai-preview-trae-347b2648"
}
[08:02:21.471] [PAI SDK] Received event: log {"content":"\nℹ️  Listening at http://9.99.80.130:10087/\n\n监听文件修改中...\n\n","timestamp":1785628941763}
[08:04:07.961] [Preview Server] Frontend disconnected, clients size = 2
[08:04:07.992] [Preview Server] Frontend connected, clients size = 2
[08:04:07.992] Sending cached status to new connection, lastStatusMessage = {"event":"status_change","message":{"url":"https://sd62opo6oqou1ckhsuo00.apigateway-cn-beijing.volceapi.com/?faasInstanceName=vefaas-f0vkicge-zwx1wbt5u0-d9n89r02q32a380chk30-sandbox&hash=pai-preview-trae-347b2648","schema":"aipa://preview?type=pai&aipa_id=pai-preview-trae-347b2648&uuid=5b9fa417-0cca-4f0d-b3d6-2cdf556e4429","status":"running","msg":"Cloud Server started successfully.","framework":"taro"}}
[08:04:48.310] [Preview Server] Frontend disconnected, clients size = 2
[08:04:48.332] [Preview Server] Frontend connected, clients size = 2
[08:04:48.332] Sending cached status to new connection, lastStatusMessage = {"event":"status_change","message":{"url":"https://sd62opo6oqou1ckhsuo00.apigateway-cn-beijing.volceapi.com/?faasInstanceName=vefaas-f0vkicge-zwx1wbt5u0-d9n89r02q32a380chk30-sandbox&hash=pai-preview-trae-347b2648","schema":"aipa://preview?type=pai&aipa_id=pai-preview-trae-347b2648&uuid=5b9fa417-0cca-4f0d-b3d6-2cdf556e4429","status":"running","msg":"Cloud Server started successfully.","framework":"taro"}}
[08:08:18.083] [AuthCredentials] read failed: ENOENT: no such file or directory, open 'C:\Users\chitx\WorkBuddy\2026-07-08-23-42-23\cad_version_manager\mini-app\.auth\auth.json'
[08:08:33.183] [Preview Server] Frontend disconnected, clients size = 2
[08:08:35.193] [Preview Server] Frontend connected, clients size = 2
[08:08:35.194] Sending cached status to new connection, lastStatusMessage = {"event":"status_change","message":{"url":"https://sd62opo6oqou1ckhsuo00.apigateway-cn-beijing.volceapi.com/?faasInstanceName=vefaas-f0vkicge-zwx1wbt5u0-d9n89r02q32a380chk30-sandbox&hash=pai-preview-trae-347b2648","schema":"aipa://preview?type=pai&aipa_id=pai-preview-trae-347b2648&uuid=5b9fa417-0cca-4f0d-b3d6-2cdf556e4429","status":"running","msg":"Cloud Server started successfully.","framework":"taro"}}
[08:08:38.381] [AuthCredentials] read failed: ENOENT: no such file or directory, open 'C:\Users\chitx\WorkBuddy\2026-07-08-23-42-23\cad_version_manager\mini-app\.auth\auth.json'
[08:13:19.234] [AuthCredentials] read failed: ENOENT: no such file or directory, open 'C:\Users\chitx\WorkBuddy\2026-07-08-23-42-23\cad_version_manager\mini-app\.auth\auth.json'
[08:14:38.706] [AuthCredentials] read failed: ENOENT: no such file or directory, open 'C:\Users\chitx\WorkBuddy\2026-07-08-23-42-23\cad_version_manager\mini-app\.auth\auth.json'
[08:18:02.583] File change detected. Updating...
[08:18:02.596] readProjectFiles, Found 60 files to read.
[08:18:02.618] Files read. Count: 60
[08:18:02.618] Calling pai.updateCloudDev...
[08:18:02.619] [PAI SDK] cloudServer.update called, appId: pai-preview-trae-347b2648
[08:18:02.753] [PAI SDK] Received event: reload {"url":"aipa://pai-preview-trae-347b2648.aipa-cloud.bytedance.net?type=pai","timestamp":1785629883022}
[08:18:02.753] [PAI SDK] CloudServer received reload event: {"url":"aipa://pai-preview-trae-347b2648.aipa-cloud.bytedance.net?type=pai","timestamp":1785629883022}
[08:18:02.753] [PAI SDK] reload, url = https://sd62opo6oqou1ckhsuo00.apigateway-cn-beijing.volceapi.com/?faasInstanceName=vefaas-f0vkicge-zwx1wbt5u0-d9n89r02q32a380chk30-sandbox&hash=pai-preview-trae-347b2648
[08:18:02.754] [PAI SDK] cloudServer.update response: {
  "status": "running",
  "reload": false,
  "hash": "pai-preview-trae-347b2648"
}
[08:18:02.754] Update success (pai.updateCloudDev returned)
[08:18:02.931] [PAI SDK] Received event: log {"content":"<i> [webpack-dev-middleware] wait until bundle finished: /\n","timestamp":1785629883170}
[08:18:02.932] [PAI SDK] Received event: log {"content":"<i> [webpack-dev-middleware] wait until bundle finished: /\n","timestamp":1785629883170}
[08:18:04.387] [PAI SDK] Received event: log {"content":"✅  编译成功 8/2/2026, 8:18:04 AM\n\n","timestamp":1785629884657}
[08:18:15.760] File change detected. Updating...
[08:18:15.769] readProjectFiles, Found 60 files to read.
[08:18:15.791] Files read. Count: 60
[08:18:15.791] Calling pai.updateCloudDev...
[08:18:15.791] [PAI SDK] cloudServer.update called, appId: pai-preview-trae-347b2648
[08:18:15.916] [PAI SDK] Received event: reload {"url":"aipa://pai-preview-trae-347b2648.aipa-cloud.bytedance.net?type=pai","timestamp":1785629896197}
[08:18:15.917] [PAI SDK] CloudServer received reload event: {"url":"aipa://pai-preview-trae-347b2648.aipa-cloud.bytedance.net?type=pai","timestamp":1785629896197}
[08:18:15.917] [PAI SDK] reload, url = https://sd62opo6oqou1ckhsuo00.apigateway-cn-beijing.volceapi.com/?faasInstanceName=vefaas-f0vkicge-zwx1wbt5u0-d9n89r02q32a380chk30-sandbox&hash=pai-preview-trae-347b2648
[08:18:15.917] [PAI SDK] cloudServer.update response: {
  "status": "running",
  "reload": false,
  "hash": "pai-preview-trae-347b2648"
}
[08:18:15.917] Update success (pai.updateCloudDev returned)
[08:18:15.989] [PAI SDK] Received event: log {"content":"<i> [webpack-dev-middleware] wait until bundle finished: /\n","timestamp":1785629896271}
[08:18:16.079] [PAI SDK] Received event: log {"content":"<i> [webpack-dev-middleware] wait until bundle finished: /\n","timestamp":1785629896334}
[08:18:17.356] [PAI SDK] Received event: log {"content":"✅  编译成功 8/2/2026, 8:18:17 AM\n\n","timestamp":1785629897646}
[08:19:11.686] File change detected. Updating...
[08:19:11.693] readProjectFiles, Found 60 files to read.
[08:19:11.711] Files read. Count: 60
[08:19:11.711] Calling pai.updateCloudDev...
[08:19:11.712] [PAI SDK] cloudServer.update called, appId: pai-preview-trae-347b2648
[08:19:11.859] [PAI SDK] Received event: server_exit_abnormal {"content":"Cloud Server exited with code -1","timestamp":1785629952149}
[08:19:11.860] [PAI SDK] Server exited abnormally, cleaning up...
[08:19:39.172] File change detected. Updating...
[08:19:39.181] readProjectFiles, Found 61 files to read.
[Preview Server] 以下文件超过 2MB 已跳过（微信小程序单分包限制为 2MB，大文件建议使用 CDN 加载）:
  .swc\plugins\v7_windows_x86_64_0.104.8\7175c2f701c258997803d93e6e53a285d375ab2d784ed9f0357fc9c4363590cb (2.7MB)
[08:19:39.203] Files read. Count: 60
[08:19:39.203] Calling pai.updateCloudDev...
[08:19:39.204] [PAI SDK] Sandbox disconnected, recreating...
[08:19:40.076] [PAI SDK] Sandbox recreated, sandboxId: vefaas-f0vkicge-zwx1wbt5u0-d9n89r02q32a380chk30-sandbox
[08:19:40.076] [PAI SDK] cloudServer.update called, appId: pai-preview-trae-347b2648
[08:19:40.144] [PAI SDK] cloudServer.update response: {
  "status": "preparing",
  "reload": false,
  "hash": "pai-preview-trae-347b2648"
}
[08:19:40.144] Update success (pai.updateCloudDev returned)
[08:19:44.542] File change detected. Updating...
[08:19:44.550] readProjectFiles, Found 61 files to read.
[Preview Server] 以下文件超过 2MB 已跳过（微信小程序单分包限制为 2MB，大文件建议使用 CDN 加载）:
  .swc\plugins\v7_windows_x86_64_0.104.8\7175c2f701c258997803d93e6e53a285d375ab2d784ed9f0357fc9c4363590cb (2.7MB)
[08:19:44.570] Files read. Count: 60
[08:19:44.570] Calling pai.updateCloudDev...
[08:19:44.571] [PAI SDK] cloudServer.update called, appId: pai-preview-trae-347b2648
[08:19:44.648] [PAI SDK] cloudServer.update response: {
  "status": "preparing",
  "reload": false,
  "hash": "pai-preview-trae-347b2648"
}
[08:19:44.649] Update success (pai.updateCloudDev returned)
[08:21:07.695] File change detected. Updating...
[08:21:07.705] readProjectFiles, Found 61 files to read.
[Preview Server] 以下文件超过 2MB 已跳过（微信小程序单分包限制为 2MB，大文件建议使用 CDN 加载）:
  .swc\plugins\v7_windows_x86_64_0.104.8\7175c2f701c258997803d93e6e53a285d375ab2d784ed9f0357fc9c4363590cb (2.7MB)
[08:21:07.734] Files read. Count: 60
[08:21:07.734] Calling pai.updateCloudDev...
[08:21:07.735] [PAI SDK] cloudServer.update called, appId: pai-preview-trae-347b2648
[08:21:07.802] [PAI SDK] cloudServer.update response: {
  "status": "preparing",
  "reload": false,
  "hash": "pai-preview-trae-347b2648"
}
[08:21:07.802] Update success (pai.updateCloudDev returned)
[08:21:52.846] [PAI SDK] Received event: reload {"url":"aipa://pai-preview-trae-347b2648.aipa-cloud.bytedance.net?type=pai","timestamp":1785630113085}
[08:21:52.847] [PAI SDK] CloudServer received reload event: {"url":"aipa://pai-preview-trae-347b2648.aipa-cloud.bytedance.net?type=pai","timestamp":1785630113085}
[08:21:52.847] [PAI SDK] reload, url = https://sd62opo6oqou1ckhsuo00.apigateway-cn-beijing.volceapi.com/?faasInstanceName=vefaas-f0vkicge-zwx1wbt5u0-d9n89r02q32a380chk30-sandbox&hash=pai-preview-trae-347b2648
[08:21:52.847] [PAI SDK] cloudServer.update response: {
  "status": "running",
  "reload": true,
  "hash": "pai-preview-trae-347b2648"
}
[08:21:52.848] Update success (pai.updateCloudDev returned)
[08:21:52.920] [PAI SDK] Received event: log {"content":"\nℹ️  Listening at http://9.99.80.130:10087/\n\n监听文件修改中...\n\n","timestamp":1785630113170}
[08:21:53.081] [PAI SDK] Received event: log {"content":"<i> [webpack-dev-middleware] wait until bundle finished: /\n","timestamp":1785630113355}
[08:21:53.083] [PAI SDK] Received event: log {"content":"<i> [webpack-dev-middleware] wait until bundle finished: /\n","timestamp":1785630113357}
[08:21:54.241] [PAI SDK] Received event: log {"content":"✅  编译成功 8/2/2026, 8:21:54 AM\n\n","timestamp":1785630114530}
[08:27:30.393] File change detected. Updating...
[08:27:30.401] readProjectFiles, Found 62 files to read.
[Preview Server] 以下文件超过 2MB 已跳过（微信小程序单分包限制为 2MB，大文件建议使用 CDN 加载）:
  .swc\plugins\v7_windows_x86_64_0.104.8\7175c2f701c258997803d93e6e53a285d375ab2d784ed9f0357fc9c4363590cb (2.7MB)
[08:27:30.429] Files read. Count: 61
[08:27:30.429] Calling pai.updateCloudDev...
[08:27:30.430] [PAI SDK] cloudServer.update called, appId: pai-preview-trae-347b2648
[08:27:30.510] [PAI SDK] Received event: reload {"url":"aipa://pai-preview-trae-347b2648.aipa-cloud.bytedance.net?type=pai","timestamp":1785630450798}
[08:27:30.510] [PAI SDK] CloudServer received reload event: {"url":"aipa://pai-preview-trae-347b2648.aipa-cloud.bytedance.net?type=pai","timestamp":1785630450798}
[08:27:30.510] [PAI SDK] reload, url = https://sd62opo6oqou1ckhsuo00.apigateway-cn-beijing.volceapi.com/?faasInstanceName=vefaas-f0vkicge-zwx1wbt5u0-d9n89r02q32a380chk30-sandbox&hash=pai-preview-trae-347b2648
[08:27:30.511] [PAI SDK] cloudServer.update response: {
  "status": "running",
  "reload": false,
  "hash": "pai-preview-trae-347b2648"
}
[08:27:30.511] Update success (pai.updateCloudDev returned)
[08:27:31.025] [PAI SDK] Received event: log {"content":"<i> [webpack-dev-middleware] wait until bundle finished: /\n","timestamp":1785630451313}
[08:27:32.104] [PAI SDK] Received event: log {"content":"✅  编译成功 8/2/2026, 8:27:32 AM\n\n","timestamp":1785630452392}
[08:28:00.516] File change detected. Updating...
[08:28:00.524] readProjectFiles, Found 62 files to read.
[Preview Server] 以下文件超过 2MB 已跳过（微信小程序单分包限制为 2MB，大文件建议使用 CDN 加载）:
  .swc\plugins\v7_windows_x86_64_0.104.8\7175c2f701c258997803d93e6e53a285d375ab2d784ed9f0357fc9c4363590cb (2.7MB)
[08:28:00.542] Files read. Count: 61
[08:28:00.542] Calling pai.updateCloudDev...
[08:28:00.543] [PAI SDK] cloudServer.update called, appId: pai-preview-trae-347b2648
[08:28:00.622] [PAI SDK] Received event: reload {"url":"aipa://pai-preview-trae-347b2648.aipa-cloud.bytedance.net?type=pai","timestamp":1785630480911}
[08:28:00.623] [PAI SDK] CloudServer received reload event: {"url":"aipa://pai-preview-trae-347b2648.aipa-cloud.bytedance.net?type=pai","timestamp":1785630480911}
[08:28:00.623] [PAI SDK] reload, url = https://sd62opo6oqou1ckhsuo00.apigateway-cn-beijing.volceapi.com/?faasInstanceName=vefaas-f0vkicge-zwx1wbt5u0-d9n89r02q32a380chk30-sandbox&hash=pai-preview-trae-347b2648
[08:28:00.623] [PAI SDK] cloudServer.update response: {
  "status": "running",
  "reload": false,
  "hash": "pai-preview-trae-347b2648"
}
[08:28:00.623] Update success (pai.updateCloudDev returned)
[08:28:00.792] [PAI SDK] Received event: log {"content":"<i> [webpack-dev-middleware] wait until bundle finished: /\n","timestamp":1785630481081}
[08:28:02.055] [PAI SDK] Received event: log {"content":"✅  编译成功 8/2/2026, 8:28:02 AM\n\n","timestamp":1785630482344}
[08:28:13.493] File change detected. Updating...
[08:28:13.512] readProjectFiles, Found 68 files to read.
[Preview Server] 以下文件超过 2MB 已跳过（微信小程序单分包限制为 2MB，大文件建议使用 CDN 加载）:
  .swc\plugins\v7_windows_x86_64_0.104.8\7175c2f701c258997803d93e6e53a285d375ab2d784ed9f0357fc9c4363590cb (2.7MB)
[08:28:13.543] Files read. Count: 67
[08:28:13.544] Calling pai.updateCloudDev...
[08:28:13.544] [PAI SDK] cloudServer.update called, appId: pai-preview-trae-347b2648
[08:28:13.626] [PAI SDK] Received event: reload {"url":"aipa://pai-preview-trae-347b2648.aipa-cloud.bytedance.net?type=pai","timestamp":1785630493914}
[08:28:13.626] [PAI SDK] CloudServer received reload event: {"url":"aipa://pai-preview-trae-347b2648.aipa-cloud.bytedance.net?type=pai","timestamp":1785630493914}
[08:28:13.627] [PAI SDK] reload, url = https://sd62opo6oqou1ckhsuo00.apigateway-cn-beijing.volceapi.com/?faasInstanceName=vefaas-f0vkicge-zwx1wbt5u0-d9n89r02q32a380chk30-sandbox&hash=pai-preview-trae-347b2648
[08:28:13.628] [PAI SDK] cloudServer.update response: {
  "status": "running",
  "reload": false,
  "hash": "pai-preview-trae-347b2648"
}
[08:28:13.628] Update success (pai.updateCloudDev returned)
[08:28:13.691] [PAI SDK] Received event: log {"content":"<i> [webpack-dev-middleware] wait until bundle finished: /\n","timestamp":1785630493980}
[08:28:14.727] [PAI SDK] Received event: log {"content":"✅  编译成功 8/2/2026, 8:28:15 AM\n\n","timestamp":1785630495015}
[08:28:37.102] File change detected. Updating...
[08:28:37.120] readProjectFiles, Found 68 files to read.
[Preview Server] 以下文件超过 2MB 已跳过（微信小程序单分包限制为 2MB，大文件建议使用 CDN 加载）:
  .swc\plugins\v7_windows_x86_64_0.104.8\7175c2f701c258997803d93e6e53a285d375ab2d784ed9f0357fc9c4363590cb (2.7MB)
[08:28:37.170] Files read. Count: 67
[08:28:37.170] Calling pai.updateCloudDev...
[08:28:37.171] [PAI SDK] cloudServer.update called, appId: pai-preview-trae-347b2648
[08:28:37.305] [PAI SDK] Received event: reload {"url":"aipa://pai-preview-trae-347b2648.aipa-cloud.bytedance.net?type=pai","timestamp":1785630517545}
[08:28:37.306] [PAI SDK] CloudServer received reload event: {"url":"aipa://pai-preview-trae-347b2648.aipa-cloud.bytedance.net?type=pai","timestamp":1785630517545}
[08:28:37.306] [PAI SDK] reload, url = https://sd62opo6oqou1ckhsuo00.apigateway-cn-beijing.volceapi.com/?faasInstanceName=vefaas-f0vkicge-zwx1wbt5u0-d9n89r02q32a380chk30-sandbox&hash=pai-preview-trae-347b2648
[08:28:37.307] [PAI SDK] cloudServer.update response: {
  "status": "running",
  "reload": false,
  "hash": "pai-preview-trae-347b2648"
}
[08:28:37.307] Update success (pai.updateCloudDev returned)
[08:28:37.384] [PAI SDK] Received event: log {"content":"<i> [webpack-dev-middleware] wait until bundle finished: /\n","timestamp":1785630517660}
[08:28:39.193] [PAI SDK] Received event: log {"content":"✅  编译成功 8/2/2026, 8:28:39 AM\n\n","timestamp":1785630519481}
[08:29:32.588] File change detected. Updating...
[08:29:32.605] readProjectFiles, Found 67 files to read.
[Preview Server] 以下文件超过 2MB 已跳过（微信小程序单分包限制为 2MB，大文件建议使用 CDN 加载）:
  .swc\plugins\v7_windows_x86_64_0.104.8\7175c2f701c258997803d93e6e53a285d375ab2d784ed9f0357fc9c4363590cb (2.7MB)
[08:29:32.658] Files read. Count: 66
[08:29:32.658] Calling pai.updateCloudDev...
[08:29:32.658] [PAI SDK] cloudServer.update called, appId: pai-preview-trae-347b2648
[08:29:32.737] [PAI SDK] Received event: reload {"url":"aipa://pai-preview-trae-347b2648.aipa-cloud.bytedance.net?type=pai","timestamp":1785630573026}
[08:29:32.738] [PAI SDK] CloudServer received reload event: {"url":"aipa://pai-preview-trae-347b2648.aipa-cloud.bytedance.net?type=pai","timestamp":1785630573026}
[08:29:32.739] [PAI SDK] reload, url = https://sd62opo6oqou1ckhsuo00.apigateway-cn-beijing.volceapi.com/?faasInstanceName=vefaas-f0vkicge-zwx1wbt5u0-d9n89r02q32a380chk30-sandbox&hash=pai-preview-trae-347b2648
[08:29:32.739] [PAI SDK] cloudServer.update response: {
  "status": "running",
  "reload": false,
  "hash": "pai-preview-trae-347b2648"
}
[08:29:32.740] Update success (pai.updateCloudDev returned)
[08:29:32.803] [PAI SDK] Received event: log {"content":"<i> [webpack-dev-middleware] wait until bundle finished: /\n","timestamp":1785630573091}
[08:29:34.428] [PAI SDK] Received event: log {"content":"✅  编译成功 8/2/2026, 8:29:34 AM\n\n","timestamp":1785630574664}
[08:42:36.258] File change detected. Updating...
[08:42:36.266] readProjectFiles, Found 67 files to read.
[Preview Server] 以下文件超过 2MB 已跳过（微信小程序单分包限制为 2MB，大文件建议使用 CDN 加载）:
  .swc\plugins\v7_windows_x86_64_0.104.8\7175c2f701c258997803d93e6e53a285d375ab2d784ed9f0357fc9c4363590cb (2.7MB)
[08:42:36.287] Files read. Count: 66
[08:42:36.287] Calling pai.updateCloudDev...
[08:42:36.287] [PAI SDK] cloudServer.update called, appId: pai-preview-trae-347b2648
[08:42:36.454] [PAI SDK] Received event: reload {"url":"aipa://pai-preview-trae-347b2648.aipa-cloud.bytedance.net?type=pai","timestamp":1785631356712}
[08:42:36.455] [PAI SDK] CloudServer received reload event: {"url":"aipa://pai-preview-trae-347b2648.aipa-cloud.bytedance.net?type=pai","timestamp":1785631356712}
[08:42:36.455] [PAI SDK] reload, url = https://sd62opo6oqou1ckhsuo00.apigateway-cn-beijing.volceapi.com/?faasInstanceName=vefaas-f0vkicge-zwx1wbt5u0-d9n89r02q32a380chk30-sandbox&hash=pai-preview-trae-347b2648
[08:42:36.455] [PAI SDK] cloudServer.update response: {
  "status": "running",
  "reload": false,
  "hash": "pai-preview-trae-347b2648"
}
[08:42:36.455] Update success (pai.updateCloudDev returned)
[08:42:36.519] [PAI SDK] Received event: log {"content":"<i> [webpack-dev-middleware] wait until bundle finished: /\n","timestamp":1785631356806}
[08:42:38.365] [PAI SDK] Received event: log {"content":"✅  编译成功 8/2/2026, 8:42:38 AM\n\n","timestamp":1785631358652}
[08:42:53.404] File change detected. Updating...
[08:42:53.412] readProjectFiles, Found 67 files to read.
[Preview Server] 以下文件超过 2MB 已跳过（微信小程序单分包限制为 2MB，大文件建议使用 CDN 加载）:
  .swc\plugins\v7_windows_x86_64_0.104.8\7175c2f701c258997803d93e6e53a285d375ab2d784ed9f0357fc9c4363590cb (2.7MB)
[08:42:53.433] Files read. Count: 66
[08:42:53.433] Calling pai.updateCloudDev...
[08:42:53.434] [PAI SDK] cloudServer.update called, appId: pai-preview-trae-347b2648
[08:42:53.514] [PAI SDK] Received event: reload {"url":"aipa://pai-preview-trae-347b2648.aipa-cloud.bytedance.net?type=pai","timestamp":1785631373802}
[08:42:53.515] [PAI SDK] CloudServer received reload event: {"url":"aipa://pai-preview-trae-347b2648.aipa-cloud.bytedance.net?type=pai","timestamp":1785631373802}
[08:42:53.515] [PAI SDK] reload, url = https://sd62opo6oqou1ckhsuo00.apigateway-cn-beijing.volceapi.com/?faasInstanceName=vefaas-f0vkicge-zwx1wbt5u0-d9n89r02q32a380chk30-sandbox&hash=pai-preview-trae-347b2648
[08:42:53.516] [PAI SDK] cloudServer.update response: {
  "status": "running",
  "reload": false,
  "hash": "pai-preview-trae-347b2648"
}
[08:42:53.516] Update success (pai.updateCloudDev returned)
[08:42:53.576] [PAI SDK] Received event: log {"content":"<i> [webpack-dev-middleware] wait until bundle finished: /\n","timestamp":1785631373862}
[08:42:55.113] [PAI SDK] Received event: log {"content":"✅  编译成功 8/2/2026, 8:42:55 AM\n\n","timestamp":1785631375400}
[08:48:25.633] File change detected. Updating...
[08:48:25.641] readProjectFiles, Found 67 files to read.
[Preview Server] 以下文件超过 2MB 已跳过（微信小程序单分包限制为 2MB，大文件建议使用 CDN 加载）:
  .swc\plugins\v7_windows_x86_64_0.104.8\7175c2f701c258997803d93e6e53a285d375ab2d784ed9f0357fc9c4363590cb (2.7MB)
[08:48:25.661] Files read. Count: 66
[08:48:25.661] Calling pai.updateCloudDev...
[08:48:25.662] [PAI SDK] cloudServer.update called, appId: pai-preview-trae-347b2648
[08:48:25.747] [PAI SDK] Received event: reload {"url":"aipa://pai-preview-trae-347b2648.aipa-cloud.bytedance.net?type=pai","timestamp":1785631706034}
[08:48:25.748] [PAI SDK] CloudServer received reload event: {"url":"aipa://pai-preview-trae-347b2648.aipa-cloud.bytedance.net?type=pai","timestamp":1785631706034}
[08:48:25.748] [PAI SDK] reload, url = https://sd62opo6oqou1ckhsuo00.apigateway-cn-beijing.volceapi.com/?faasInstanceName=vefaas-f0vkicge-zwx1wbt5u0-d9n89r02q32a380chk30-sandbox&hash=pai-preview-trae-347b2648
[08:48:25.748] [PAI SDK] cloudServer.update response: {
  "status": "running",
  "reload": false,
  "hash": "pai-preview-trae-347b2648"
}
[08:48:25.749] Update success (pai.updateCloudDev returned)
[08:48:25.812] [PAI SDK] Received event: log {"content":"<i> [webpack-dev-middleware] wait until bundle finished: /\n","timestamp":1785631706099}
[08:48:28.818] [PAI SDK] Received event: log {"content":"✅  编译成功 8/2/2026, 8:48:29 AM\n\n","timestamp":1785631709105}
[08:51:43.165] File change detected. Updating...
[08:51:43.185] readProjectFiles, Found 67 files to read.
[Preview Server] 以下文件超过 2MB 已跳过（微信小程序单分包限制为 2MB，大文件建议使用 CDN 加载）:
  .swc\plugins\v7_windows_x86_64_0.104.8\7175c2f701c258997803d93e6e53a285d375ab2d784ed9f0357fc9c4363590cb (2.7MB)
[08:51:43.230] Files read. Count: 66
[08:51:43.230] Calling pai.updateCloudDev...
[08:51:43.230] [PAI SDK] cloudServer.update called, appId: pai-preview-trae-347b2648
[08:51:43.343] [PAI SDK] Received event: reload {"url":"aipa://pai-preview-trae-347b2648.aipa-cloud.bytedance.net?type=pai","timestamp":1785631903623}
[08:51:43.344] [PAI SDK] CloudServer received reload event: {"url":"aipa://pai-preview-trae-347b2648.aipa-cloud.bytedance.net?type=pai","timestamp":1785631903623}
[08:51:43.344] [PAI SDK] reload, url = https://sd62opo6oqou1ckhsuo00.apigateway-cn-beijing.volceapi.com/?faasInstanceName=vefaas-f0vkicge-zwx1wbt5u0-d9n89r02q32a380chk30-sandbox&hash=pai-preview-trae-347b2648
[08:51:43.345] [PAI SDK] cloudServer.update response: {
  "status": "running",
  "reload": false,
  "hash": "pai-preview-trae-347b2648"
}
[08:51:43.345] Update success (pai.updateCloudDev returned)
[08:51:43.417] [PAI SDK] Received event: log {"content":"<i> [webpack-dev-middleware] wait until bundle finished: /\n","timestamp":1785631903699}
[08:51:44.976] [PAI SDK] Received event: log {"content":"✅  编译成功 8/2/2026, 8:51:45 AM\n\n","timestamp":1785631905263}
[08:54:08.165] File change detected. Updating...
[08:54:08.181] readProjectFiles, Found 67 files to read.
[Preview Server] 以下文件超过 2MB 已跳过（微信小程序单分包限制为 2MB，大文件建议使用 CDN 加载）:
  .swc\plugins\v7_windows_x86_64_0.104.8\7175c2f701c258997803d93e6e53a285d375ab2d784ed9f0357fc9c4363590cb (2.7MB)
[08:54:08.232] Files read. Count: 66
[08:54:08.233] Calling pai.updateCloudDev...
[08:54:08.233] [PAI SDK] cloudServer.update called, appId: pai-preview-trae-347b2648
[08:54:08.316] [PAI SDK] Received event: reload {"url":"aipa://pai-preview-trae-347b2648.aipa-cloud.bytedance.net?type=pai","timestamp":1785632048603}
[08:54:08.317] [PAI SDK] CloudServer received reload event: {"url":"aipa://pai-preview-trae-347b2648.aipa-cloud.bytedance.net?type=pai","timestamp":1785632048603}
[08:54:08.317] [PAI SDK] reload, url = https://sd62opo6oqou1ckhsuo00.apigateway-cn-beijing.volceapi.com/?faasInstanceName=vefaas-f0vkicge-zwx1wbt5u0-d9n89r02q32a380chk30-sandbox&hash=pai-preview-trae-347b2648
[08:54:08.318] [PAI SDK] cloudServer.update response: {
  "status": "running",
  "reload": false,
  "hash": "pai-preview-trae-347b2648"
}
[08:54:08.318] Update success (pai.updateCloudDev returned)
[08:54:08.387] [PAI SDK] Received event: log {"content":"<i> [webpack-dev-middleware] wait until bundle finished: /\n","timestamp":1785632048674}
[08:54:10.046] [PAI SDK] Received event: log {"content":"✅  编译成功 8/2/2026, 8:54:10 AM\n\n","timestamp":1785632050333}
[09:10:00.727] File change detected. Updating...
[09:10:00.736] readProjectFiles, Found 67 files to read.
[Preview Server] 以下文件超过 2MB 已跳过（微信小程序单分包限制为 2MB，大文件建议使用 CDN 加载）:
  .swc\plugins\v7_windows_x86_64_0.104.8\7175c2f701c258997803d93e6e53a285d375ab2d784ed9f0357fc9c4363590cb (2.7MB)
[09:10:00.758] Files read. Count: 66
[09:10:00.758] Calling pai.updateCloudDev...
[09:10:00.758] [PAI SDK] cloudServer.update called, appId: pai-preview-trae-347b2648
[09:10:00.845] [PAI SDK] Received event: reload {"url":"aipa://pai-preview-trae-347b2648.aipa-cloud.bytedance.net?type=pai","timestamp":1785633001125}
[09:10:00.845] [PAI SDK] CloudServer received reload event: {"url":"aipa://pai-preview-trae-347b2648.aipa-cloud.bytedance.net?type=pai","timestamp":1785633001125}
[09:10:00.845] [PAI SDK] reload, url = https://sd62opo6oqou1ckhsuo00.apigateway-cn-beijing.volceapi.com/?faasInstanceName=vefaas-f0vkicge-zwx1wbt5u0-d9n89r02q32a380chk30-sandbox&hash=pai-preview-trae-347b2648
[09:10:00.846] [PAI SDK] cloudServer.update response: {
  "status": "running",
  "reload": false,
  "hash": "pai-preview-trae-347b2648"
}
[09:10:00.846] Update success (pai.updateCloudDev returned)
[09:10:00.920] [PAI SDK] Received event: log {"content":"<i> [webpack-dev-middleware] wait until bundle finished: /\n","timestamp":1785633001197}
[09:10:02.482] [PAI SDK] Received event: log {"content":"✅  编译成功 8/2/2026, 9:10:02 AM\n\n","timestamp":1785633002766}
[11:05:27.138] [PAI SDK] WebSocket closed, reconnecting (1/3)...
[11:05:37.343] [Global WebSocket] Suppressed error to prevent crash: Unexpected server response: 404
[11:05:37.343] [PAI SDK] WebSocket closed, reconnecting (1/3)...
[11:05:47.665] [Global WebSocket] Suppressed error to prevent crash: Unexpected server response: 404
[11:05:47.665] [PAI SDK] WebSocket closed, reconnecting (1/3)...
[11:05:57.856] [Global WebSocket] Suppressed error to prevent crash: Unexpected server response: 404
[11:05:57.856] [PAI SDK] WebSocket closed, reconnecting (1/3)...
[11:06:08.178] [Global WebSocket] Suppressed error to prevent crash: Unexpected server response: 404
[11:06:08.179] [PAI SDK] WebSocket closed, reconnecting (1/3)...
[11:06:18.358] [Global WebSocket] Suppressed error to prevent crash: Unexpected server response: 404
[11:06:18.358] [PAI SDK] WebSocket closed, reconnecting (1/3)...
[11:06:28.763] [Global WebSocket] Suppressed error to prevent crash: Unexpected server response: 404
[11:06:28.763] [PAI SDK] WebSocket closed, reconnecting (1/3)...
[11:06:38.953] [Global WebSocket] Suppressed error to prevent crash: Unexpected server response: 404
[11:06:38.953] [PAI SDK] WebSocket closed, reconnecting (1/3)...
[11:06:49.236] [Global WebSocket] Suppressed error to prevent crash: Unexpected server response: 404
[11:06:49.237] [PAI SDK] WebSocket closed, reconnecting (1/3)...
[11:06:59.439] [Global WebSocket] Suppressed error to prevent crash: Unexpected server response: 404
[11:06:59.440] [PAI SDK] WebSocket closed, reconnecting (1/3)...
[11:07:09.755] [Global WebSocket] Suppressed error to prevent crash: Unexpected server response: 404
[11:07:09.756] [PAI SDK] WebSocket closed, reconnecting (1/3)...
[11:07:19.955] [Global WebSocket] Suppressed error to prevent crash: Unexpected server response: 404
[11:07:19.955] [PAI SDK] WebSocket closed, reconnecting (1/3)...
[11:07:30.200] [Global WebSocket] Suppressed error to prevent crash: Unexpected server response: 404
[11:07:30.201] [PAI SDK] WebSocket closed, reconnecting (1/3)...
[11:07:40.405] [Global WebSocket] Suppressed error to prevent crash: Unexpected server response: 404
[11:07:40.405] [PAI SDK] WebSocket closed, reconnecting (1/3)...
[11:07:50.710] [Global WebSocket] Suppressed error to prevent crash: Unexpected server response: 404
[11:07:50.711] [PAI SDK] WebSocket closed, reconnecting (1/3)...
[11:08:00.910] [Global WebSocket] Suppressed error to prevent crash: Unexpected server response: 404
[11:08:00.911] [PAI SDK] WebSocket closed, reconnecting (1/3)...
[11:08:11.273] [Global WebSocket] Suppressed error to prevent crash: Unexpected server response: 404
[11:08:11.274] [PAI SDK] WebSocket closed, reconnecting (1/3)...
[11:08:21.469] [Global WebSocket] Suppressed error to prevent crash: Unexpected server response: 404
[11:08:21.469] [PAI SDK] WebSocket closed, reconnecting (1/3)...
[11:08:31.785] [Global WebSocket] Suppressed error to prevent crash: Unexpected server response: 404
[11:08:31.785] [PAI SDK] WebSocket closed, reconnecting (1/3)...
[11:08:41.970] [Global WebSocket] Suppressed error to prevent crash: Unexpected server response: 404
[11:08:41.970] [PAI SDK] WebSocket closed, reconnecting (1/3)...
[11:08:52.275] [Global WebSocket] Suppressed error to prevent crash: Unexpected server response: 404
[11:08:52.275] [PAI SDK] WebSocket closed, reconnecting (1/3)...
[11:09:02.467] [Global WebSocket] Suppressed error to prevent crash: Unexpected server response: 404
[11:09:02.468] [PAI SDK] WebSocket closed, reconnecting (1/3)...
[11:09:12.779] [Global WebSocket] Suppressed error to prevent crash: Unexpected server response: 404
[11:09:12.782] [PAI SDK] WebSocket closed, reconnecting (1/3)...
[11:09:22.977] [Global WebSocket] Suppressed error to prevent crash: Unexpected server response: 404
[11:09:22.978] [PAI SDK] WebSocket closed, reconnecting (1/3)...
[11:09:33.259] [Global WebSocket] Suppressed error to prevent crash: Unexpected server response: 404
[11:09:33.260] [PAI SDK] WebSocket closed, reconnecting (1/3)...
[11:09:43.452] [Global WebSocket] Suppressed error to prevent crash: Unexpected server response: 404
[11:09:43.452] [PAI SDK] WebSocket closed, reconnecting (1/3)...
[11:09:53.778] [Global WebSocket] Suppressed error to prevent crash: Unexpected server response: 404
[11:09:53.778] [PAI SDK] WebSocket closed, reconnecting (1/3)...
[11:10:03.988] [Global WebSocket] Suppressed error to prevent crash: Unexpected server response: 404
[11:10:03.989] [PAI SDK] WebSocket closed, reconnecting (1/3)...
[11:10:14.334] [Global WebSocket] Suppressed error to prevent crash: Unexpected server response: 404
[11:10:14.335] [PAI SDK] WebSocket closed, reconnecting (1/3)...
[11:10:24.519] [Global WebSocket] Suppressed error to prevent crash: Unexpected server response: 404
[11:10:24.520] [PAI SDK] WebSocket closed, reconnecting (1/3)...
[11:10:34.792] [Global WebSocket] Suppressed error to prevent crash: Unexpected server response: 404
[11:10:34.793] [PAI SDK] WebSocket closed, reconnecting (1/3)...
[11:10:44.995] [Global WebSocket] Suppressed error to prevent crash: Unexpected server response: 404
[11:10:44.996] [PAI SDK] WebSocket closed, reconnecting (1/3)...
[11:10:55.291] [Global WebSocket] Suppressed error to prevent crash: Unexpected server response: 404
[11:10:55.291] [PAI SDK] WebSocket closed, reconnecting (1/3)...
[11:11:05.486] [Global WebSocket] Suppressed error to prevent crash: Unexpected server response: 404
[11:11:05.487] [PAI SDK] WebSocket closed, reconnecting (1/3)...
[11:11:15.756] [Global WebSocket] Suppressed error to prevent crash: Unexpected server response: 404
[11:11:15.756] [PAI SDK] WebSocket closed, reconnecting (1/3)...
[11:11:25.948] [Global WebSocket] Suppressed error to prevent crash: Unexpected server response: 404
[11:11:25.949] [PAI SDK] WebSocket closed, reconnecting (1/3)...
[11:11:36.296] [Global WebSocket] Suppressed error to prevent crash: Unexpected server response: 404
[11:11:36.297] [PAI SDK] WebSocket closed, reconnecting (1/3)...
[11:11:46.527] [Global WebSocket] Suppressed error to prevent crash: Unexpected server response: 404
[11:11:46.528] [PAI SDK] WebSocket closed, reconnecting (1/3)...
[11:11:56.858] [Global WebSocket] Suppressed error to prevent crash: Unexpected server response: 404
[11:11:56.858] [PAI SDK] WebSocket closed, reconnecting (1/3)...
[11:12:07.053] [Global WebSocket] Suppressed error to prevent crash: Unexpected server response: 404
[11:12:07.054] [PAI SDK] WebSocket closed, reconnecting (1/3)...
[11:12:17.336] [Global WebSocket] Suppressed error to prevent crash: Unexpected server response: 404
[11:12:17.337] [PAI SDK] WebSocket closed, reconnecting (1/3)...
[11:12:27.529] [Global WebSocket] Suppressed error to prevent crash: Unexpected server response: 404
[11:12:27.530] [PAI SDK] WebSocket closed, reconnecting (1/3)...
[11:12:37.807] [Global WebSocket] Suppressed error to prevent crash: Unexpected server response: 404
[11:12:37.808] [PAI SDK] WebSocket closed, reconnecting (1/3)...
[11:12:48.000] [Global WebSocket] Suppressed error to prevent crash: Unexpected server response: 404
[11:12:48.000] [PAI SDK] WebSocket closed, reconnecting (1/3)...
[11:12:58.285] [Global WebSocket] Suppressed error to prevent crash: Unexpected server response: 404
[11:12:58.286] [PAI SDK] WebSocket closed, reconnecting (1/3)...
[11:13:08.472] [Global WebSocket] Suppressed error to prevent crash: Unexpected server response: 404
[11:13:08.473] [PAI SDK] WebSocket closed, reconnecting (1/3)...
[11:13:18.766] [Global WebSocket] Suppressed error to prevent crash: Unexpected server response: 404
[11:13:18.767] [PAI SDK] WebSocket closed, reconnecting (1/3)...
[11:13:28.957] [Global WebSocket] Suppressed error to prevent crash: Unexpected server response: 404
[11:13:28.957] [PAI SDK] WebSocket closed, reconnecting (1/3)...
[11:13:39.238] [Global WebSocket] Suppressed error to prevent crash: Unexpected server response: 404
[11:13:39.238] [PAI SDK] WebSocket closed, reconnecting (1/3)...
[11:13:49.429] [Global WebSocket] Suppressed error to prevent crash: Unexpected server response: 404
[11:13:49.430] [PAI SDK] WebSocket closed, reconnecting (1/3)...
[11:13:59.666] [Global WebSocket] Suppressed error to prevent crash: Unexpected server response: 404
[11:13:59.666] [PAI SDK] WebSocket closed, reconnecting (1/3)...
[11:14:09.864] [Global WebSocket] Suppressed error to prevent crash: Unexpected server response: 404
[11:14:09.865] [PAI SDK] WebSocket closed, reconnecting (1/3)...
[11:14:20.056] [Global WebSocket] Suppressed error to prevent crash: Unexpected server response: 404
[11:14:20.057] [PAI SDK] WebSocket closed, reconnecting (1/3)...
[11:14:30.255] [Global WebSocket] Suppressed error to prevent crash: Unexpected server response: 404
[11:14:30.256] [PAI SDK] WebSocket closed, reconnecting (1/3)...
[11:14:40.445] [Global WebSocket] Suppressed error to prevent crash: Unexpected server response: 404
[11:14:40.445] [PAI SDK] WebSocket closed, reconnecting (1/3)...
[11:14:50.647] [Global WebSocket] Suppressed error to prevent crash: Unexpected server response: 404
[11:14:50.648] [PAI SDK] WebSocket closed, reconnecting (1/3)...
[11:15:00.853] [Global WebSocket] Suppressed error to prevent crash: Unexpected server response: 404
[11:15:00.854] [PAI SDK] WebSocket closed, reconnecting (1/3)...
[11:15:11.047] [Global WebSocket] Suppressed error to prevent crash: Unexpected server response: 404
[11:15:11.048] [PAI SDK] WebSocket closed, reconnecting (1/3)...
[11:15:21.246] [Global WebSocket] Suppressed error to prevent crash: Unexpected server response: 404
[11:15:21.247] [PAI SDK] WebSocket closed, reconnecting (1/3)...
[11:15:31.432] [Global WebSocket] Suppressed error to prevent crash: Unexpected server response: 404
[11:15:31.432] [PAI SDK] WebSocket closed, reconnecting (1/3)...
[11:15:41.635] [Global WebSocket] Suppressed error to prevent crash: Unexpected server response: 404
[11:15:41.636] [PAI SDK] WebSocket closed, reconnecting (1/3)...
[11:15:51.818] [Global WebSocket] Suppressed error to prevent crash: Unexpected server response: 404
[11:15:51.818] [PAI SDK] WebSocket closed, reconnecting (1/3)...
[11:16:02.011] [Global WebSocket] Suppressed error to prevent crash: Unexpected server response: 404
[11:16:02.012] [PAI SDK] WebSocket closed, reconnecting (1/3)...
[11:16:12.202] [Global WebSocket] Suppressed error to prevent crash: Unexpected server response: 404
[11:16:12.202] [PAI SDK] WebSocket closed, reconnecting (1/3)...
[11:16:22.385] [Global WebSocket] Suppressed error to prevent crash: Unexpected server response: 404
[11:16:22.386] [PAI SDK] WebSocket closed, reconnecting (1/3)...
[11:16:32.582] [Global WebSocket] Suppressed error to prevent crash: Unexpected server response: 404
[11:16:32.583] [PAI SDK] WebSocket closed, reconnecting (1/3)...
[11:16:42.796] [Global WebSocket] Suppressed error to prevent crash: Unexpected server response: 404
[11:16:42.796] [PAI SDK] WebSocket closed, reconnecting (1/3)...
[11:16:52.989] [Global WebSocket] Suppressed error to prevent crash: Unexpected server response: 404
[11:16:52.990] [PAI SDK] WebSocket closed, reconnecting (1/3)...
[11:17:03.184] [Global WebSocket] Suppressed error to prevent crash: Unexpected server response: 404
[11:17:03.184] [PAI SDK] WebSocket closed, reconnecting (1/3)...
[11:17:13.373] [Global WebSocket] Suppressed error to prevent crash: Unexpected server response: 404
[11:17:13.374] [PAI SDK] WebSocket closed, reconnecting (1/3)...
[11:17:23.579] [Global WebSocket] Suppressed error to prevent crash: Unexpected server response: 404
[11:17:23.579] [PAI SDK] WebSocket closed, reconnecting (1/3)...
[11:17:33.779] [Global WebSocket] Suppressed error to prevent crash: Unexpected server response: 404
[11:17:33.780] [PAI SDK] WebSocket closed, reconnecting (1/3)...
[11:17:43.964] [Global WebSocket] Suppressed error to prevent crash: Unexpected server response: 404
[11:17:43.964] [PAI SDK] WebSocket closed, reconnecting (1/3)...
[11:17:54.158] [Global WebSocket] Suppressed error to prevent crash: Unexpected server response: 404
[11:17:54.159] [PAI SDK] WebSocket closed, reconnecting (1/3)...
[11:18:04.354] [Global WebSocket] Suppressed error to prevent crash: Unexpected server response: 404
[11:18:04.355] [PAI SDK] WebSocket closed, reconnecting (1/3)...
[11:18:14.559] [Global WebSocket] Suppressed error to prevent crash: Unexpected server response: 404
[11:18:14.559] [PAI SDK] WebSocket closed, reconnecting (1/3)...
[11:18:24.767] [Global WebSocket] Suppressed error to prevent crash: Unexpected server response: 404
[11:18:24.768] [PAI SDK] WebSocket closed, reconnecting (1/3)...
[11:18:34.949] [Global WebSocket] Suppressed error to prevent crash: Unexpected server response: 404
[11:18:34.949] [PAI SDK] WebSocket closed, reconnecting (1/3)...
[11:18:45.142] [Global WebSocket] Suppressed error to prevent crash: Unexpected server response: 404
[11:18:45.143] [PAI SDK] WebSocket closed, reconnecting (1/3)...
[11:18:55.331] [Global WebSocket] Suppressed error to prevent crash: Unexpected server response: 404
[11:18:55.331] [PAI SDK] WebSocket closed, reconnecting (1/3)...
[11:19:05.535] [Global WebSocket] Suppressed error to prevent crash: Unexpected server response: 404
[11:19:05.535] [PAI SDK] WebSocket closed, reconnecting (1/3)...
[11:19:15.730] [Global WebSocket] Suppressed error to prevent crash: Unexpected server response: 404
[11:19:15.731] [PAI SDK] WebSocket closed, reconnecting (1/3)...
[11:19:25.946] [Global WebSocket] Suppressed error to prevent crash: Unexpected server response: 404
[11:19:25.947] [PAI SDK] WebSocket closed, reconnecting (1/3)...
[11:19:36.143] [Global WebSocket] Suppressed error to prevent crash: Unexpected server response: 404
[11:19:36.143] [PAI SDK] WebSocket closed, reconnecting (1/3)...
[11:19:46.328] [Global WebSocket] Suppressed error to prevent crash: Unexpected server response: 404
[11:19:46.328] [PAI SDK] WebSocket closed, reconnecting (1/3)...
[11:19:56.511] [Global WebSocket] Suppressed error to prevent crash: Unexpected server response: 404
[11:19:56.511] [PAI SDK] WebSocket closed, reconnecting (1/3)...
[11:20:06.710] [Global WebSocket] Suppressed error to prevent crash: Unexpected server response: 404
[11:20:06.711] [PAI SDK] WebSocket closed, reconnecting (1/3)...
[11:20:16.900] [Global WebSocket] Suppressed error to prevent crash: Unexpected server response: 404
[11:20:16.900] [PAI SDK] WebSocket closed, reconnecting (1/3)...
[11:20:27.108] [Global WebSocket] Suppressed error to prevent crash: Unexpected server response: 404
[11:20:27.108] [PAI SDK] WebSocket closed, reconnecting (1/3)...
[11:20:37.309] [Global WebSocket] Suppressed error to prevent crash: Unexpected server response: 404
[11:20:37.309] [PAI SDK] WebSocket closed, reconnecting (1/3)...
[11:20:47.501] [Global WebSocket] Suppressed error to prevent crash: Unexpected server response: 404
[11:20:47.501] [PAI SDK] WebSocket closed, reconnecting (1/3)...
[11:20:57.691] [Global WebSocket] Suppressed error to prevent crash: Unexpected server response: 404
[11:20:57.692] [PAI SDK] WebSocket closed, reconnecting (1/3)...
[11:21:07.898] [Global WebSocket] Suppressed error to prevent crash: Unexpected server response: 404
[11:21:07.899] [PAI SDK] WebSocket closed, reconnecting (1/3)...
[11:21:18.083] [Global WebSocket] Suppressed error to prevent crash: Unexpected server response: 404
[11:21:18.084] [PAI SDK] WebSocket closed, reconnecting (1/3)...
[11:21:28.292] [Global WebSocket] Suppressed error to prevent crash: Unexpected server response: 404
[11:21:28.293] [PAI SDK] WebSocket closed, reconnecting (1/3)...
[11:21:38.495] [Global WebSocket] Suppressed error to prevent crash: Unexpected server response: 404
[11:21:38.496] [PAI SDK] WebSocket closed, reconnecting (1/3)...
[11:21:48.692] [Global WebSocket] Suppressed error to prevent crash: Unexpected server response: 404
[11:21:48.692] [PAI SDK] WebSocket closed, reconnecting (1/3)...
[11:21:58.887] [Global WebSocket] Suppressed error to prevent crash: Unexpected server response: 404
[11:21:58.888] [PAI SDK] WebSocket closed, reconnecting (1/3)...
[11:22:09.081] [Global WebSocket] Suppressed error to prevent crash: Unexpected server response: 404
[11:22:09.082] [PAI SDK] WebSocket closed, reconnecting (1/3)...
[11:22:19.279] [Global WebSocket] Suppressed error to prevent crash: Unexpected server response: 404
[11:22:19.280] [PAI SDK] WebSocket closed, reconnecting (1/3)...
[11:22:29.477] [Global WebSocket] Suppressed error to prevent crash: Unexpected server response: 404
[11:22:29.478] [PAI SDK] WebSocket closed, reconnecting (1/3)...
[11:22:39.678] [Global WebSocket] Suppressed error to prevent crash: Unexpected server response: 404
[11:22:39.679] [PAI SDK] WebSocket closed, reconnecting (1/3)...
[11:22:49.865] [Global WebSocket] Suppressed error to prevent crash: Unexpected server response: 404
[11:22:49.865] [PAI SDK] WebSocket closed, reconnecting (1/3)...
[11:23:00.062] [Global WebSocket] Suppressed error to prevent crash: Unexpected server response: 404
[11:23:00.062] [PAI SDK] WebSocket closed, reconnecting (1/3)...
[11:23:10.274] [Global WebSocket] Suppressed error to prevent crash: Unexpected server response: 404
[11:23:10.275] [PAI SDK] WebSocket closed, reconnecting (1/3)...
[11:23:20.458] [Global WebSocket] Suppressed error to prevent crash: Unexpected server response: 404
[11:23:20.459] [PAI SDK] WebSocket closed, reconnecting (1/3)...
[11:23:30.663] [Global WebSocket] Suppressed error to prevent crash: Unexpected server response: 404
[11:23:30.664] [PAI SDK] WebSocket closed, reconnecting (1/3)...
[11:23:40.877] [Global WebSocket] Suppressed error to prevent crash: Unexpected server response: 404
[11:23:40.878] [PAI SDK] WebSocket closed, reconnecting (1/3)...
[11:23:51.068] [Global WebSocket] Suppressed error to prevent crash: Unexpected server response: 404
[11:23:51.069] [PAI SDK] WebSocket closed, reconnecting (1/3)...
[11:24:01.260] [Global WebSocket] Suppressed error to prevent crash: Unexpected server response: 404
[11:24:01.260] [PAI SDK] WebSocket closed, reconnecting (1/3)...
[11:24:11.458] [Global WebSocket] Suppressed error to prevent crash: Unexpected server response: 404
[11:24:11.459] [PAI SDK] WebSocket closed, reconnecting (1/3)...
[11:24:21.665] [Global WebSocket] Suppressed error to prevent crash: Unexpected server response: 404
[11:24:21.665] [PAI SDK] WebSocket closed, reconnecting (1/3)...
[11:24:31.878] [Global WebSocket] Suppressed error to prevent crash: Unexpected server response: 404
[11:24:31.879] [PAI SDK] WebSocket closed, reconnecting (1/3)...
[11:24:42.176] [Global WebSocket] Suppressed error to prevent crash: Unexpected server response: 404
[11:24:42.176] [PAI SDK] WebSocket closed, reconnecting (1/3)...
[11:24:52.366] [Global WebSocket] Suppressed error to prevent crash: Unexpected server response: 404
[11:24:52.366] [PAI SDK] WebSocket closed, reconnecting (1/3)...
[11:25:02.566] [Global WebSocket] Suppressed error to prevent crash: Unexpected server response: 404
[11:25:02.566] [PAI SDK] WebSocket closed, reconnecting (1/3)...
[11:25:12.848] [Global WebSocket] Suppressed error to prevent crash: Unexpected server response: 404
[11:25:12.849] [PAI SDK] WebSocket closed, reconnecting (1/3)...
[11:25:23.037] [Global WebSocket] Suppressed error to prevent crash: Unexpected server response: 404
[11:25:23.037] [PAI SDK] WebSocket closed, reconnecting (1/3)...
[11:25:33.348] [Global WebSocket] Suppressed error to prevent crash: Unexpected server response: 404
[11:25:33.348] [PAI SDK] WebSocket closed, reconnecting (1/3)...
[11:25:43.568] [Global WebSocket] Suppressed error to prevent crash: Unexpected server response: 404
[11:25:43.569] [PAI SDK] WebSocket closed, reconnecting (1/3)...
[11:25:53.846] [Global WebSocket] Suppressed error to prevent crash: Unexpected server response: 404
[11:25:53.846] [PAI SDK] WebSocket closed, reconnecting (1/3)...
[11:26:04.064] [Global WebSocket] Suppressed error to prevent crash: Unexpected server response: 404
[11:26:04.064] [PAI SDK] WebSocket closed, reconnecting (1/3)...
[11:26:14.262] [Global WebSocket] Suppressed error to prevent crash: Unexpected server response: 404
[11:26:14.263] [PAI SDK] WebSocket closed, reconnecting (1/3)...
[11:26:24.492] [Global WebSocket] Suppressed error to prevent crash: Unexpected server response: 404
[11:26:24.493] [PAI SDK] WebSocket closed, reconnecting (1/3)...
[11:26:34.681] [Global WebSocket] Suppressed error to prevent crash: Unexpected server response: 404
[11:26:34.682] [PAI SDK] WebSocket closed, reconnecting (1/3)...
[11:26:44.883] [Global WebSocket] Suppressed error to prevent crash: Unexpected server response: 404
[11:26:44.884] [PAI SDK] WebSocket closed, reconnecting (1/3)...
[11:26:55.084] [Global WebSocket] Suppressed error to prevent crash: Unexpected server response: 404
[11:26:55.084] [PAI SDK] WebSocket closed, reconnecting (1/3)...
[11:27:05.283] [Global WebSocket] Suppressed error to prevent crash: Unexpected server response: 404
[11:27:05.284] [PAI SDK] WebSocket closed, reconnecting (1/3)...
[11:27:15.470] [Global WebSocket] Suppressed error to prevent crash: Unexpected server response: 404
[11:27:15.470] [PAI SDK] WebSocket closed, reconnecting (1/3)...
[11:27:25.671] [Global WebSocket] Suppressed error to prevent crash: Unexpected server response: 404
[11:27:25.672] [PAI SDK] WebSocket closed, reconnecting (1/3)...
[11:27:35.870] [Global WebSocket] Suppressed error to prevent crash: Unexpected server response: 404
[11:27:35.871] [PAI SDK] WebSocket closed, reconnecting (1/3)...
[11:27:46.069] [Global WebSocket] Suppressed error to prevent crash: Unexpected server response: 404
[11:27:46.069] [PAI SDK] WebSocket closed, reconnecting (1/3)...
[11:27:56.268] [Global WebSocket] Suppressed error to prevent crash: Unexpected server response: 404
[11:27:56.269] [PAI SDK] WebSocket closed, reconnecting (1/3)...
[11:28:06.471] [Global WebSocket] Suppressed error to prevent crash: Unexpected server response: 404
[11:28:06.471] [PAI SDK] WebSocket closed, reconnecting (1/3)...
[11:28:16.681] [Global WebSocket] Suppressed error to prevent crash: Unexpected server response: 404
[11:28:16.682] [PAI SDK] WebSocket closed, reconnecting (1/3)...
[11:28:26.871] [Global WebSocket] Suppressed error to prevent crash: Unexpected server response: 404
[11:28:26.871] [PAI SDK] WebSocket closed, reconnecting (1/3)...
[11:28:37.068] [Global WebSocket] Suppressed error to prevent crash: Unexpected server response: 404
[11:28:37.069] [PAI SDK] WebSocket closed, reconnecting (1/3)...
[11:28:47.269] [Global WebSocket] Suppressed error to prevent crash: Unexpected server response: 404
[11:28:47.269] [PAI SDK] WebSocket closed, reconnecting (1/3)...
[11:28:57.443] [Global WebSocket] Suppressed error to prevent crash: Unexpected server response: 404
[11:28:57.444] [PAI SDK] WebSocket closed, reconnecting (1/3)...
[11:29:07.639] [Global WebSocket] Suppressed error to prevent crash: Unexpected server response: 404
[11:29:07.640] [PAI SDK] WebSocket closed, reconnecting (1/3)...
[11:29:17.829] [Global WebSocket] Suppressed error to prevent crash: Unexpected server response: 404
[11:29:17.830] [PAI SDK] WebSocket closed, reconnecting (1/3)...
[11:29:28.020] [Global WebSocket] Suppressed error to prevent crash: Unexpected server response: 404
[11:29:28.021] [PAI SDK] WebSocket closed, reconnecting (1/3)...
[11:29:38.209] [Global WebSocket] Suppressed error to prevent crash: Unexpected server response: 404
[11:29:38.209] [PAI SDK] WebSocket closed, reconnecting (1/3)...
[11:29:48.410] [Global WebSocket] Suppressed error to prevent crash: Unexpected server response: 404
[11:29:48.410] [PAI SDK] WebSocket closed, reconnecting (1/3)...
[11:29:58.610] [Global WebSocket] Suppressed error to prevent crash: Unexpected server response: 404
[11:29:58.611] [PAI SDK] WebSocket closed, reconnecting (1/3)...
[11:30:08.803] [Global WebSocket] Suppressed error to prevent crash: Unexpected server response: 404
[11:30:08.804] [PAI SDK] WebSocket closed, reconnecting (1/3)...
[11:30:18.989] [Global WebSocket] Suppressed error to prevent crash: Unexpected server response: 404
[11:30:18.989] [PAI SDK] WebSocket closed, reconnecting (1/3)...
[11:30:29.186] [Global WebSocket] Suppressed error to prevent crash: Unexpected server response: 404
[11:30:29.186] [PAI SDK] WebSocket closed, reconnecting (1/3)...
[11:30:39.396] [Global WebSocket] Suppressed error to prevent crash: Unexpected server response: 404
[11:30:39.396] [PAI SDK] WebSocket closed, reconnecting (1/3)...
[11:30:49.598] [Global WebSocket] Suppressed error to prevent crash: Unexpected server response: 404
[11:30:49.598] [PAI SDK] WebSocket closed, reconnecting (1/3)...
[11:30:59.807] [Global WebSocket] Suppressed error to prevent crash: Unexpected server response: 404
[11:30:59.808] [PAI SDK] WebSocket closed, reconnecting (1/3)...
[11:31:10.000] [Global WebSocket] Suppressed error to prevent crash: Unexpected server response: 404
[11:31:10.001] [PAI SDK] WebSocket closed, reconnecting (1/3)...
[11:31:20.196] [Global WebSocket] Suppressed error to prevent crash: Unexpected server response: 404
[11:31:20.197] [PAI SDK] WebSocket closed, reconnecting (1/3)...
[11:31:30.393] [Global WebSocket] Suppressed error to prevent crash: Unexpected server response: 404
[11:31:30.393] [PAI SDK] WebSocket closed, reconnecting (1/3)...
[11:31:40.592] [Global WebSocket] Suppressed error to prevent crash: Unexpected server response: 404
[11:31:40.593] [PAI SDK] WebSocket closed, reconnecting (1/3)...
[11:31:50.784] [Global WebSocket] Suppressed error to prevent crash: Unexpected server response: 404
[11:31:50.785] [PAI SDK] WebSocket closed, reconnecting (1/3)...
[11:32:01.000] [Global WebSocket] Suppressed error to prevent crash: Unexpected server response: 404
[11:32:01.000] [PAI SDK] WebSocket closed, reconnecting (1/3)...
[11:32:11.192] [Global WebSocket] Suppressed error to prevent crash: Unexpected server response: 404
[11:32:11.193] [PAI SDK] WebSocket closed, reconnecting (1/3)...
[11:32:21.393] [Global WebSocket] Suppressed error to prevent crash: Unexpected server response: 404
[11:32:21.394] [PAI SDK] WebSocket closed, reconnecting (1/3)...
[11:32:31.582] [Global WebSocket] Suppressed error to prevent crash: Unexpected server response: 404
[11:32:31.582] [PAI SDK] WebSocket closed, reconnecting (1/3)...
[11:32:41.777] [Global WebSocket] Suppressed error to prevent crash: Unexpected server response: 404
[11:32:41.778] [PAI SDK] WebSocket closed, reconnecting (1/3)...
[11:32:51.973] [Global WebSocket] Suppressed error to prevent crash: Unexpected server response: 404
[11:32:51.974] [PAI SDK] WebSocket closed, reconnecting (1/3)...
[11:33:02.178] [Global WebSocket] Suppressed error to prevent crash: Unexpected server response: 404
[11:33:02.178] [PAI SDK] WebSocket closed, reconnecting (1/3)...
[11:33:12.374] [Global WebSocket] Suppressed error to prevent crash: Unexpected server response: 404
[11:33:12.374] [PAI SDK] WebSocket closed, reconnecting (1/3)...
[11:33:22.570] [Global WebSocket] Suppressed error to prevent crash: Unexpected server response: 404
[11:33:22.570] [PAI SDK] WebSocket closed, reconnecting (1/3)...
[11:33:32.815] [Global WebSocket] Suppressed error to prevent crash: Unexpected server response: 404
[11:33:32.816] [PAI SDK] WebSocket closed, reconnecting (1/3)...
[11:33:43.016] [Global WebSocket] Suppressed error to prevent crash: Unexpected server response: 404
[11:33:43.016] [PAI SDK] WebSocket closed, reconnecting (1/3)...
[11:33:53.228] [Global WebSocket] Suppressed error to prevent crash: Unexpected server response: 404
[11:33:53.229] [PAI SDK] WebSocket closed, reconnecting (1/3)...
[11:34:03.422] [Global WebSocket] Suppressed error to prevent crash: Unexpected server response: 404
[11:34:03.422] [PAI SDK] WebSocket closed, reconnecting (1/3)...
[11:34:13.715] [Global WebSocket] Suppressed error to prevent crash: Unexpected server response: 404
[11:34:13.715] [PAI SDK] WebSocket closed, reconnecting (1/3)...
[11:34:23.924] [Global WebSocket] Suppressed error to prevent crash: Unexpected server response: 404
[11:34:23.924] [PAI SDK] WebSocket closed, reconnecting (1/3)...
[11:34:34.243] [Global WebSocket] Suppressed error to prevent crash: Unexpected server response: 404
[11:34:34.243] [PAI SDK] WebSocket closed, reconnecting (1/3)...
[11:34:44.435] [Global WebSocket] Suppressed error to prevent crash: Unexpected server response: 404
[11:34:44.436] [PAI SDK] WebSocket closed, reconnecting (1/3)...
[11:34:54.791] [Global WebSocket] Suppressed error to prevent crash: Unexpected server response: 404
[11:34:54.791] [PAI SDK] WebSocket closed, reconnecting (1/3)...
[11:35:04.976] [Global WebSocket] Suppressed error to prevent crash: Unexpected server response: 404
[11:35:04.977] [PAI SDK] WebSocket closed, reconnecting (1/3)...
[11:35:15.243] [Global WebSocket] Suppressed error to prevent crash: Unexpected server response: 404
[11:35:15.244] [PAI SDK] WebSocket closed, reconnecting (1/3)...
[11:35:25.425] [Global WebSocket] Suppressed error to prevent crash: Unexpected server response: 404
[11:35:25.425] [PAI SDK] WebSocket closed, reconnecting (1/3)...
[11:35:35.684] [Global WebSocket] Suppressed error to prevent crash: Unexpected server response: 404
[11:35:35.684] [PAI SDK] WebSocket closed, reconnecting (1/3)...
[11:35:45.880] [Global WebSocket] Suppressed error to prevent crash: Unexpected server response: 404
[11:35:45.880] [PAI SDK] WebSocket closed, reconnecting (1/3)...
[11:35:56.150] [Global WebSocket] Suppressed error to prevent crash: Unexpected server response: 404
[11:35:56.151] [PAI SDK] WebSocket closed, reconnecting (1/3)...
[11:36:06.344] [Global WebSocket] Suppressed error to prevent crash: Unexpected server response: 404
[11:36:06.345] [PAI SDK] WebSocket closed, reconnecting (1/3)...
[11:36:16.615] [Global WebSocket] Suppressed error to prevent crash: Unexpected server response: 404
[11:36:16.615] [PAI SDK] WebSocket closed, reconnecting (1/3)...
[11:36:26.801] [Global WebSocket] Suppressed error to prevent crash: Unexpected server response: 404
[11:36:26.802] [PAI SDK] WebSocket closed, reconnecting (1/3)...
[11:36:37.090] [Global WebSocket] Suppressed error to prevent crash: Unexpected server response: 404
[11:36:37.091] [PAI SDK] WebSocket closed, reconnecting (1/3)...
[11:36:47.288] [Global WebSocket] Suppressed error to prevent crash: Unexpected server response: 404
[11:36:47.289] [PAI SDK] WebSocket closed, reconnecting (1/3)...
[11:36:57.573] [Global WebSocket] Suppressed error to prevent crash: Unexpected server response: 404
[11:36:57.574] [PAI SDK] WebSocket closed, reconnecting (1/3)...
[11:37:07.774] [Global WebSocket] Suppressed error to prevent crash: Unexpected server response: 404
[11:37:07.775] [PAI SDK] WebSocket closed, reconnecting (1/3)...
[11:37:18.113] [Global WebSocket] Suppressed error to prevent crash: Unexpected server response: 404
[11:37:18.113] [PAI SDK] WebSocket closed, reconnecting (1/3)...
[11:37:28.301] [Global WebSocket] Suppressed error to prevent crash: Unexpected server response: 404
[11:37:28.301] [PAI SDK] WebSocket closed, reconnecting (1/3)...
[11:37:38.642] [Global WebSocket] Suppressed error to prevent crash: Unexpected server response: 404
[11:37:38.643] [PAI SDK] WebSocket closed, reconnecting (1/3)...
[11:37:48.844] [Global WebSocket] Suppressed error to prevent crash: Unexpected server response: 404
[11:37:48.844] [PAI SDK] WebSocket closed, reconnecting (1/3)...
[11:37:59.114] [Global WebSocket] Suppressed error to prevent crash: Unexpected server response: 404
[11:37:59.114] [PAI SDK] WebSocket closed, reconnecting (1/3)...
[11:38:09.301] [Global WebSocket] Suppressed error to prevent crash: Unexpected server response: 404
[11:38:09.302] [PAI SDK] WebSocket closed, reconnecting (1/3)...
[11:38:19.625] [Global WebSocket] Suppressed error to prevent crash: Unexpected server response: 404
[11:38:19.626] [PAI SDK] WebSocket closed, reconnecting (1/3)...
[11:38:29.818] [Global WebSocket] Suppressed error to prevent crash: Unexpected server response: 404
[11:38:29.819] [PAI SDK] WebSocket closed, reconnecting (1/3)...
[11:38:40.122] [Global WebSocket] Suppressed error to prevent crash: Unexpected server response: 404
[11:38:40.123] [PAI SDK] WebSocket closed, reconnecting (1/3)...
[11:38:50.332] [Global WebSocket] Suppressed error to prevent crash: Unexpected server response: 404
[11:38:50.333] [PAI SDK] WebSocket closed, reconnecting (1/3)...
[11:39:00.590] [Global WebSocket] Suppressed error to prevent crash: Unexpected server response: 404
[11:39:00.590] [PAI SDK] WebSocket closed, reconnecting (1/3)...
[11:39:10.783] [Global WebSocket] Suppressed error to prevent crash: Unexpected server response: 404
[11:39:10.784] [PAI SDK] WebSocket closed, reconnecting (1/3)...
[11:39:21.086] [Global WebSocket] Suppressed error to prevent crash: Unexpected server response: 404
[11:39:21.086] [PAI SDK] WebSocket closed, reconnecting (1/3)...
[11:39:31.294] [Global WebSocket] Suppressed error to prevent crash: Unexpected server response: 404
[11:39:31.296] [PAI SDK] WebSocket closed, reconnecting (1/3)...
[11:39:41.544] [Global WebSocket] Suppressed error to prevent crash: Unexpected server response: 404
[11:39:41.544] [PAI SDK] WebSocket closed, reconnecting (1/3)...
[11:39:51.752] [Global WebSocket] Suppressed error to prevent crash: Unexpected server response: 404
[11:39:51.753] [PAI SDK] WebSocket closed, reconnecting (1/3)...
[11:40:01.944] [Global WebSocket] Suppressed error to prevent crash: Unexpected server response: 404
[11:40:01.945] [PAI SDK] WebSocket closed, reconnecting (1/3)...
[11:40:12.158] [Global WebSocket] Suppressed error to prevent crash: Unexpected server response: 404
[11:40:12.159] [PAI SDK] WebSocket closed, reconnecting (1/3)...
[11:40:22.350] [Global WebSocket] Suppressed error to prevent crash: Unexpected server response: 404
[11:40:22.351] [PAI SDK] WebSocket closed, reconnecting (1/3)...
[11:40:32.545] [Global WebSocket] Suppressed error to prevent crash: Unexpected server response: 404
[11:40:32.546] [PAI SDK] WebSocket closed, reconnecting (1/3)...
[11:40:42.750] [Global WebSocket] Suppressed error to prevent crash: Unexpected server response: 404
[11:40:42.750] [PAI SDK] WebSocket closed, reconnecting (1/3)...
[11:40:52.928] [Global WebSocket] Suppressed error to prevent crash: Unexpected server response: 404
[11:40:52.928] [PAI SDK] WebSocket closed, reconnecting (1/3)...
[11:41:03.115] [Global WebSocket] Suppressed error to prevent crash: Unexpected server response: 404
[11:41:03.115] [PAI SDK] WebSocket closed, reconnecting (1/3)...
[11:41:13.321] [Global WebSocket] Suppressed error to prevent crash: Unexpected server response: 404
[11:41:13.321] [PAI SDK] WebSocket closed, reconnecting (1/3)...
[11:41:23.644] [Global WebSocket] Suppressed error to prevent crash: Unexpected server response: 404
[11:41:23.645] [PAI SDK] WebSocket closed, reconnecting (1/3)...
[11:41:33.829] [Global WebSocket] Suppressed error to prevent crash: Unexpected server response: 404
[11:41:33.830] [PAI SDK] WebSocket closed, reconnecting (1/3)...
[11:41:44.099] [Global WebSocket] Suppressed error to prevent crash: Unexpected server response: 404
[11:41:44.100] [PAI SDK] WebSocket closed, reconnecting (1/3)...
[11:41:54.394] [Global WebSocket] Suppressed error to prevent crash: Unexpected server response: 404
[11:41:54.394] [PAI SDK] WebSocket closed, reconnecting (1/3)...
[11:42:04.719] [Global WebSocket] Suppressed error to prevent crash: Unexpected server response: 404
[11:42:04.719] [PAI SDK] WebSocket closed, reconnecting (1/3)...
[11:42:14.916] [Global WebSocket] Suppressed error to prevent crash: Unexpected server response: 404
[11:42:14.917] [PAI SDK] WebSocket closed, reconnecting (1/3)...
[11:42:25.173] [Global WebSocket] Suppressed error to prevent crash: Unexpected server response: 404
[11:42:25.174] [PAI SDK] WebSocket closed, reconnecting (1/3)...
[11:42:35.368] [Global WebSocket] Suppressed error to prevent crash: Unexpected server response: 404
[11:42:35.368] [PAI SDK] WebSocket closed, reconnecting (1/3)...
[11:42:45.689] [Global WebSocket] Suppressed error to prevent crash: Unexpected server response: 404
[11:42:45.689] [PAI SDK] WebSocket closed, reconnecting (1/3)...
[11:42:55.884] [Global WebSocket] Suppressed error to prevent crash: Unexpected server response: 404
[11:42:55.885] [PAI SDK] WebSocket closed, reconnecting (1/3)...
[11:43:06.218] [Global WebSocket] Suppressed error to prevent crash: Unexpected server response: 404
[11:43:06.219] [PAI SDK] WebSocket closed, reconnecting (1/3)...
[11:43:16.446] [Global WebSocket] Suppressed error to prevent crash: Unexpected server response: 404
[11:43:16.447] [PAI SDK] WebSocket closed, reconnecting (1/3)...
[11:43:26.749] [Global WebSocket] Suppressed error to prevent crash: Unexpected server response: 404
[11:43:26.750] [PAI SDK] WebSocket closed, reconnecting (1/3)...
[11:43:36.951] [Global WebSocket] Suppressed error to prevent crash: Unexpected server response: 404
[11:43:36.951] [PAI SDK] WebSocket closed, reconnecting (1/3)...
[11:43:47.287] [Global WebSocket] Suppressed error to prevent crash: Unexpected server response: 404
[11:43:47.287] [PAI SDK] WebSocket closed, reconnecting (1/3)...
[11:43:57.478] [Global WebSocket] Suppressed error to prevent crash: Unexpected server response: 404
[11:43:57.479] [PAI SDK] WebSocket closed, reconnecting (1/3)...
[11:44:07.793] [Global WebSocket] Suppressed error to prevent crash: Unexpected server response: 404
[11:44:07.793] [PAI SDK] WebSocket closed, reconnecting (1/3)...
[11:44:17.986] [Global WebSocket] Suppressed error to prevent crash: Unexpected server response: 404
[11:44:17.987] [PAI SDK] WebSocket closed, reconnecting (1/3)...
[11:44:28.342] [Global WebSocket] Suppressed error to prevent crash: Unexpected server response: 404
[11:44:28.343] [PAI SDK] WebSocket closed, reconnecting (1/3)...
[11:44:38.531] [Global WebSocket] Suppressed error to prevent crash: Unexpected server response: 404
[11:44:38.531] [PAI SDK] WebSocket closed, reconnecting (1/3)...
[11:44:48.723] [Global WebSocket] Suppressed error to prevent crash: Unexpected server response: 404
[11:44:48.724] [PAI SDK] WebSocket closed, reconnecting (1/3)...
[11:44:58.906] [Global WebSocket] Suppressed error to prevent crash: Unexpected server response: 404
[11:44:58.907] [PAI SDK] WebSocket closed, reconnecting (1/3)...
[11:45:09.112] [Global WebSocket] Suppressed error to prevent crash: Unexpected server response: 404
[11:45:09.112] [PAI SDK] WebSocket closed, reconnecting (1/3)...
[11:45:19.305] [Global WebSocket] Suppressed error to prevent crash: Unexpected server response: 404
[11:45:19.305] [PAI SDK] WebSocket closed, reconnecting (1/3)...
[11:45:29.488] [Global WebSocket] Suppressed error to prevent crash: Unexpected server response: 404
[11:45:29.489] [PAI SDK] WebSocket closed, reconnecting (1/3)...
[11:45:39.679] [Global WebSocket] Suppressed error to prevent crash: Unexpected server response: 404
[11:45:39.680] [PAI SDK] WebSocket closed, reconnecting (1/3)...
[11:45:49.878] [Global WebSocket] Suppressed error to prevent crash: Unexpected server response: 404
[11:45:49.879] [PAI SDK] WebSocket closed, reconnecting (1/3)...
[11:46:00.073] [Global WebSocket] Suppressed error to prevent crash: Unexpected server response: 404
[11:46:00.073] [PAI SDK] WebSocket closed, reconnecting (1/3)...
[11:46:10.263] [Global WebSocket] Suppressed error to prevent crash: Unexpected server response: 404
[11:46:10.264] [PAI SDK] WebSocket closed, reconnecting (1/3)...
[11:46:20.461] [Global WebSocket] Suppressed error to prevent crash: Unexpected server response: 404
[11:46:20.462] [PAI SDK] WebSocket closed, reconnecting (1/3)...
[11:46:30.655] [Global WebSocket] Suppressed error to prevent crash: Unexpected server response: 404
[11:46:30.656] [PAI SDK] WebSocket closed, reconnecting (1/3)...
[11:46:40.866] [Global WebSocket] Suppressed error to prevent crash: Unexpected server response: 404
[11:46:40.866] [PAI SDK] WebSocket closed, reconnecting (1/3)...
[11:46:51.058] [Global WebSocket] Suppressed error to prevent crash: Unexpected server response: 404
[11:46:51.059] [PAI SDK] WebSocket closed, reconnecting (1/3)...
[11:47:01.241] [Global WebSocket] Suppressed error to prevent crash: Unexpected server response: 404
[11:47:01.242] [PAI SDK] WebSocket closed, reconnecting (1/3)...
[11:47:11.440] [Global WebSocket] Suppressed error to prevent crash: Unexpected server response: 404
[11:47:11.440] [PAI SDK] WebSocket closed, reconnecting (1/3)...
[11:47:21.623] [Global WebSocket] Suppressed error to prevent crash: Unexpected server response: 404
[11:47:21.624] [PAI SDK] WebSocket closed, reconnecting (1/3)...
[11:47:31.824] [Global WebSocket] Suppressed error to prevent crash: Unexpected server response: 404
[11:47:31.825] [PAI SDK] WebSocket closed, reconnecting (1/3)...
[11:47:42.008] [Global WebSocket] Suppressed error to prevent crash: Unexpected server response: 404
[11:47:42.009] [PAI SDK] WebSocket closed, reconnecting (1/3)...
[11:47:52.205] [Global WebSocket] Suppressed error to prevent crash: Unexpected server response: 404
[11:47:52.205] [PAI SDK] WebSocket closed, reconnecting (1/3)...
[11:48:02.408] [Global WebSocket] Suppressed error to prevent crash: Unexpected server response: 404
[11:48:02.408] [PAI SDK] WebSocket closed, reconnecting (1/3)...
[11:48:12.612] [Global WebSocket] Suppressed error to prevent crash: Unexpected server response: 404
[11:48:12.612] [PAI SDK] WebSocket closed, reconnecting (1/3)...
[11:48:22.824] [Global WebSocket] Suppressed error to prevent crash: Unexpected server response: 404
[11:48:22.825] [PAI SDK] WebSocket closed, reconnecting (1/3)...
[11:48:33.042] [Global WebSocket] Suppressed error to prevent crash: Unexpected server response: 404
[11:48:33.043] [PAI SDK] WebSocket closed, reconnecting (1/3)...
[11:48:43.244] [Global WebSocket] Suppressed error to prevent crash: Unexpected server response: 404
[11:48:43.244] [PAI SDK] WebSocket closed, reconnecting (1/3)...
[11:48:53.456] [Global WebSocket] Suppressed error to prevent crash: Unexpected server response: 404
[11:48:53.456] [PAI SDK] WebSocket closed, reconnecting (1/3)...
[11:49:03.637] [Global WebSocket] Suppressed error to prevent crash: Unexpected server response: 404
[11:49:03.638] [PAI SDK] WebSocket closed, reconnecting (1/3)...
[11:49:13.835] [Global WebSocket] Suppressed error to prevent crash: Unexpected server response: 404
[11:49:13.836] [PAI SDK] WebSocket closed, reconnecting (1/3)...
[11:49:24.026] [Global WebSocket] Suppressed error to prevent crash: Unexpected server response: 404
[11:49:24.026] [PAI SDK] WebSocket closed, reconnecting (1/3)...
[11:49:34.217] [Global WebSocket] Suppressed error to prevent crash: Unexpected server response: 404
[11:49:34.217] [PAI SDK] WebSocket closed, reconnecting (1/3)...
[11:49:44.424] [Global WebSocket] Suppressed error to prevent crash: Unexpected server response: 404
[11:49:44.424] [PAI SDK] WebSocket closed, reconnecting (1/3)...
[11:49:54.619] [Global WebSocket] Suppressed error to prevent crash: Unexpected server response: 404
[11:49:54.620] [PAI SDK] WebSocket closed, reconnecting (1/3)...
[11:50:04.811] [Global WebSocket] Suppressed error to prevent crash: Unexpected server response: 404
[11:50:04.812] [PAI SDK] WebSocket closed, reconnecting (1/3)...
[11:50:15.006] [Global WebSocket] Suppressed error to prevent crash: Unexpected server response: 404
[11:50:15.006] [PAI SDK] WebSocket closed, reconnecting (1/3)...
[11:50:25.191] [Global WebSocket] Suppressed error to prevent crash: Unexpected server response: 404
[11:50:25.192] [PAI SDK] WebSocket closed, reconnecting (1/3)...
[11:50:35.401] [Global WebSocket] Suppressed error to prevent crash: Unexpected server response: 404
[11:50:35.402] [PAI SDK] WebSocket closed, reconnecting (1/3)...
[11:50:45.590] [Global WebSocket] Suppressed error to prevent crash: Unexpected server response: 404
[11:50:45.591] [PAI SDK] WebSocket closed, reconnecting (1/3)...
[11:50:55.783] [Global WebSocket] Suppressed error to prevent crash: Unexpected server response: 404
[11:50:55.784] [PAI SDK] WebSocket closed, reconnecting (1/3)...
[11:51:05.985] [Global WebSocket] Suppressed error to prevent crash: Unexpected server response: 404
[11:51:05.986] [PAI SDK] WebSocket closed, reconnecting (1/3)...
[11:51:16.190] [Global WebSocket] Suppressed error to prevent crash: Unexpected server response: 404
[11:51:16.190] [PAI SDK] WebSocket closed, reconnecting (1/3)...
[11:51:26.394] [Global WebSocket] Suppressed error to prevent crash: Unexpected server response: 404
[11:51:26.394] [PAI SDK] WebSocket closed, reconnecting (1/3)...
[11:51:36.589] [Global WebSocket] Suppressed error to prevent crash: Unexpected server response: 404
[11:51:36.590] [PAI SDK] WebSocket closed, reconnecting (1/3)...
[11:51:46.774] [Global WebSocket] Suppressed error to prevent crash: Unexpected server response: 404
[11:51:46.775] [PAI SDK] WebSocket closed, reconnecting (1/3)...
[11:51:56.963] [Global WebSocket] Suppressed error to prevent crash: Unexpected server response: 404
[11:51:56.964] [PAI SDK] WebSocket closed, reconnecting (1/3)...
[11:52:07.147] [Global WebSocket] Suppressed error to prevent crash: Unexpected server response: 404
[11:52:07.148] [PAI SDK] WebSocket closed, reconnecting (1/3)...
[11:52:17.355] [Global WebSocket] Suppressed error to prevent crash: Unexpected server response: 404
[11:52:17.356] [PAI SDK] WebSocket closed, reconnecting (1/3)...
[11:52:27.558] [Global WebSocket] Suppressed error to prevent crash: Unexpected server response: 404
[11:52:27.558] [PAI SDK] WebSocket closed, reconnecting (1/3)...
[11:52:37.738] [Global WebSocket] Suppressed error to prevent crash: Unexpected server response: 404
[11:52:37.738] [PAI SDK] WebSocket closed, reconnecting (1/3)...
[11:52:47.932] [Global WebSocket] Suppressed error to prevent crash: Unexpected server response: 404
[11:52:47.932] [PAI SDK] WebSocket closed, reconnecting (1/3)...
[11:52:58.128] [Global WebSocket] Suppressed error to prevent crash: Unexpected server response: 404
[11:52:58.129] [PAI SDK] WebSocket closed, reconnecting (1/3)...
[11:53:08.339] [Global WebSocket] Suppressed error to prevent crash: Unexpected server response: 404
[11:53:08.340] [PAI SDK] WebSocket closed, reconnecting (1/3)...
[11:53:18.530] [Global WebSocket] Suppressed error to prevent crash: Unexpected server response: 404
[11:53:18.531] [PAI SDK] WebSocket closed, reconnecting (1/3)...
[11:53:28.793] [Global WebSocket] Suppressed error to prevent crash: Unexpected server response: 404
[11:53:28.794] [PAI SDK] WebSocket closed, reconnecting (1/3)...
[11:53:38.997] [Global WebSocket] Suppressed error to prevent crash: Unexpected server response: 404
[11:53:38.997] [PAI SDK] WebSocket closed, reconnecting (1/3)...
[11:53:49.329] [Global WebSocket] Suppressed error to prevent crash: Unexpected server response: 404
[11:53:49.329] [PAI SDK] WebSocket closed, reconnecting (1/3)...
[11:53:59.533] [Global WebSocket] Suppressed error to prevent crash: Unexpected server response: 404
[11:53:59.533] [PAI SDK] WebSocket closed, reconnecting (1/3)...
[11:54:09.789] [Global WebSocket] Suppressed error to prevent crash: Unexpected server response: 404
[11:54:09.790] [PAI SDK] WebSocket closed, reconnecting (1/3)...
[11:54:19.986] [Global WebSocket] Suppressed error to prevent crash: Unexpected server response: 404
[11:54:19.986] [PAI SDK] WebSocket closed, reconnecting (1/3)...
[11:54:30.269] [Global WebSocket] Suppressed error to prevent crash: Unexpected server response: 404
[11:54:30.270] [PAI SDK] WebSocket closed, reconnecting (1/3)...
[11:54:40.461] [Global WebSocket] Suppressed error to prevent crash: Unexpected server response: 404
[11:54:40.461] [PAI SDK] WebSocket closed, reconnecting (1/3)...
[11:54:50.762] [Global WebSocket] Suppressed error to prevent crash: Unexpected server response: 404
[11:54:50.763] [PAI SDK] WebSocket closed, reconnecting (1/3)...
[11:55:00.961] [Global WebSocket] Suppressed error to prevent crash: Unexpected server response: 404
[11:55:00.961] [PAI SDK] WebSocket closed, reconnecting (1/3)...
[11:55:11.270] [Global WebSocket] Suppressed error to prevent crash: Unexpected server response: 404
[11:55:11.271] [PAI SDK] WebSocket closed, reconnecting (1/3)...
[11:55:21.467] [Global WebSocket] Suppressed error to prevent crash: Unexpected server response: 404
[11:55:21.468] [PAI SDK] WebSocket closed, reconnecting (1/3)...
[11:55:31.733] [Global WebSocket] Suppressed error to prevent crash: Unexpected server response: 404
[11:55:31.734] [PAI SDK] WebSocket closed, reconnecting (1/3)...
[11:55:41.950] [Global WebSocket] Suppressed error to prevent crash: Unexpected server response: 404
[11:55:41.951] [PAI SDK] WebSocket closed, reconnecting (1/3)...
[11:55:52.254] [Global WebSocket] Suppressed error to prevent crash: Unexpected server response: 404
[11:55:52.255] [PAI SDK] WebSocket closed, reconnecting (1/3)...
[11:56:02.452] [Global WebSocket] Suppressed error to prevent crash: Unexpected server response: 404
[11:56:02.453] [PAI SDK] WebSocket closed, reconnecting (1/3)...
[11:56:12.747] [Global WebSocket] Suppressed error to prevent crash: Unexpected server response: 404
[11:56:12.747] [PAI SDK] WebSocket closed, reconnecting (1/3)...
[11:56:22.940] [Global WebSocket] Suppressed error to prevent crash: Unexpected server response: 404
[11:56:22.940] [PAI SDK] WebSocket closed, reconnecting (1/3)...
[11:56:33.214] [Global WebSocket] Suppressed error to prevent crash: Unexpected server response: 404
[11:56:33.215] [PAI SDK] WebSocket closed, reconnecting (1/3)...
[11:56:43.410] [Global WebSocket] Suppressed error to prevent crash: Unexpected server response: 404
[11:56:43.411] [PAI SDK] WebSocket closed, reconnecting (1/3)...
[11:56:53.761] [Global WebSocket] Suppressed error to prevent crash: Unexpected server response: 404
[11:56:53.762] [PAI SDK] WebSocket closed, reconnecting (1/3)...
[11:57:03.974] [Global WebSocket] Suppressed error to prevent crash: Unexpected server response: 404
[11:57:03.974] [PAI SDK] WebSocket closed, reconnecting (1/3)...
[11:57:14.158] [Global WebSocket] Suppressed error to prevent crash: Unexpected server response: 404
[11:57:14.158] [PAI SDK] WebSocket closed, reconnecting (1/3)...
[11:57:24.356] [Global WebSocket] Suppressed error to prevent crash: Unexpected server response: 404
[11:57:24.356] [PAI SDK] WebSocket closed, reconnecting (1/3)...
[11:57:34.553] [Global WebSocket] Suppressed error to prevent crash: Unexpected server response: 404
[11:57:34.553] [PAI SDK] WebSocket closed, reconnecting (1/3)...
[11:57:44.752] [Global WebSocket] Suppressed error to prevent crash: Unexpected server response: 404
[11:57:44.753] [PAI SDK] WebSocket closed, reconnecting (1/3)...
[11:57:54.971] [Global WebSocket] Suppressed error to prevent crash: Unexpected server response: 404
[11:57:54.972] [PAI SDK] WebSocket closed, reconnecting (1/3)...
[11:58:05.172] [Global WebSocket] Suppressed error to prevent crash: Unexpected server response: 404
[11:58:05.172] [PAI SDK] WebSocket closed, reconnecting (1/3)...
[11:58:15.366] [Global WebSocket] Suppressed error to prevent crash: Unexpected server response: 404
[11:58:15.367] [PAI SDK] WebSocket closed, reconnecting (1/3)...
[11:58:25.575] [Global WebSocket] Suppressed error to prevent crash: Unexpected server response: 404
[11:58:25.575] [PAI SDK] WebSocket closed, reconnecting (1/3)...
[11:58:35.812] [Global WebSocket] Suppressed error to prevent crash: Unexpected server response: 404
[11:58:35.812] [PAI SDK] WebSocket closed, reconnecting (1/3)...
[11:58:46.026] [Global WebSocket] Suppressed error to prevent crash: Unexpected server response: 404
[11:58:46.026] [PAI SDK] WebSocket closed, reconnecting (1/3)...
[11:58:56.375] [Global WebSocket] Suppressed error to prevent crash: Unexpected server response: 404
[11:58:56.376] [PAI SDK] WebSocket closed, reconnecting (1/3)...
[11:59:06.566] [Global WebSocket] Suppressed error to prevent crash: Unexpected server response: 404
[11:59:06.567] [PAI SDK] WebSocket closed, reconnecting (1/3)...
[11:59:16.892] [Global WebSocket] Suppressed error to prevent crash: Unexpected server response: 404
[11:59:16.893] [PAI SDK] WebSocket closed, reconnecting (1/3)...
[11:59:27.093] [Global WebSocket] Suppressed error to prevent crash: Unexpected server response: 404
[11:59:27.093] [PAI SDK] WebSocket closed, reconnecting (1/3)...
[11:59:37.423] [Global WebSocket] Suppressed error to prevent crash: Unexpected server response: 404
[11:59:37.424] [PAI SDK] WebSocket closed, reconnecting (1/3)...
[11:59:47.618] [Global WebSocket] Suppressed error to prevent crash: Unexpected server response: 404
[11:59:47.618] [PAI SDK] WebSocket closed, reconnecting (1/3)...
[11:59:57.897] [Global WebSocket] Suppressed error to prevent crash: Unexpected server response: 404
[11:59:57.897] [PAI SDK] WebSocket closed, reconnecting (1/3)...
[12:00:08.081] [Global WebSocket] Suppressed error to prevent crash: Unexpected server response: 404
[12:00:08.082] [PAI SDK] WebSocket closed, reconnecting (1/3)...
[12:00:18.372] [Global WebSocket] Suppressed error to prevent crash: Unexpected server response: 404
[12:00:18.373] [PAI SDK] WebSocket closed, reconnecting (1/3)...
[12:00:28.622] [Global WebSocket] Suppressed error to prevent crash: Unexpected server response: 404
[12:00:28.623] [PAI SDK] WebSocket closed, reconnecting (1/3)...
[12:00:38.901] [Global WebSocket] Suppressed error to prevent crash: Unexpected server response: 404
[12:00:38.902] [PAI SDK] WebSocket closed, reconnecting (1/3)...
[12:00:49.111] [Global WebSocket] Suppressed error to prevent crash: Unexpected server response: 404
[12:00:49.112] [PAI SDK] WebSocket closed, reconnecting (1/3)...
[12:00:59.353] [Global WebSocket] Suppressed error to prevent crash: Unexpected server response: 404
[12:00:59.353] [PAI SDK] WebSocket closed, reconnecting (1/3)...
[12:01:09.546] [Global WebSocket] Suppressed error to prevent crash: Unexpected server response: 404
[12:01:09.547] [PAI SDK] WebSocket closed, reconnecting (1/3)...
[12:01:19.846] [Global WebSocket] Suppressed error to prevent crash: Unexpected server response: 404
[12:01:19.847] [PAI SDK] WebSocket closed, reconnecting (1/3)...
[12:01:30.050] [Global WebSocket] Suppressed error to prevent crash: Unexpected server response: 404
[12:01:30.051] [PAI SDK] WebSocket closed, reconnecting (1/3)...
[12:01:40.319] [Global WebSocket] Suppressed error to prevent crash: Unexpected server response: 404
[12:01:40.320] [PAI SDK] WebSocket closed, reconnecting (1/3)...
[12:01:50.532] [Global WebSocket] Suppressed error to prevent crash: Unexpected server response: 404
[12:01:50.533] [PAI SDK] WebSocket closed, reconnecting (1/3)...
[12:02:00.827] [Global WebSocket] Suppressed error to prevent crash: Unexpected server response: 404
[12:02:00.827] [PAI SDK] WebSocket closed, reconnecting (1/3)...
[12:02:11.022] [Global WebSocket] Suppressed error to prevent crash: Unexpected server response: 404
[12:02:11.022] [PAI SDK] WebSocket closed, reconnecting (1/3)...
[12:02:21.344] [Global WebSocket] Suppressed error to prevent crash: Unexpected server response: 404
[12:02:21.344] [PAI SDK] WebSocket closed, reconnecting (1/3)...
[12:02:31.546] [Global WebSocket] Suppressed error to prevent crash: Unexpected server response: 404
[12:02:31.547] [PAI SDK] WebSocket closed, reconnecting (1/3)...
[12:02:41.849] [Global WebSocket] Suppressed error to prevent crash: Unexpected server response: 404
[12:02:41.849] [PAI SDK] WebSocket closed, reconnecting (1/3)...
[12:02:52.056] [Global WebSocket] Suppressed error to prevent crash: Unexpected server response: 404
[12:02:52.057] [PAI SDK] WebSocket closed, reconnecting (1/3)...
[12:03:02.334] [Global WebSocket] Suppressed error to prevent crash: Unexpected server response: 404
[12:03:02.335] [PAI SDK] WebSocket closed, reconnecting (1/3)...
[12:03:12.512] [Global WebSocket] Suppressed error to prevent crash: Unexpected server response: 404
[12:03:12.512] [PAI SDK] WebSocket closed, reconnecting (1/3)...
[12:03:22.839] [Global WebSocket] Suppressed error to prevent crash: Unexpected server response: 404
[12:03:22.840] [PAI SDK] WebSocket closed, reconnecting (1/3)...
[12:03:33.037] [Global WebSocket] Suppressed error to prevent crash: Unexpected server response: 404
[12:03:33.038] [PAI SDK] WebSocket closed, reconnecting (1/3)...
[12:03:43.299] [Global WebSocket] Suppressed error to prevent crash: Unexpected server response: 404
[12:03:43.300] [PAI SDK] WebSocket closed, reconnecting (1/3)...
[12:03:53.560] [Global WebSocket] Suppressed error to prevent crash: Unexpected server response: 404
[12:03:53.560] [PAI SDK] WebSocket closed, reconnecting (1/3)...
[12:04:03.816] [Global WebSocket] Suppressed error to prevent crash: Unexpected server response: 404
[12:04:03.817] [PAI SDK] WebSocket closed, reconnecting (1/3)...
[12:04:14.001] [Global WebSocket] Suppressed error to prevent crash: Unexpected server response: 404
[12:04:14.001] [PAI SDK] WebSocket closed, reconnecting (1/3)...
[12:04:24.253] [Global WebSocket] Suppressed error to prevent crash: Unexpected server response: 404
[12:04:24.254] [PAI SDK] WebSocket closed, reconnecting (1/3)...
[12:04:34.446] [Global WebSocket] Suppressed error to prevent crash: Unexpected server response: 404
[12:04:34.447] [PAI SDK] WebSocket closed, reconnecting (1/3)...
[12:04:44.644] [Global WebSocket] Suppressed error to prevent crash: Unexpected server response: 404
[12:04:44.644] [PAI SDK] WebSocket closed, reconnecting (1/3)...
[12:04:54.845] [Global WebSocket] Suppressed error to prevent crash: Unexpected server response: 404
[12:04:54.846] [PAI SDK] WebSocket closed, reconnecting (1/3)...
[12:05:05.060] [Global WebSocket] Suppressed error to prevent crash: Unexpected server response: 404
[12:05:05.061] [PAI SDK] WebSocket closed, reconnecting (1/3)...
[12:05:15.259] [Global WebSocket] Suppressed error to prevent crash: Unexpected server response: 404
[12:05:15.260] [PAI SDK] WebSocket closed, reconnecting (1/3)...
[12:05:25.444] [Global WebSocket] Suppressed error to prevent crash: Unexpected server response: 404
[12:05:25.444] [PAI SDK] WebSocket closed, reconnecting (1/3)...
[12:05:35.639] [Global WebSocket] Suppressed error to prevent crash: Unexpected server response: 404
[12:05:35.640] [PAI SDK] WebSocket closed, reconnecting (1/3)...
[12:05:45.851] [Global WebSocket] Suppressed error to prevent crash: Unexpected server response: 404
[12:05:45.852] [PAI SDK] WebSocket closed, reconnecting (1/3)...
[12:05:56.056] [Global WebSocket] Suppressed error to prevent crash: Unexpected server response: 404
[12:05:56.057] [PAI SDK] WebSocket closed, reconnecting (1/3)...
[12:06:06.256] [Global WebSocket] Suppressed error to prevent crash: Unexpected server response: 404
[12:06:06.256] [PAI SDK] WebSocket closed, reconnecting (1/3)...
[12:06:16.449] [Global WebSocket] Suppressed error to prevent crash: Unexpected server response: 404
[12:06:16.450] [PAI SDK] WebSocket closed, reconnecting (1/3)...
[12:06:26.648] [Global WebSocket] Suppressed error to prevent crash: Unexpected server response: 404
[12:06:26.648] [PAI SDK] WebSocket closed, reconnecting (1/3)...
[12:06:36.828] [Global WebSocket] Suppressed error to prevent crash: Unexpected server response: 404
[12:06:36.828] [PAI SDK] WebSocket closed, reconnecting (1/3)...
[12:06:47.020] [Global WebSocket] Suppressed error to prevent crash: Unexpected server response: 404
[12:06:47.021] [PAI SDK] WebSocket closed, reconnecting (1/3)...
[12:06:57.195] [Global WebSocket] Suppressed error to prevent crash: Unexpected server response: 404
[12:06:57.195] [PAI SDK] WebSocket closed, reconnecting (1/3)...
[12:07:07.389] [Global WebSocket] Suppressed error to prevent crash: Unexpected server response: 404
[12:07:07.390] [PAI SDK] WebSocket closed, reconnecting (1/3)...
[12:07:17.595] [Global WebSocket] Suppressed error to prevent crash: Unexpected server response: 404
[12:07:17.596] [PAI SDK] WebSocket closed, reconnecting (1/3)...
[12:07:27.788] [Global WebSocket] Suppressed error to prevent crash: Unexpected server response: 404
[12:07:27.788] [PAI SDK] WebSocket closed, reconnecting (1/3)...
[12:07:37.990] [Global WebSocket] Suppressed error to prevent crash: Unexpected server response: 404
[12:07:37.991] [PAI SDK] WebSocket closed, reconnecting (1/3)...
[12:07:48.193] [Global WebSocket] Suppressed error to prevent crash: Unexpected server response: 404
[12:07:48.194] [PAI SDK] WebSocket closed, reconnecting (1/3)...
[12:07:58.380] [Global WebSocket] Suppressed error to prevent crash: Unexpected server response: 404
[12:07:58.380] [PAI SDK] WebSocket closed, reconnecting (1/3)...
[12:08:08.580] [Global WebSocket] Suppressed error to prevent crash: Unexpected server response: 404
[12:08:08.581] [PAI SDK] WebSocket closed, reconnecting (1/3)...
[12:08:18.771] [Global WebSocket] Suppressed error to prevent crash: Unexpected server response: 404
[12:08:18.771] [PAI SDK] WebSocket closed, reconnecting (1/3)...
[12:08:28.963] [Global WebSocket] Suppressed error to prevent crash: Unexpected server response: 404
[12:08:28.963] [PAI SDK] WebSocket closed, reconnecting (1/3)...
[12:08:39.162] [Global WebSocket] Suppressed error to prevent crash: Unexpected server response: 404
[12:08:39.162] [PAI SDK] WebSocket closed, reconnecting (1/3)...
[12:08:49.354] [Global WebSocket] Suppressed error to prevent crash: Unexpected server response: 404
[12:08:49.354] [PAI SDK] WebSocket closed, reconnecting (1/3)...
[12:08:59.543] [Global WebSocket] Suppressed error to prevent crash: Unexpected server response: 404
[12:08:59.543] [PAI SDK] WebSocket closed, reconnecting (1/3)...
[12:09:09.740] [Global WebSocket] Suppressed error to prevent crash: Unexpected server response: 404
[12:09:09.740] [PAI SDK] WebSocket closed, reconnecting (1/3)...
[12:09:19.954] [Global WebSocket] Suppressed error to prevent crash: Unexpected server response: 404
[12:09:19.954] [PAI SDK] WebSocket closed, reconnecting (1/3)...
[12:09:30.155] [Global WebSocket] Suppressed error to prevent crash: Unexpected server response: 404
[12:09:30.156] [PAI SDK] WebSocket closed, reconnecting (1/3)...
[12:09:40.349] [Global WebSocket] Suppressed error to prevent crash: Unexpected server response: 404
[12:09:40.350] [PAI SDK] WebSocket closed, reconnecting (1/3)...
[12:09:50.579] [Global WebSocket] Suppressed error to prevent crash: Unexpected server response: 404
[12:09:50.580] [PAI SDK] WebSocket closed, reconnecting (1/3)...
[12:10:00.781] [Global WebSocket] Suppressed error to prevent crash: Unexpected server response: 404
[12:10:00.781] [PAI SDK] WebSocket closed, reconnecting (1/3)...
[12:10:10.976] [Global WebSocket] Suppressed error to prevent crash: Unexpected server response: 404
[12:10:10.977] [PAI SDK] WebSocket closed, reconnecting (1/3)...
[12:10:21.164] [Global WebSocket] Suppressed error to prevent crash: Unexpected server response: 404
[12:10:21.165] [PAI SDK] WebSocket closed, reconnecting (1/3)...
[12:10:31.341] [Global WebSocket] Suppressed error to prevent crash: Unexpected server response: 404
[12:10:31.341] [PAI SDK] WebSocket closed, reconnecting (1/3)...
[12:10:41.557] [Global WebSocket] Suppressed error to prevent crash: Unexpected server response: 404
[12:10:41.558] [PAI SDK] WebSocket closed, reconnecting (1/3)...
[12:10:51.755] [Global WebSocket] Suppressed error to prevent crash: Unexpected server response: 404
[12:10:51.755] [PAI SDK] WebSocket closed, reconnecting (1/3)...
[12:11:01.952] [Global WebSocket] Suppressed error to prevent crash: Unexpected server response: 404
[12:11:01.952] [PAI SDK] WebSocket closed, reconnecting (1/3)...
[12:11:12.145] [Global WebSocket] Suppressed error to prevent crash: Unexpected server response: 404
[12:11:12.145] [PAI SDK] WebSocket closed, reconnecting (1/3)...
[12:11:22.348] [Global WebSocket] Suppressed error to prevent crash: Unexpected server response: 404
[12:11:22.348] [PAI SDK] WebSocket closed, reconnecting (1/3)...
[12:11:32.580] [Global WebSocket] Suppressed error to prevent crash: Unexpected server response: 404
[12:11:32.581] [PAI SDK] WebSocket closed, reconnecting (1/3)...
[12:11:42.775] [Global WebSocket] Suppressed error to prevent crash: Unexpected server response: 404
[12:11:42.776] [PAI SDK] WebSocket closed, reconnecting (1/3)...
[12:11:52.968] [Global WebSocket] Suppressed error to prevent crash: Unexpected server response: 404
[12:11:52.969] [PAI SDK] WebSocket closed, reconnecting (1/3)...
[12:12:03.160] [Global WebSocket] Suppressed error to prevent crash: Unexpected server response: 404
[12:12:03.161] [PAI SDK] WebSocket closed, reconnecting (1/3)...
[12:12:13.370] [Global WebSocket] Suppressed error to prevent crash: Unexpected server response: 404
[12:12:13.371] [PAI SDK] WebSocket closed, reconnecting (1/3)...
[12:12:23.581] [Global WebSocket] Suppressed error to prevent crash: Unexpected server response: 404
[12:12:23.581] [PAI SDK] WebSocket closed, reconnecting (1/3)...
[12:12:33.763] [Global WebSocket] Suppressed error to prevent crash: Unexpected server response: 404
[12:12:33.763] [PAI SDK] WebSocket closed, reconnecting (1/3)...
[12:12:43.977] [Global WebSocket] Suppressed error to prevent crash: Unexpected server response: 404
[12:12:43.977] [PAI SDK] WebSocket closed, reconnecting (1/3)...
[12:12:54.171] [Global WebSocket] Suppressed error to prevent crash: Unexpected server response: 404
[12:12:54.172] [PAI SDK] WebSocket closed, reconnecting (1/3)...
[12:13:04.366] [Global WebSocket] Suppressed error to prevent crash: Unexpected server response: 404
[12:13:04.366] [PAI SDK] WebSocket closed, reconnecting (1/3)...
[12:13:14.661] [Global WebSocket] Suppressed error to prevent crash: Unexpected server response: 404
[12:13:14.662] [PAI SDK] WebSocket closed, reconnecting (1/3)...
[12:13:24.868] [Global WebSocket] Suppressed error to prevent crash: Unexpected server response: 404
[12:13:24.869] [PAI SDK] WebSocket closed, reconnecting (1/3)...
[12:13:35.212] [Global WebSocket] Suppressed error to prevent crash: Unexpected server response: 404
[12:13:35.212] [PAI SDK] WebSocket closed, reconnecting (1/3)...
[12:13:45.412] [Global WebSocket] Suppressed error to prevent crash: Unexpected server response: 404
[12:13:45.413] [PAI SDK] WebSocket closed, reconnecting (1/3)...
[12:13:55.750] [Global WebSocket] Suppressed error to prevent crash: Unexpected server response: 404
[12:13:55.751] [PAI SDK] WebSocket closed, reconnecting (1/3)...
[12:14:05.947] [Global WebSocket] Suppressed error to prevent crash: Unexpected server response: 404
[12:14:05.948] [PAI SDK] WebSocket closed, reconnecting (1/3)...
[12:14:16.206] [Global WebSocket] Suppressed error to prevent crash: Unexpected server response: 404
[12:14:16.207] [PAI SDK] WebSocket closed, reconnecting (1/3)...
[12:14:26.409] [Global WebSocket] Suppressed error to prevent crash: Unexpected server response: 404
[12:14:26.410] [PAI SDK] WebSocket closed, reconnecting (1/3)...
[12:14:36.746] [Global WebSocket] Suppressed error to prevent crash: Unexpected server response: 404
[12:14:36.747] [PAI SDK] WebSocket closed, reconnecting (1/3)...
[12:14:46.953] [Global WebSocket] Suppressed error to prevent crash: Unexpected server response: 404
[12:14:46.954] [PAI SDK] WebSocket closed, reconnecting (1/3)...
[12:14:57.208] [Global WebSocket] Suppressed error to prevent crash: Unexpected server response: 404
[12:14:57.209] [PAI SDK] WebSocket closed, reconnecting (1/3)...
[12:15:07.413] [Global WebSocket] Suppressed error to prevent crash: Unexpected server response: 404
[12:15:07.414] [PAI SDK] WebSocket closed, reconnecting (1/3)...
[12:15:17.637] [Global WebSocket] Suppressed error to prevent crash: Unexpected server response: 404
[12:15:17.638] [PAI SDK] WebSocket closed, reconnecting (1/3)...
[12:15:27.838] [Global WebSocket] Suppressed error to prevent crash: Unexpected server response: 404
[12:15:27.839] [PAI SDK] WebSocket closed, reconnecting (1/3)...
[12:15:38.033] [Global WebSocket] Suppressed error to prevent crash: Unexpected server response: 404
[12:15:38.033] [PAI SDK] WebSocket closed, reconnecting (1/3)...
[12:15:48.222] [Global WebSocket] Suppressed error to prevent crash: Unexpected server response: 404
[12:15:48.223] [PAI SDK] WebSocket closed, reconnecting (1/3)...
[12:15:58.423] [Global WebSocket] Suppressed error to prevent crash: Unexpected server response: 404
[12:15:58.424] [PAI SDK] WebSocket closed, reconnecting (1/3)...
[12:16:08.636] [Global WebSocket] Suppressed error to prevent crash: Unexpected server response: 404
[12:16:08.636] [PAI SDK] WebSocket closed, reconnecting (1/3)...
[12:16:18.826] [Global WebSocket] Suppressed error to prevent crash: Unexpected server response: 404
[12:16:18.827] [PAI SDK] WebSocket closed, reconnecting (1/3)...
[12:16:29.038] [Global WebSocket] Suppressed error to prevent crash: Unexpected server response: 404
[12:16:29.038] [PAI SDK] WebSocket closed, reconnecting (1/3)...
[12:16:39.233] [Global WebSocket] Suppressed error to prevent crash: Unexpected server response: 404
[12:16:39.233] [PAI SDK] WebSocket closed, reconnecting (1/3)...
[12:16:49.432] [Global WebSocket] Suppressed error to prevent crash: Unexpected server response: 404
[12:16:49.433] [PAI SDK] WebSocket closed, reconnecting (1/3)...
[12:16:59.642] [Global WebSocket] Suppressed error to prevent crash: Unexpected server response: 404
[12:16:59.643] [PAI SDK] WebSocket closed, reconnecting (1/3)...
[12:17:09.826] [Global WebSocket] Suppressed error to prevent crash: Unexpected server response: 404
[12:17:09.826] [PAI SDK] WebSocket closed, reconnecting (1/3)...
[12:17:20.018] [Global WebSocket] Suppressed error to prevent crash: Unexpected server response: 404
[12:17:20.019] [PAI SDK] WebSocket closed, reconnecting (1/3)...
[12:17:30.223] [Global WebSocket] Suppressed error to prevent crash: Unexpected server response: 404
[12:17:30.223] [PAI SDK] WebSocket closed, reconnecting (1/3)...
[12:17:40.405] [Global WebSocket] Suppressed error to prevent crash: Unexpected server response: 404
[12:17:40.405] [PAI SDK] WebSocket closed, reconnecting (1/3)...
[12:17:50.601] [Global WebSocket] Suppressed error to prevent crash: Unexpected server response: 404
[12:17:50.602] [PAI SDK] WebSocket closed, reconnecting (1/3)...
[12:18:00.792] [Global WebSocket] Suppressed error to prevent crash: Unexpected server response: 404
[12:18:00.792] [PAI SDK] WebSocket closed, reconnecting (1/3)...
[12:18:10.984] [Global WebSocket] Suppressed error to prevent crash: Unexpected server response: 404
[12:18:10.984] [PAI SDK] WebSocket closed, reconnecting (1/3)...
[12:18:21.171] [Global WebSocket] Suppressed error to prevent crash: Unexpected server response: 404
[12:18:21.172] [PAI SDK] WebSocket closed, reconnecting (1/3)...
[12:18:31.380] [Global WebSocket] Suppressed error to prevent crash: Unexpected server response: 404
[12:18:31.380] [PAI SDK] WebSocket closed, reconnecting (1/3)...
[12:18:41.565] [Global WebSocket] Suppressed error to prevent crash: Unexpected server response: 404
[12:18:41.565] [PAI SDK] WebSocket closed, reconnecting (1/3)...
[12:18:51.756] [Global WebSocket] Suppressed error to prevent crash: Unexpected server response: 404
[12:18:51.757] [PAI SDK] WebSocket closed, reconnecting (1/3)...
[12:19:01.955] [Global WebSocket] Suppressed error to prevent crash: Unexpected server response: 404
[12:19:01.955] [PAI SDK] WebSocket closed, reconnecting (1/3)...
[12:19:12.141] [Global WebSocket] Suppressed error to prevent crash: Unexpected server response: 404
[12:19:12.142] [PAI SDK] WebSocket closed, reconnecting (1/3)...
[12:19:22.347] [Global WebSocket] Suppressed error to prevent crash: Unexpected server response: 404
[12:19:22.348] [PAI SDK] WebSocket closed, reconnecting (1/3)...
[12:19:32.540] [Global WebSocket] Suppressed error to prevent crash: Unexpected server response: 404
[12:19:32.541] [PAI SDK] WebSocket closed, reconnecting (1/3)...
[12:19:42.738] [Global WebSocket] Suppressed error to prevent crash: Unexpected server response: 404
[12:19:42.738] [PAI SDK] WebSocket closed, reconnecting (1/3)...
[12:19:52.928] [Global WebSocket] Suppressed error to prevent crash: Unexpected server response: 404
[12:19:52.929] [PAI SDK] WebSocket closed, reconnecting (1/3)...
[12:20:03.135] [Global WebSocket] Suppressed error to prevent crash: Unexpected server response: 404
[12:20:03.135] [PAI SDK] WebSocket closed, reconnecting (1/3)...
[12:20:13.350] [Global WebSocket] Suppressed error to prevent crash: Unexpected server response: 404
[12:20:13.351] [PAI SDK] WebSocket closed, reconnecting (1/3)...
[12:20:23.547] [Global WebSocket] Suppressed error to prevent crash: Unexpected server response: 404
[12:20:23.548] [PAI SDK] WebSocket closed, reconnecting (1/3)...
[12:20:33.732] [Global WebSocket] Suppressed error to prevent crash: Unexpected server response: 404
[12:20:33.733] [PAI SDK] WebSocket closed, reconnecting (1/3)...
[12:20:43.927] [Global WebSocket] Suppressed error to prevent crash: Unexpected server response: 404
[12:20:43.928] [PAI SDK] WebSocket closed, reconnecting (1/3)...
[12:20:54.125] [Global WebSocket] Suppressed error to prevent crash: Unexpected server response: 404
[12:20:54.126] [PAI SDK] WebSocket closed, reconnecting (1/3)...
[12:21:04.305] [Global WebSocket] Suppressed error to prevent crash: Unexpected server response: 404
[12:21:04.305] [PAI SDK] WebSocket closed, reconnecting (1/3)...
[12:21:14.504] [Global WebSocket] Suppressed error to prevent crash: Unexpected server response: 404
[12:21:14.504] [PAI SDK] WebSocket closed, reconnecting (1/3)...
[12:21:24.707] [Global WebSocket] Suppressed error to prevent crash: Unexpected server response: 404
[12:21:24.707] [PAI SDK] WebSocket closed, reconnecting (1/3)...
[12:21:34.933] [Global WebSocket] Suppressed error to prevent crash: Unexpected server response: 404
[12:21:34.934] [PAI SDK] WebSocket closed, reconnecting (1/3)...
[12:21:45.116] [Global WebSocket] Suppressed error to prevent crash: Unexpected server response: 404
[12:21:45.116] [PAI SDK] WebSocket closed, reconnecting (1/3)...
[12:21:55.405] [Global WebSocket] Suppressed error to prevent crash: Unexpected server response: 404
[12:21:55.406] [PAI SDK] WebSocket closed, reconnecting (1/3)...
[12:22:05.594] [Global WebSocket] Suppressed error to prevent crash: Unexpected server response: 404
[12:22:05.595] [PAI SDK] WebSocket closed, reconnecting (1/3)...
[12:22:15.959] [Global WebSocket] Suppressed error to prevent crash: Unexpected server response: 404
[12:22:15.960] [PAI SDK] WebSocket closed, reconnecting (1/3)...
[12:22:26.148] [Global WebSocket] Suppressed error to prevent crash: Unexpected server response: 404
[12:22:26.148] [PAI SDK] WebSocket closed, reconnecting (1/3)...
[12:22:36.435] [Global WebSocket] Suppressed error to prevent crash: Unexpected server response: 404
[12:22:36.435] [PAI SDK] WebSocket closed, reconnecting (1/3)...
[12:22:46.632] [Global WebSocket] Suppressed error to prevent crash: Unexpected server response: 404
[12:22:46.632] [PAI SDK] WebSocket closed, reconnecting (1/3)...
[12:22:56.927] [Global WebSocket] Suppressed error to prevent crash: Unexpected server response: 404
[12:22:56.927] [PAI SDK] WebSocket closed, reconnecting (1/3)...
[12:23:07.123] [Global WebSocket] Suppressed error to prevent crash: Unexpected server response: 404
[12:23:07.124] [PAI SDK] WebSocket closed, reconnecting (1/3)...
[12:23:17.450] [Global WebSocket] Suppressed error to prevent crash: Unexpected server response: 404
[12:23:17.451] [PAI SDK] WebSocket closed, reconnecting (1/3)...
[12:23:27.655] [Global WebSocket] Suppressed error to prevent crash: Unexpected server response: 404
[12:23:27.656] [PAI SDK] WebSocket closed, reconnecting (1/3)...
[12:23:37.947] [Global WebSocket] Suppressed error to prevent crash: Unexpected server response: 404
[12:23:37.947] [PAI SDK] WebSocket closed, reconnecting (1/3)...
[12:23:48.145] [Global WebSocket] Suppressed error to prevent crash: Unexpected server response: 404
[12:23:48.146] [PAI SDK] WebSocket closed, reconnecting (1/3)...
[12:23:58.405] [Global WebSocket] Suppressed error to prevent crash: Unexpected server response: 404
[12:23:58.405] [PAI SDK] WebSocket closed, reconnecting (1/3)...
[12:24:08.600] [Global WebSocket] Suppressed error to prevent crash: Unexpected server response: 404
[12:24:08.600] [PAI SDK] WebSocket closed, reconnecting (1/3)...
[12:24:18.952] [Global WebSocket] Suppressed error to prevent crash: Unexpected server response: 404
[12:24:18.953] [PAI SDK] WebSocket closed, reconnecting (1/3)...
[12:24:29.149] [Global WebSocket] Suppressed error to prevent crash: Unexpected server response: 404
[12:24:29.150] [PAI SDK] WebSocket closed, reconnecting (1/3)...
[12:24:39.431] [Global WebSocket] Suppressed error to prevent crash: Unexpected server response: 404
[12:24:39.432] [PAI SDK] WebSocket closed, reconnecting (1/3)...
[12:24:49.625] [Global WebSocket] Suppressed error to prevent crash: Unexpected server response: 404
[12:24:49.625] [PAI SDK] WebSocket closed, reconnecting (1/3)...
[12:24:59.935] [Global WebSocket] Suppressed error to prevent crash: Unexpected server response: 404
[12:24:59.935] [PAI SDK] WebSocket closed, reconnecting (1/3)...
[12:25:10.148] [Global WebSocket] Suppressed error to prevent crash: Unexpected server response: 404
[12:25:10.148] [PAI SDK] WebSocket closed, reconnecting (1/3)...
[12:25:20.479] [Global WebSocket] Suppressed error to prevent crash: Unexpected server response: 404
[12:25:20.479] [PAI SDK] WebSocket closed, reconnecting (1/3)...
[12:25:30.659] [Global WebSocket] Suppressed error to prevent crash: Unexpected server response: 404
[12:25:30.660] [PAI SDK] WebSocket closed, reconnecting (1/3)...
[12:25:40.926] [Global WebSocket] Suppressed error to prevent crash: Unexpected server response: 404
[12:25:40.926] [PAI SDK] WebSocket closed, reconnecting (1/3)...
[12:25:51.144] [Global WebSocket] Suppressed error to prevent crash: Unexpected server response: 404
[12:25:51.145] [PAI SDK] WebSocket closed, reconnecting (1/3)...
[12:26:01.424] [Global WebSocket] Suppressed error to prevent crash: Unexpected server response: 404
[12:26:01.425] [PAI SDK] WebSocket closed, reconnecting (1/3)...
[12:26:11.617] [Global WebSocket] Suppressed error to prevent crash: Unexpected server response: 404
[12:26:11.617] [PAI SDK] WebSocket closed, reconnecting (1/3)...
[12:26:21.920] [Global WebSocket] Suppressed error to prevent crash: Unexpected server response: 404
[12:26:21.921] [PAI SDK] WebSocket closed, reconnecting (1/3)...
[12:26:32.115] [Global WebSocket] Suppressed error to prevent crash: Unexpected server response: 404
[12:26:32.115] [PAI SDK] WebSocket closed, reconnecting (1/3)...
[12:26:42.385] [Global WebSocket] Suppressed error to prevent crash: Unexpected server response: 404
[12:26:42.385] [PAI SDK] WebSocket closed, reconnecting (1/3)...
[12:26:52.586] [Global WebSocket] Suppressed error to prevent crash: Unexpected server response: 404
[12:26:52.586] [PAI SDK] WebSocket closed, reconnecting (1/3)...
[12:27:02.875] [Global WebSocket] Suppressed error to prevent crash: Unexpected server response: 404
[12:27:02.876] [PAI SDK] WebSocket closed, reconnecting (1/3)...
[12:27:13.067] [Global WebSocket] Suppressed error to prevent crash: Unexpected server response: 404
[12:27:13.068] [PAI SDK] WebSocket closed, reconnecting (1/3)...
[12:27:23.287] [Global WebSocket] Suppressed error to prevent crash: Unexpected server response: 404
[12:27:23.288] [PAI SDK] WebSocket closed, reconnecting (1/3)...
[12:27:33.467] [Global WebSocket] Suppressed error to prevent crash: Unexpected server response: 404
[12:27:33.467] [PAI SDK] WebSocket closed, reconnecting (1/3)...
[12:27:43.667] [Global WebSocket] Suppressed error to prevent crash: Unexpected server response: 404
[12:27:43.668] [PAI SDK] WebSocket closed, reconnecting (1/3)...
[12:27:53.856] [Global WebSocket] Suppressed error to prevent crash: Unexpected server response: 404
[12:27:53.856] [PAI SDK] WebSocket closed, reconnecting (1/3)...
[12:28:04.058] [Global WebSocket] Suppressed error to prevent crash: Unexpected server response: 404
[12:28:04.059] [PAI SDK] WebSocket closed, reconnecting (1/3)...
[12:28:14.242] [Global WebSocket] Suppressed error to prevent crash: Unexpected server response: 404
[12:28:14.243] [PAI SDK] WebSocket closed, reconnecting (1/3)...
[12:28:24.453] [Global WebSocket] Suppressed error to prevent crash: Unexpected server response: 404
[12:28:24.453] [PAI SDK] WebSocket closed, reconnecting (1/3)...
[12:28:34.641] [Global WebSocket] Suppressed error to prevent crash: Unexpected server response: 404
[12:28:34.642] [PAI SDK] WebSocket closed, reconnecting (1/3)...
[12:28:44.835] [Global WebSocket] Suppressed error to prevent crash: Unexpected server response: 404
[12:28:44.836] [PAI SDK] WebSocket closed, reconnecting (1/3)...
[12:28:55.017] [Global WebSocket] Suppressed error to prevent crash: Unexpected server response: 404
[12:28:55.017] [PAI SDK] WebSocket closed, reconnecting (1/3)...
[12:29:05.190] [Global WebSocket] Suppressed error to prevent crash: Unexpected server response: 404
[12:29:05.191] [PAI SDK] WebSocket closed, reconnecting (1/3)...
[12:29:15.392] [Global WebSocket] Suppressed error to prevent crash: Unexpected server response: 404
[12:29:15.393] [PAI SDK] WebSocket closed, reconnecting (1/3)...
[12:29:25.721] [Global WebSocket] Suppressed error to prevent crash: Unexpected server response: 404
[12:29:25.721] [PAI SDK] WebSocket closed, reconnecting (1/3)...
[12:29:35.914] [Global WebSocket] Suppressed error to prevent crash: Unexpected server response: 404
[12:29:35.915] [PAI SDK] WebSocket closed, reconnecting (1/3)...
[12:29:46.178] [Global WebSocket] Suppressed error to prevent crash: Unexpected server response: 404
[12:29:46.178] [PAI SDK] WebSocket closed, reconnecting (1/3)...
[12:29:56.372] [Global WebSocket] Suppressed error to prevent crash: Unexpected server response: 404
[12:29:56.373] [PAI SDK] WebSocket closed, reconnecting (1/3)...
[12:30:06.628] [Global WebSocket] Suppressed error to prevent crash: Unexpected server response: 404
[12:30:06.628] [PAI SDK] WebSocket closed, reconnecting (1/3)...
[12:30:16.823] [Global WebSocket] Suppressed error to prevent crash: Unexpected server response: 404
[12:30:16.823] [PAI SDK] WebSocket closed, reconnecting (1/3)...
[12:30:27.086] [Global WebSocket] Suppressed error to prevent crash: Unexpected server response: 404
[12:30:27.086] [PAI SDK] WebSocket closed, reconnecting (1/3)...
[12:30:37.275] [Global WebSocket] Suppressed error to prevent crash: Unexpected server response: 404
[12:30:37.276] [PAI SDK] WebSocket closed, reconnecting (1/3)...
[12:30:47.590] [Global WebSocket] Suppressed error to prevent crash: Unexpected server response: 404
[12:30:47.591] [PAI SDK] WebSocket closed, reconnecting (1/3)...
[12:30:57.770] [Global WebSocket] Suppressed error to prevent crash: Unexpected server response: 404
[12:30:57.771] [PAI SDK] WebSocket closed, reconnecting (1/3)...
[12:31:08.046] [Global WebSocket] Suppressed error to prevent crash: Unexpected server response: 404
[12:31:08.046] [PAI SDK] WebSocket closed, reconnecting (1/3)...
[12:31:18.248] [Global WebSocket] Suppressed error to prevent crash: Unexpected server response: 404
[12:31:18.249] [PAI SDK] WebSocket closed, reconnecting (1/3)...
[12:31:28.617] [Global WebSocket] Suppressed error to prevent crash: Unexpected server response: 404
[12:31:28.617] [PAI SDK] WebSocket closed, reconnecting (1/3)...
[12:31:38.804] [Global WebSocket] Suppressed error to prevent crash: Unexpected server response: 404
[12:31:38.805] [PAI SDK] WebSocket closed, reconnecting (1/3)...
[12:31:49.136] [Global WebSocket] Suppressed error to prevent crash: Unexpected server response: 404
[12:31:49.137] [PAI SDK] WebSocket closed, reconnecting (1/3)...
[12:31:59.332] [Global WebSocket] Suppressed error to prevent crash: Unexpected server response: 404
[12:31:59.332] [PAI SDK] WebSocket closed, reconnecting (1/3)...
[12:32:09.652] [Global WebSocket] Suppressed error to prevent crash: Unexpected server response: 404
[12:32:09.652] [PAI SDK] WebSocket closed, reconnecting (1/3)...
[12:32:19.841] [Global WebSocket] Suppressed error to prevent crash: Unexpected server response: 404
[12:32:19.842] [PAI SDK] WebSocket closed, reconnecting (1/3)...
[12:32:30.148] [Global WebSocket] Suppressed error to prevent crash: Unexpected server response: 404
[12:32:30.149] [PAI SDK] WebSocket closed, reconnecting (1/3)...
[12:32:40.338] [Global WebSocket] Suppressed error to prevent crash: Unexpected server response: 404
[12:32:40.339] [PAI SDK] WebSocket closed, reconnecting (1/3)...
[12:32:50.623] [Global WebSocket] Suppressed error to prevent crash: Unexpected server response: 404
[12:32:50.624] [PAI SDK] WebSocket closed, reconnecting (1/3)...
[12:33:00.827] [Global WebSocket] Suppressed error to prevent crash: Unexpected server response: 404
[12:33:00.827] [PAI SDK] WebSocket closed, reconnecting (1/3)...
[12:33:11.037] [Global WebSocket] Suppressed error to prevent crash: Unexpected server response: 404
[12:33:11.038] [PAI SDK] WebSocket closed, reconnecting (1/3)...
[12:33:21.240] [Global WebSocket] Suppressed error to prevent crash: Unexpected server response: 404
[12:33:21.240] [PAI SDK] WebSocket closed, reconnecting (1/3)...
[12:33:31.446] [Global WebSocket] Suppressed error to prevent crash: Unexpected server response: 404
[12:33:31.447] [PAI SDK] WebSocket closed, reconnecting (1/3)...
[12:33:41.645] [Global WebSocket] Suppressed error to prevent crash: Unexpected server response: 404
[12:33:41.645] [PAI SDK] WebSocket closed, reconnecting (1/3)...
[12:33:51.838] [Global WebSocket] Suppressed error to prevent crash: Unexpected server response: 404
[12:33:51.839] [PAI SDK] WebSocket closed, reconnecting (1/3)...
[12:34:02.033] [Global WebSocket] Suppressed error to prevent crash: Unexpected server response: 404
[12:34:02.034] [PAI SDK] WebSocket closed, reconnecting (1/3)...
[12:34:12.233] [Global WebSocket] Suppressed error to prevent crash: Unexpected server response: 404
[12:34:12.233] [PAI SDK] WebSocket closed, reconnecting (1/3)...
[12:34:22.433] [Global WebSocket] Suppressed error to prevent crash: Unexpected server response: 404
[12:34:22.434] [PAI SDK] WebSocket closed, reconnecting (1/3)...
[12:34:32.642] [Global WebSocket] Suppressed error to prevent crash: Unexpected server response: 404
[12:34:32.643] [PAI SDK] WebSocket closed, reconnecting (1/3)...
[12:34:42.843] [Global WebSocket] Suppressed error to prevent crash: Unexpected server response: 404
[12:34:42.843] [PAI SDK] WebSocket closed, reconnecting (1/3)...
[12:34:53.029] [Global WebSocket] Suppressed error to prevent crash: Unexpected server response: 404
[12:34:53.029] [PAI SDK] WebSocket closed, reconnecting (1/3)...
[12:35:03.238] [Global WebSocket] Suppressed error to prevent crash: Unexpected server response: 404
[12:35:03.240] [PAI SDK] WebSocket closed, reconnecting (1/3)...
[12:35:13.430] [Global WebSocket] Suppressed error to prevent crash: Unexpected server response: 404
[12:35:13.431] [PAI SDK] WebSocket closed, reconnecting (1/3)...
[12:35:23.621] [Global WebSocket] Suppressed error to prevent crash: Unexpected server response: 404
[12:35:23.622] [PAI SDK] WebSocket closed, reconnecting (1/3)...
[12:35:33.817] [Global WebSocket] Suppressed error to prevent crash: Unexpected server response: 404
[12:35:33.818] [PAI SDK] WebSocket closed, reconnecting (1/3)...
[12:35:44.021] [Global WebSocket] Suppressed error to prevent crash: Unexpected server response: 404
[12:35:44.021] [PAI SDK] WebSocket closed, reconnecting (1/3)...
[12:35:54.223] [Global WebSocket] Suppressed error to prevent crash: Unexpected server response: 404
[12:35:54.223] [PAI SDK] WebSocket closed, reconnecting (1/3)...
[12:36:04.426] [Global WebSocket] Suppressed error to prevent crash: Unexpected server response: 404
[12:36:04.427] [PAI SDK] WebSocket closed, reconnecting (1/3)...
[12:36:14.619] [Global WebSocket] Suppressed error to prevent crash: Unexpected server response: 404
[12:36:14.620] [PAI SDK] WebSocket closed, reconnecting (1/3)...
[12:36:24.839] [Global WebSocket] Suppressed error to prevent crash: Unexpected server response: 404
[12:36:24.840] [PAI SDK] WebSocket closed, reconnecting (1/3)...
[12:36:35.023] [Global WebSocket] Suppressed error to prevent crash: Unexpected server response: 404
[12:36:35.023] [PAI SDK] WebSocket closed, reconnecting (1/3)...
[12:36:45.233] [Global WebSocket] Suppressed error to prevent crash: Unexpected server response: 404
[12:36:45.234] [PAI SDK] WebSocket closed, reconnecting (1/3)...
[12:36:55.435] [Global WebSocket] Suppressed error to prevent crash: Unexpected server response: 404
[12:36:55.436] [PAI SDK] WebSocket closed, reconnecting (1/3)...
[12:37:05.624] [Global WebSocket] Suppressed error to prevent crash: Unexpected server response: 404
[12:37:05.625] [PAI SDK] WebSocket closed, reconnecting (1/3)...
[12:37:15.819] [Global WebSocket] Suppressed error to prevent crash: Unexpected server response: 404
[12:37:15.820] [PAI SDK] WebSocket closed, reconnecting (1/3)...
[12:37:25.998] [Global WebSocket] Suppressed error to prevent crash: Unexpected server response: 404
[12:37:25.998] [PAI SDK] WebSocket closed, reconnecting (1/3)...
[12:37:36.190] [Global WebSocket] Suppressed error to prevent crash: Unexpected server response: 404
[12:37:36.191] [PAI SDK] WebSocket closed, reconnecting (1/3)...
[12:37:46.377] [Global WebSocket] Suppressed error to prevent crash: Unexpected server response: 404
[12:37:46.378] [PAI SDK] WebSocket closed, reconnecting (1/3)...
[12:37:56.578] [Global WebSocket] Suppressed error to prevent crash: Unexpected server response: 404
[12:37:56.578] [PAI SDK] WebSocket closed, reconnecting (1/3)...
[12:38:06.763] [Global WebSocket] Suppressed error to prevent crash: Unexpected server response: 404
[12:38:06.763] [PAI SDK] WebSocket closed, reconnecting (1/3)...
[12:38:16.951] [Global WebSocket] Suppressed error to prevent crash: Unexpected server response: 404
[12:38:16.952] [PAI SDK] WebSocket closed, reconnecting (1/3)...
[12:38:27.145] [Global WebSocket] Suppressed error to prevent crash: Unexpected server response: 404
[12:38:27.146] [PAI SDK] WebSocket closed, reconnecting (1/3)...
[12:38:37.347] [Global WebSocket] Suppressed error to prevent crash: Unexpected server response: 404
[12:38:37.348] [PAI SDK] WebSocket closed, reconnecting (1/3)...
[12:38:47.540] [Global WebSocket] Suppressed error to prevent crash: Unexpected server response: 404
[12:38:47.541] [PAI SDK] WebSocket closed, reconnecting (1/3)...
[12:38:57.729] [Global WebSocket] Suppressed error to prevent crash: Unexpected server response: 404
[12:38:57.730] [PAI SDK] WebSocket closed, reconnecting (1/3)...
[12:39:07.931] [Global WebSocket] Suppressed error to prevent crash: Unexpected server response: 404
[12:39:07.932] [PAI SDK] WebSocket closed, reconnecting (1/3)...
[12:39:18.128] [Global WebSocket] Suppressed error to prevent crash: Unexpected server response: 404
[12:39:18.129] [PAI SDK] WebSocket closed, reconnecting (1/3)...
[12:39:28.321] [Global WebSocket] Suppressed error to prevent crash: Unexpected server response: 404
[12:39:28.321] [PAI SDK] WebSocket closed, reconnecting (1/3)...
[12:39:38.520] [Global WebSocket] Suppressed error to prevent crash: Unexpected server response: 404
[12:39:38.520] [PAI SDK] WebSocket closed, reconnecting (1/3)...
[12:39:48.710] [Global WebSocket] Suppressed error to prevent crash: Unexpected server response: 404
[12:39:48.711] [PAI SDK] WebSocket closed, reconnecting (1/3)...
[12:39:58.909] [Global WebSocket] Suppressed error to prevent crash: Unexpected server response: 404
[12:39:58.910] [PAI SDK] WebSocket closed, reconnecting (1/3)...
[12:40:09.104] [Global WebSocket] Suppressed error to prevent crash: Unexpected server response: 404
[12:40:09.105] [PAI SDK] WebSocket closed, reconnecting (1/3)...
[12:40:19.289] [Global WebSocket] Suppressed error to prevent crash: Unexpected server response: 404
[12:40:19.290] [PAI SDK] WebSocket closed, reconnecting (1/3)...
[12:40:29.537] [Global WebSocket] Suppressed error to prevent crash: Unexpected server response: 404
[12:40:29.538] [PAI SDK] WebSocket closed, reconnecting (1/3)...
[12:40:39.728] [Global WebSocket] Suppressed error to prevent crash: Unexpected server response: 404
[12:40:39.728] [PAI SDK] WebSocket closed, reconnecting (1/3)...
[12:40:49.940] [Global WebSocket] Suppressed error to prevent crash: Unexpected server response: 404
[12:40:49.940] [PAI SDK] WebSocket closed, reconnecting (1/3)...
[12:41:00.123] [Global WebSocket] Suppressed error to prevent crash: Unexpected server response: 404
[12:41:00.123] [PAI SDK] WebSocket closed, reconnecting (1/3)...
[12:41:10.384] [Global WebSocket] Suppressed error to prevent crash: Unexpected server response: 404
[12:41:10.385] [PAI SDK] WebSocket closed, reconnecting (1/3)...
[12:41:20.584] [Global WebSocket] Suppressed error to prevent crash: Unexpected server response: 404
[12:41:20.584] [PAI SDK] WebSocket closed, reconnecting (1/3)...
[12:41:30.856] [Global WebSocket] Suppressed error to prevent crash: Unexpected server response: 404
[12:41:30.857] [PAI SDK] WebSocket closed, reconnecting (1/3)...
[12:41:41.054] [Global WebSocket] Suppressed error to prevent crash: Unexpected server response: 404
[12:41:41.054] [PAI SDK] WebSocket closed, reconnecting (1/3)...
[12:41:51.375] [Global WebSocket] Suppressed error to prevent crash: Unexpected server response: 404
[12:41:51.375] [PAI SDK] WebSocket closed, reconnecting (1/3)...
[12:42:01.576] [Global WebSocket] Suppressed error to prevent crash: Unexpected server response: 404
[12:42:01.576] [PAI SDK] WebSocket closed, reconnecting (1/3)...
[12:42:11.873] [Global WebSocket] Suppressed error to prevent crash: Unexpected server response: 404
[12:42:11.874] [PAI SDK] WebSocket closed, reconnecting (1/3)...
[12:42:22.079] [Global WebSocket] Suppressed error to prevent crash: Unexpected server response: 404
[12:42:22.080] [PAI SDK] WebSocket closed, reconnecting (1/3)...
[12:42:32.402] [Global WebSocket] Suppressed error to prevent crash: Unexpected server response: 404
[12:42:32.403] [PAI SDK] WebSocket closed, reconnecting (1/3)...
[12:42:42.599] [Global WebSocket] Suppressed error to prevent crash: Unexpected server response: 404
[12:42:42.599] [PAI SDK] WebSocket closed, reconnecting (1/3)...
[12:42:52.921] [Global WebSocket] Suppressed error to prevent crash: Unexpected server response: 404
[12:42:52.922] [PAI SDK] WebSocket closed, reconnecting (1/3)...
[12:43:03.118] [Global WebSocket] Suppressed error to prevent crash: Unexpected server response: 404
[12:43:03.119] [PAI SDK] WebSocket closed, reconnecting (1/3)...
[12:43:13.424] [Global WebSocket] Suppressed error to prevent crash: Unexpected server response: 404
[12:43:13.425] [PAI SDK] WebSocket closed, reconnecting (1/3)...
[12:43:23.624] [Global WebSocket] Suppressed error to prevent crash: Unexpected server response: 404
[12:43:23.625] [PAI SDK] WebSocket closed, reconnecting (1/3)...
[12:43:33.905] [Global WebSocket] Suppressed error to prevent crash: Unexpected server response: 404
[12:43:33.906] [PAI SDK] WebSocket closed, reconnecting (1/3)...
[12:43:44.097] [Global WebSocket] Suppressed error to prevent crash: Unexpected server response: 404
[12:43:44.097] [PAI SDK] WebSocket closed, reconnecting (1/3)...
[12:43:54.293] [Global WebSocket] Suppressed error to prevent crash: Unexpected server response: 404
[12:43:54.293] [PAI SDK] WebSocket closed, reconnecting (1/3)...
[12:44:04.495] [Global WebSocket] Suppressed error to prevent crash: Unexpected server response: 404
[12:44:04.496] [PAI SDK] WebSocket closed, reconnecting (1/3)...
[12:44:14.694] [Global WebSocket] Suppressed error to prevent crash: Unexpected server response: 404
[12:44:14.695] [PAI SDK] WebSocket closed, reconnecting (1/3)...
[12:44:24.917] [Global WebSocket] Suppressed error to prevent crash: Unexpected server response: 404
[12:44:24.918] [PAI SDK] WebSocket closed, reconnecting (1/3)...
[12:44:35.111] [Global WebSocket] Suppressed error to prevent crash: Unexpected server response: 404
[12:44:35.112] [PAI SDK] WebSocket closed, reconnecting (1/3)...
[12:44:45.310] [Global WebSocket] Suppressed error to prevent crash: Unexpected server response: 404
[12:44:45.310] [PAI SDK] WebSocket closed, reconnecting (1/3)...
[12:44:55.485] [Global WebSocket] Suppressed error to prevent crash: Unexpected server response: 404
[12:44:55.485] [PAI SDK] WebSocket closed, reconnecting (1/3)...
[12:45:05.687] [Global WebSocket] Suppressed error to prevent crash: Unexpected server response: 404
[12:45:05.687] [PAI SDK] WebSocket closed, reconnecting (1/3)...
[12:45:15.879] [Global WebSocket] Suppressed error to prevent crash: Unexpected server response: 404
[12:45:15.879] [PAI SDK] WebSocket closed, reconnecting (1/3)...
[12:45:26.177] [Global WebSocket] Suppressed error to prevent crash: Unexpected server response: 404
[12:45:26.177] [PAI SDK] WebSocket closed, reconnecting (1/3)...
[12:45:36.367] [Global WebSocket] Suppressed error to prevent crash: Unexpected server response: 404
[12:45:36.368] [PAI SDK] WebSocket closed, reconnecting (1/3)...
[12:45:46.626] [Global WebSocket] Suppressed error to prevent crash: Unexpected server response: 404
[12:45:46.627] [PAI SDK] WebSocket closed, reconnecting (1/3)...
[12:45:56.818] [Global WebSocket] Suppressed error to prevent crash: Unexpected server response: 404
[12:45:56.818] [PAI SDK] WebSocket closed, reconnecting (1/3)...
[12:46:07.095] [Global WebSocket] Suppressed error to prevent crash: Unexpected server response: 404
[12:46:07.095] [PAI SDK] WebSocket closed, reconnecting (1/3)...
[12:46:17.285] [Global WebSocket] Suppressed error to prevent crash: Unexpected server response: 404
[12:46:17.286] [PAI SDK] WebSocket closed, reconnecting (1/3)...
[12:46:27.551] [Global WebSocket] Suppressed error to prevent crash: Unexpected server response: 404
[12:46:27.551] [PAI SDK] WebSocket closed, reconnecting (1/3)...
[12:46:37.732] [Global WebSocket] Suppressed error to prevent crash: Unexpected server response: 404
[12:46:37.732] [PAI SDK] WebSocket closed, reconnecting (1/3)...
[12:46:48.010] [Global WebSocket] Suppressed error to prevent crash: Unexpected server response: 404
[12:46:48.010] [PAI SDK] WebSocket closed, reconnecting (1/3)...
[12:46:58.212] [Global WebSocket] Suppressed error to prevent crash: Unexpected server response: 404
[12:46:58.212] [PAI SDK] WebSocket closed, reconnecting (1/3)...
[12:47:08.512] [Global WebSocket] Suppressed error to prevent crash: Unexpected server response: 404
[12:47:08.513] [PAI SDK] WebSocket closed, reconnecting (1/3)...
[12:47:18.708] [Global WebSocket] Suppressed error to prevent crash: Unexpected server response: 404
[12:47:18.709] [PAI SDK] WebSocket closed, reconnecting (1/3)...
[12:47:28.979] [Global WebSocket] Suppressed error to prevent crash: Unexpected server response: 404
[12:47:28.980] [PAI SDK] WebSocket closed, reconnecting (1/3)...
[12:47:39.183] [Global WebSocket] Suppressed error to prevent crash: Unexpected server response: 404
[12:47:39.184] [PAI SDK] WebSocket closed, reconnecting (1/3)...
[12:47:49.505] [Global WebSocket] Suppressed error to prevent crash: Unexpected server response: 404
[12:47:49.505] [PAI SDK] WebSocket closed, reconnecting (1/3)...
[12:47:59.681] [Global WebSocket] Suppressed error to prevent crash: Unexpected server response: 404
[12:47:59.681] [PAI SDK] WebSocket closed, reconnecting (1/3)...
[12:48:10.012] [Global WebSocket] Suppressed error to prevent crash: Unexpected server response: 404
[12:48:10.013] [PAI SDK] WebSocket closed, reconnecting (1/3)...
[12:48:20.200] [Global WebSocket] Suppressed error to prevent crash: Unexpected server response: 404
[12:48:20.200] [PAI SDK] WebSocket closed, reconnecting (1/3)...
[12:48:30.478] [Global WebSocket] Suppressed error to prevent crash: Unexpected server response: 404
[12:48:30.478] [PAI SDK] WebSocket closed, reconnecting (1/3)...
[12:48:40.657] [Global WebSocket] Suppressed error to prevent crash: Unexpected server response: 404
[12:48:40.658] [PAI SDK] WebSocket closed, reconnecting (1/3)...
[12:48:50.905] [Global WebSocket] Suppressed error to prevent crash: Unexpected server response: 404
[12:48:50.906] [PAI SDK] WebSocket closed, reconnecting (1/3)...
[12:49:01.089] [Global WebSocket] Suppressed error to prevent crash: Unexpected server response: 404
[12:49:01.089] [PAI SDK] WebSocket closed, reconnecting (1/3)...
[12:49:11.299] [Global WebSocket] Suppressed error to prevent crash: Unexpected server response: 404
[12:49:11.299] [PAI SDK] WebSocket closed, reconnecting (1/3)...
[12:49:21.504] [Global WebSocket] Suppressed error to prevent crash: Unexpected server response: 404
[12:49:21.505] [PAI SDK] WebSocket closed, reconnecting (1/3)...
[12:49:31.691] [Global WebSocket] Suppressed error to prevent crash: Unexpected server response: 404
[12:49:31.692] [PAI SDK] WebSocket closed, reconnecting (1/3)...
[12:49:41.893] [Global WebSocket] Suppressed error to prevent crash: Unexpected server response: 404
[12:49:41.893] [PAI SDK] WebSocket closed, reconnecting (1/3)...
[12:49:52.093] [Global WebSocket] Suppressed error to prevent crash: Unexpected server response: 404
[12:49:52.093] [PAI SDK] WebSocket closed, reconnecting (1/3)...
[12:50:02.279] [Global WebSocket] Suppressed error to prevent crash: Unexpected server response: 404
[12:50:02.280] [PAI SDK] WebSocket closed, reconnecting (1/3)...
[12:50:12.509] [Global WebSocket] Suppressed error to prevent crash: Unexpected server response: 404
[12:50:12.509] [PAI SDK] WebSocket closed, reconnecting (1/3)...
[12:50:22.721] [Global WebSocket] Suppressed error to prevent crash: Unexpected server response: 404
[12:50:22.721] [PAI SDK] WebSocket closed, reconnecting (1/3)...
[12:50:32.916] [Global WebSocket] Suppressed error to prevent crash: Unexpected server response: 404
[12:50:32.916] [PAI SDK] WebSocket closed, reconnecting (1/3)...
[12:50:43.112] [Global WebSocket] Suppressed error to prevent crash: Unexpected server response: 404
[12:50:43.112] [PAI SDK] WebSocket closed, reconnecting (1/3)...
[12:50:53.292] [Global WebSocket] Suppressed error to prevent crash: Unexpected server response: 404
[12:50:53.293] [PAI SDK] WebSocket closed, reconnecting (1/3)...
[12:51:03.520] [Global WebSocket] Suppressed error to prevent crash: Unexpected server response: 404
[12:51:03.520] [PAI SDK] WebSocket closed, reconnecting (1/3)...
[12:51:13.720] [Global WebSocket] Suppressed error to prevent crash: Unexpected server response: 404
[12:51:13.721] [PAI SDK] WebSocket closed, reconnecting (1/3)...
[12:51:23.924] [Global WebSocket] Suppressed error to prevent crash: Unexpected server response: 404
[12:51:23.925] [PAI SDK] WebSocket closed, reconnecting (1/3)...
[12:51:34.127] [Global WebSocket] Suppressed error to prevent crash: Unexpected server response: 404
[12:51:34.127] [PAI SDK] WebSocket closed, reconnecting (1/3)...
[12:51:44.327] [Global WebSocket] Suppressed error to prevent crash: Unexpected server response: 404
[12:51:44.329] [PAI SDK] WebSocket closed, reconnecting (1/3)...
[12:51:54.514] [Global WebSocket] Suppressed error to prevent crash: Unexpected server response: 404
[12:51:54.514] [PAI SDK] WebSocket closed, reconnecting (1/3)...
[12:52:04.714] [Global WebSocket] Suppressed error to prevent crash: Unexpected server response: 404
[12:52:04.715] [PAI SDK] WebSocket closed, reconnecting (1/3)...
[12:52:14.907] [Global WebSocket] Suppressed error to prevent crash: Unexpected server response: 404
[12:52:14.908] [PAI SDK] WebSocket closed, reconnecting (1/3)...
[12:52:25.099] [Global WebSocket] Suppressed error to prevent crash: Unexpected server response: 404
[12:52:25.100] [PAI SDK] WebSocket closed, reconnecting (1/3)...
[12:52:35.283] [Global WebSocket] Suppressed error to prevent crash: Unexpected server response: 404
[12:52:35.284] [PAI SDK] WebSocket closed, reconnecting (1/3)...
[12:52:45.480] [Global WebSocket] Suppressed error to prevent crash: Unexpected server response: 404
[12:52:45.481] [PAI SDK] WebSocket closed, reconnecting (1/3)...
[12:52:55.679] [Global WebSocket] Suppressed error to prevent crash: Unexpected server response: 404
[12:52:55.680] [PAI SDK] WebSocket closed, reconnecting (1/3)...
[12:53:05.864] [Global WebSocket] Suppressed error to prevent crash: Unexpected server response: 404
[12:53:05.865] [PAI SDK] WebSocket closed, reconnecting (1/3)...
[12:53:16.046] [Global WebSocket] Suppressed error to prevent crash: Unexpected server response: 404
[12:53:16.047] [PAI SDK] WebSocket closed, reconnecting (1/3)...
[12:53:26.250] [Global WebSocket] Suppressed error to prevent crash: Unexpected server response: 404
[12:53:26.251] [PAI SDK] WebSocket closed, reconnecting (1/3)...
[12:53:36.456] [Global WebSocket] Suppressed error to prevent crash: Unexpected server response: 404
[12:53:36.457] [PAI SDK] WebSocket closed, reconnecting (1/3)...
[12:53:46.693] [Global WebSocket] Suppressed error to prevent crash: Unexpected server response: 404
[12:53:46.694] [PAI SDK] WebSocket closed, reconnecting (1/3)...
[12:53:56.900] [Global WebSocket] Suppressed error to prevent crash: Unexpected server response: 404
[12:53:56.902] [PAI SDK] WebSocket closed, reconnecting (1/3)...
[12:54:07.202] [Global WebSocket] Suppressed error to prevent crash: Unexpected server response: 404
[12:54:07.204] [PAI SDK] WebSocket closed, reconnecting (1/3)...
[12:54:17.407] [Global WebSocket] Suppressed error to prevent crash: Unexpected server response: 404
[12:54:17.408] [PAI SDK] WebSocket closed, reconnecting (1/3)...
[12:54:27.767] [Global WebSocket] Suppressed error to prevent crash: Unexpected server response: 404
[12:54:27.768] [PAI SDK] WebSocket closed, reconnecting (1/3)...
[12:54:37.956] [Global WebSocket] Suppressed error to prevent crash: Unexpected server response: 404
[12:54:37.956] [PAI SDK] WebSocket closed, reconnecting (1/3)...
[12:54:48.318] [Global WebSocket] Suppressed error to prevent crash: Unexpected server response: 404
[12:54:48.318] [PAI SDK] WebSocket closed, reconnecting (1/3)...
[12:54:58.515] [Global WebSocket] Suppressed error to prevent crash: Unexpected server response: 404
[12:54:58.516] [PAI SDK] WebSocket closed, reconnecting (1/3)...
[12:55:08.794] [Global WebSocket] Suppressed error to prevent crash: Unexpected server response: 404
[12:55:08.795] [PAI SDK] WebSocket closed, reconnecting (1/3)...
[12:55:18.994] [Global WebSocket] Suppressed error to prevent crash: Unexpected server response: 404
[12:55:18.995] [PAI SDK] WebSocket closed, reconnecting (1/3)...
[12:55:29.305] [Global WebSocket] Suppressed error to prevent crash: Unexpected server response: 404
[12:55:29.306] [PAI SDK] WebSocket closed, reconnecting (1/3)...
[12:55:39.491] [Global WebSocket] Suppressed error to prevent crash: Unexpected server response: 404
[12:55:39.492] [PAI SDK] WebSocket closed, reconnecting (1/3)...
[12:55:49.813] [Global WebSocket] Suppressed error to prevent crash: Unexpected server response: 404
[12:55:49.814] [PAI SDK] WebSocket closed, reconnecting (1/3)...
[12:56:00.004] [Global WebSocket] Suppressed error to prevent crash: Unexpected server response: 404
[12:56:00.004] [PAI SDK] WebSocket closed, reconnecting (1/3)...
[12:56:10.313] [Global WebSocket] Suppressed error to prevent crash: Unexpected server response: 404
[12:56:10.313] [PAI SDK] WebSocket closed, reconnecting (1/3)...
[12:56:20.502] [Global WebSocket] Suppressed error to prevent crash: Unexpected server response: 404
[12:56:20.503] [PAI SDK] WebSocket closed, reconnecting (1/3)...
[12:56:30.835] [Global WebSocket] Suppressed error to prevent crash: Unexpected server response: 404
[12:56:30.836] [PAI SDK] WebSocket closed, reconnecting (1/3)...
[12:56:41.034] [Global WebSocket] Suppressed error to prevent crash: Unexpected server response: 404
[12:56:41.035] [PAI SDK] WebSocket closed, reconnecting (1/3)...
[12:56:51.304] [Global WebSocket] Suppressed error to prevent crash: Unexpected server response: 404
[12:56:51.304] [PAI SDK] WebSocket closed, reconnecting (1/3)...
[12:57:01.489] [Global WebSocket] Suppressed error to prevent crash: Unexpected server response: 404
[12:57:01.490] [PAI SDK] WebSocket closed, reconnecting (1/3)...
[12:57:11.768] [Global WebSocket] Suppressed error to prevent crash: Unexpected server response: 404
[12:57:11.769] [PAI SDK] WebSocket closed, reconnecting (1/3)...
[12:57:21.958] [Global WebSocket] Suppressed error to prevent crash: Unexpected server response: 404
[12:57:21.959] [PAI SDK] WebSocket closed, reconnecting (1/3)...
[12:57:32.278] [Global WebSocket] Suppressed error to prevent crash: Unexpected server response: 404
[12:57:32.279] [PAI SDK] WebSocket closed, reconnecting (1/3)...
[12:57:42.480] [Global WebSocket] Suppressed error to prevent crash: Unexpected server response: 404
[12:57:42.481] [PAI SDK] WebSocket closed, reconnecting (1/3)...
[12:57:52.817] [Global WebSocket] Suppressed error to prevent crash: Unexpected server response: 404
[12:57:52.817] [PAI SDK] WebSocket closed, reconnecting (1/3)...
[12:58:03.019] [Global WebSocket] Suppressed error to prevent crash: Unexpected server response: 404
[12:58:03.020] [PAI SDK] WebSocket closed, reconnecting (1/3)...
[12:58:13.298] [Global WebSocket] Suppressed error to prevent crash: Unexpected server response: 404
[12:58:13.298] [PAI SDK] WebSocket closed, reconnecting (1/3)...
[12:58:23.497] [Global WebSocket] Suppressed error to prevent crash: Unexpected server response: 404
[12:58:23.498] [PAI SDK] WebSocket closed, reconnecting (1/3)...
[12:58:33.707] [Global WebSocket] Suppressed error to prevent crash: Unexpected server response: 404
[12:58:33.708] [PAI SDK] WebSocket closed, reconnecting (1/3)...
[12:58:43.895] [Global WebSocket] Suppressed error to prevent crash: Unexpected server response: 404
[12:58:43.896] [PAI SDK] WebSocket closed, reconnecting (1/3)...
[12:58:54.104] [Global WebSocket] Suppressed error to prevent crash: Unexpected server response: 404
[12:58:54.104] [PAI SDK] WebSocket closed, reconnecting (1/3)...
[12:59:04.293] [Global WebSocket] Suppressed error to prevent crash: Unexpected server response: 404
[12:59:04.293] [PAI SDK] WebSocket closed, reconnecting (1/3)...
[12:59:14.501] [Global WebSocket] Suppressed error to prevent crash: Unexpected server response: 404
[12:59:14.502] [PAI SDK] WebSocket closed, reconnecting (1/3)...
[12:59:24.691] [Global WebSocket] Suppressed error to prevent crash: Unexpected server response: 404
[12:59:24.692] [PAI SDK] WebSocket closed, reconnecting (1/3)...
[12:59:34.891] [Global WebSocket] Suppressed error to prevent crash: Unexpected server response: 404
[12:59:34.892] [PAI SDK] WebSocket closed, reconnecting (1/3)...
[12:59:45.080] [Global WebSocket] Suppressed error to prevent crash: Unexpected server response: 404
[12:59:45.080] [PAI SDK] WebSocket closed, reconnecting (1/3)...
[12:59:55.294] [Global WebSocket] Suppressed error to prevent crash: Unexpected server response: 404
[12:59:55.295] [PAI SDK] WebSocket closed, reconnecting (1/3)...
[13:00:05.504] [Global WebSocket] Suppressed error to prevent crash: Unexpected server response: 404
[13:00:05.505] [PAI SDK] WebSocket closed, reconnecting (1/3)...
[13:00:15.714] [Global WebSocket] Suppressed error to prevent crash: Unexpected server response: 404
[13:00:15.715] [PAI SDK] WebSocket closed, reconnecting (1/3)...
[13:00:25.903] [Global WebSocket] Suppressed error to prevent crash: Unexpected server response: 404
[13:00:25.903] [PAI SDK] WebSocket closed, reconnecting (1/3)...
[13:00:36.095] [Global WebSocket] Suppressed error to prevent crash: Unexpected server response: 404
[13:00:36.095] [PAI SDK] WebSocket closed, reconnecting (1/3)...
[13:00:46.307] [Global WebSocket] Suppressed error to prevent crash: Unexpected server response: 404
[13:00:46.308] [PAI SDK] WebSocket closed, reconnecting (1/3)...
[13:00:56.495] [Global WebSocket] Suppressed error to prevent crash: Unexpected server response: 404
[13:00:56.495] [PAI SDK] WebSocket closed, reconnecting (1/3)...
[13:01:06.702] [Global WebSocket] Suppressed error to prevent crash: Unexpected server response: 404
[13:01:06.702] [PAI SDK] WebSocket closed, reconnecting (1/3)...
[13:01:16.902] [Global WebSocket] Suppressed error to prevent crash: Unexpected server response: 404
[13:01:16.902] [PAI SDK] WebSocket closed, reconnecting (1/3)...
[13:01:27.089] [Global WebSocket] Suppressed error to prevent crash: Unexpected server response: 404
[13:01:27.090] [PAI SDK] WebSocket closed, reconnecting (1/3)...
[13:01:37.356] [Global WebSocket] Suppressed error to prevent crash: Unexpected server response: 404
[13:01:37.357] [PAI SDK] WebSocket closed, reconnecting (1/3)...
[13:01:47.555] [Global WebSocket] Suppressed error to prevent crash: Unexpected server response: 404
[13:01:47.556] [PAI SDK] WebSocket closed, reconnecting (1/3)...
[13:01:57.841] [Global WebSocket] Suppressed error to prevent crash: Unexpected server response: 404
[13:01:57.842] [PAI SDK] WebSocket closed, reconnecting (1/3)...
[13:02:08.043] [Global WebSocket] Suppressed error to prevent crash: Unexpected server response: 404
[13:02:08.043] [PAI SDK] WebSocket closed, reconnecting (1/3)...
[13:02:18.312] [Global WebSocket] Suppressed error to prevent crash: Unexpected server response: 404
[13:02:18.312] [PAI SDK] WebSocket closed, reconnecting (1/3)...
[13:02:28.503] [Global WebSocket] Suppressed error to prevent crash: Unexpected server response: 404
[13:02:28.503] [PAI SDK] WebSocket closed, reconnecting (1/3)...
[13:02:38.782] [Global WebSocket] Suppressed error to prevent crash: Unexpected server response: 404
[13:02:38.783] [PAI SDK] WebSocket closed, reconnecting (1/3)...
[13:02:48.981] [Global WebSocket] Suppressed error to prevent crash: Unexpected server response: 404
[13:02:48.981] [PAI SDK] WebSocket closed, reconnecting (1/3)...
[13:02:59.330] [Global WebSocket] Suppressed error to prevent crash: Unexpected server response: 404
[13:02:59.331] [PAI SDK] WebSocket closed, reconnecting (1/3)...
[13:03:09.532] [Global WebSocket] Suppressed error to prevent crash: Unexpected server response: 404
[13:03:09.532] [PAI SDK] WebSocket closed, reconnecting (1/3)...
[13:03:19.870] [Global WebSocket] Suppressed error to prevent crash: Unexpected server response: 404
[13:03:19.871] [PAI SDK] WebSocket closed, reconnecting (1/3)...
[13:03:30.070] [Global WebSocket] Suppressed error to prevent crash: Unexpected server response: 404
[13:03:30.072] [PAI SDK] WebSocket closed, reconnecting (1/3)...
[13:03:40.416] [Global WebSocket] Suppressed error to prevent crash: Unexpected server response: 404
[13:03:40.417] [PAI SDK] WebSocket closed, reconnecting (1/3)...
[13:03:50.617] [Global WebSocket] Suppressed error to prevent crash: Unexpected server response: 404
[13:03:50.618] [PAI SDK] WebSocket closed, reconnecting (1/3)...
[13:04:00.869] [Global WebSocket] Suppressed error to prevent crash: Unexpected server response: 404
[13:04:00.869] [PAI SDK] WebSocket closed, reconnecting (1/3)...
[13:04:11.074] [Global WebSocket] Suppressed error to prevent crash: Unexpected server response: 404
[13:04:11.075] [PAI SDK] WebSocket closed, reconnecting (1/3)...
[13:04:21.353] [Global WebSocket] Suppressed error to prevent crash: Unexpected server response: 404
[13:04:21.354] [PAI SDK] WebSocket closed, reconnecting (1/3)...
[13:04:31.552] [Global WebSocket] Suppressed error to prevent crash: Unexpected server response: 404
[13:04:31.553] [PAI SDK] WebSocket closed, reconnecting (1/3)...
[13:04:41.760] [Global WebSocket] Suppressed error to prevent crash: Unexpected server response: 404
[13:04:41.760] [PAI SDK] WebSocket closed, reconnecting (1/3)...
[13:04:51.943] [Global WebSocket] Suppressed error to prevent crash: Unexpected server response: 404
[13:04:51.944] [PAI SDK] WebSocket closed, reconnecting (1/3)...
[13:05:02.140] [Global WebSocket] Suppressed error to prevent crash: Unexpected server response: 404
[13:05:02.140] [PAI SDK] WebSocket closed, reconnecting (1/3)...
[13:05:12.342] [Global WebSocket] Suppressed error to prevent crash: Unexpected server response: 404
[13:05:12.342] [PAI SDK] WebSocket closed, reconnecting (1/3)...
[13:05:22.537] [Global WebSocket] Suppressed error to prevent crash: Unexpected server response: 404
[13:05:22.537] [PAI SDK] WebSocket closed, reconnecting (1/3)...
[13:05:32.743] [Global WebSocket] Suppressed error to prevent crash: Unexpected server response: 404
[13:05:32.744] [PAI SDK] WebSocket closed, reconnecting (1/3)...
[13:05:42.944] [Global WebSocket] Suppressed error to prevent crash: Unexpected server response: 404
[13:05:42.945] [PAI SDK] WebSocket closed, reconnecting (1/3)...
[13:05:53.134] [Global WebSocket] Suppressed error to prevent crash: Unexpected server response: 404
[13:05:53.135] [PAI SDK] WebSocket closed, reconnecting (1/3)...
[13:06:03.331] [Global WebSocket] Suppressed error to prevent crash: Unexpected server response: 404
[13:06:03.331] [PAI SDK] WebSocket closed, reconnecting (1/3)...
[13:06:13.518] [Global WebSocket] Suppressed error to prevent crash: Unexpected server response: 404
[13:06:13.519] [PAI SDK] WebSocket closed, reconnecting (1/3)...
[13:06:23.716] [Global WebSocket] Suppressed error to prevent crash: Unexpected server response: 404
[13:06:23.717] [PAI SDK] WebSocket closed, reconnecting (1/3)...
[13:06:33.917] [Global WebSocket] Suppressed error to prevent crash: Unexpected server response: 404
[13:06:33.917] [PAI SDK] WebSocket closed, reconnecting (1/3)...
[13:06:44.102] [Global WebSocket] Suppressed error to prevent crash: Unexpected server response: 404
[13:06:44.102] [PAI SDK] WebSocket closed, reconnecting (1/3)...
[13:06:54.287] [Global WebSocket] Suppressed error to prevent crash: Unexpected server response: 404
[13:06:54.288] [PAI SDK] WebSocket closed, reconnecting (1/3)...
[13:07:04.495] [Global WebSocket] Suppressed error to prevent crash: Unexpected server response: 404
[13:07:04.495] [PAI SDK] WebSocket closed, reconnecting (1/3)...
[13:07:14.685] [Global WebSocket] Suppressed error to prevent crash: Unexpected server response: 404
[13:07:14.686] [PAI SDK] WebSocket closed, reconnecting (1/3)...
[13:07:24.876] [Global WebSocket] Suppressed error to prevent crash: Unexpected server response: 404
[13:07:24.877] [PAI SDK] WebSocket closed, reconnecting (1/3)...
[13:07:35.070] [Global WebSocket] Suppressed error to prevent crash: Unexpected server response: 404
[13:07:35.070] [PAI SDK] WebSocket closed, reconnecting (1/3)...
[13:07:45.270] [Global WebSocket] Suppressed error to prevent crash: Unexpected server response: 404
[13:07:45.271] [PAI SDK] WebSocket closed, reconnecting (1/3)...
[13:07:55.468] [Global WebSocket] Suppressed error to prevent crash: Unexpected server response: 404
[13:07:55.469] [PAI SDK] WebSocket closed, reconnecting (1/3)...
[13:08:05.669] [Global WebSocket] Suppressed error to prevent crash: Unexpected server response: 404
[13:08:05.670] [PAI SDK] WebSocket closed, reconnecting (1/3)...
[13:08:15.847] [Global WebSocket] Suppressed error to prevent crash: Unexpected server response: 404
[13:08:15.848] [PAI SDK] WebSocket closed, reconnecting (1/3)...
[13:08:26.042] [Global WebSocket] Suppressed error to prevent crash: Unexpected server response: 404
[13:08:26.042] [PAI SDK] WebSocket closed, reconnecting (1/3)...
[13:08:36.221] [Global WebSocket] Suppressed error to prevent crash: Unexpected server response: 404
[13:08:36.221] [PAI SDK] WebSocket closed, reconnecting (1/3)...
[13:08:46.412] [Global WebSocket] Suppressed error to prevent crash: Unexpected server response: 404
[13:08:46.412] [PAI SDK] WebSocket closed, reconnecting (1/3)...
[13:08:56.605] [Global WebSocket] Suppressed error to prevent crash: Unexpected server response: 404
[13:08:56.606] [PAI SDK] WebSocket closed, reconnecting (1/3)...
[13:09:06.802] [Global WebSocket] Suppressed error to prevent crash: Unexpected server response: 404
[13:09:06.803] [PAI SDK] WebSocket closed, reconnecting (1/3)...
[13:09:16.995] [Global WebSocket] Suppressed error to prevent crash: Unexpected server response: 404
[13:09:16.996] [PAI SDK] WebSocket closed, reconnecting (1/3)...
[13:09:27.171] [Global WebSocket] Suppressed error to prevent crash: Unexpected server response: 404
[13:09:27.172] [PAI SDK] WebSocket closed, reconnecting (1/3)...
[13:09:37.356] [Global WebSocket] Suppressed error to prevent crash: Unexpected server response: 404
[13:09:37.356] [PAI SDK] WebSocket closed, reconnecting (1/3)...
[13:09:47.567] [Global WebSocket] Suppressed error to prevent crash: Unexpected server response: 404
[13:09:47.568] [PAI SDK] WebSocket closed, reconnecting (1/3)...
[13:09:57.775] [Global WebSocket] Suppressed error to prevent crash: Unexpected server response: 404
[13:09:57.776] [PAI SDK] WebSocket closed, reconnecting (1/3)...
[13:10:07.964] [Global WebSocket] Suppressed error to prevent crash: Unexpected server response: 404
[13:10:07.965] [PAI SDK] WebSocket closed, reconnecting (1/3)...
[13:10:18.165] [Global WebSocket] Suppressed error to prevent crash: Unexpected server response: 404
[13:10:18.166] [PAI SDK] WebSocket closed, reconnecting (1/3)...
[13:10:28.363] [Global WebSocket] Suppressed error to prevent crash: Unexpected server response: 404
[13:10:28.364] [PAI SDK] WebSocket closed, reconnecting (1/3)...
[13:10:38.569] [Global WebSocket] Suppressed error to prevent crash: Unexpected server response: 404
[13:10:38.570] [PAI SDK] WebSocket closed, reconnecting (1/3)...
[13:10:48.768] [Global WebSocket] Suppressed error to prevent crash: Unexpected server response: 404
[13:10:48.769] [PAI SDK] WebSocket closed, reconnecting (1/3)...
[13:10:58.951] [Global WebSocket] Suppressed error to prevent crash: Unexpected server response: 404
[13:10:58.951] [PAI SDK] WebSocket closed, reconnecting (1/3)...
[13:11:09.144] [Global WebSocket] Suppressed error to prevent crash: Unexpected server response: 404
[13:11:09.144] [PAI SDK] WebSocket closed, reconnecting (1/3)...
[13:11:19.433] [Global WebSocket] Suppressed error to prevent crash: Unexpected server response: 404
[13:11:19.433] [PAI SDK] WebSocket closed, reconnecting (1/3)...
[13:11:29.621] [Global WebSocket] Suppressed error to prevent crash: Unexpected server response: 404
[13:11:29.621] [PAI SDK] WebSocket closed, reconnecting (1/3)...
[13:11:39.889] [Global WebSocket] Suppressed error to prevent crash: Unexpected server response: 404
[13:11:39.889] [PAI SDK] WebSocket closed, reconnecting (1/3)...
[13:11:50.097] [Global WebSocket] Suppressed error to prevent crash: Unexpected server response: 404
[13:11:50.098] [PAI SDK] WebSocket closed, reconnecting (1/3)...
[13:12:00.440] [Global WebSocket] Suppressed error to prevent crash: Unexpected server response: 404
[13:12:00.440] [PAI SDK] WebSocket closed, reconnecting (1/3)...
[13:12:10.618] [Global WebSocket] Suppressed error to prevent crash: Unexpected server response: 404
[13:12:10.619] [PAI SDK] WebSocket closed, reconnecting (1/3)...
[13:12:20.920] [Global WebSocket] Suppressed error to prevent crash: Unexpected server response: 404
[13:12:20.921] [PAI SDK] WebSocket closed, reconnecting (1/3)...
[13:12:31.109] [Global WebSocket] Suppressed error to prevent crash: Unexpected server response: 404
[13:12:31.110] [PAI SDK] WebSocket closed, reconnecting (1/3)...
[13:12:41.420] [Global WebSocket] Suppressed error to prevent crash: Unexpected server response: 404
[13:12:41.420] [PAI SDK] WebSocket closed, reconnecting (1/3)...
[13:12:51.614] [Global WebSocket] Suppressed error to prevent crash: Unexpected server response: 404
[13:12:51.615] [PAI SDK] WebSocket closed, reconnecting (1/3)...
[13:13:01.915] [Global WebSocket] Suppressed error to prevent crash: Unexpected server response: 404
[13:13:01.916] [PAI SDK] WebSocket closed, reconnecting (1/3)...
[13:13:12.122] [Global WebSocket] Suppressed error to prevent crash: Unexpected server response: 404
[13:13:12.123] [PAI SDK] WebSocket closed, reconnecting (1/3)...
[13:13:22.386] [Global WebSocket] Suppressed error to prevent crash: Unexpected server response: 404
[13:13:22.387] [PAI SDK] WebSocket closed, reconnecting (1/3)...
[13:13:32.573] [Global WebSocket] Suppressed error to prevent crash: Unexpected server response: 404
[13:13:32.574] [PAI SDK] WebSocket closed, reconnecting (1/3)...
[13:13:42.888] [Global WebSocket] Suppressed error to prevent crash: Unexpected server response: 404
[13:13:42.889] [PAI SDK] WebSocket closed, reconnecting (1/3)...
[13:13:53.069] [Global WebSocket] Suppressed error to prevent crash: Unexpected server response: 404
[13:13:53.070] [PAI SDK] WebSocket closed, reconnecting (1/3)...
[13:14:03.369] [Global WebSocket] Suppressed error to prevent crash: Unexpected server response: 404
[13:14:03.369] [PAI SDK] WebSocket closed, reconnecting (1/3)...
[13:14:13.563] [Global WebSocket] Suppressed error to prevent crash: Unexpected server response: 404
[13:14:13.564] [PAI SDK] WebSocket closed, reconnecting (1/3)...
[13:14:23.881] [Global WebSocket] Suppressed error to prevent crash: Unexpected server response: 404
[13:14:23.881] [PAI SDK] WebSocket closed, reconnecting (1/3)...
[13:14:34.077] [Global WebSocket] Suppressed error to prevent crash: Unexpected server response: 404
[13:14:34.077] [PAI SDK] WebSocket closed, reconnecting (1/3)...
[13:14:44.415] [Global WebSocket] Suppressed error to prevent crash: Unexpected server response: 404
[13:14:44.416] [PAI SDK] WebSocket closed, reconnecting (1/3)...
[13:14:54.613] [Global WebSocket] Suppressed error to prevent crash: Unexpected server response: 404
[13:14:54.614] [PAI SDK] WebSocket closed, reconnecting (1/3)...
[13:15:04.969] [Global WebSocket] Suppressed error to prevent crash: Unexpected server response: 404
[13:15:04.970] [PAI SDK] WebSocket closed, reconnecting (1/3)...
[13:15:15.155] [Global WebSocket] Suppressed error to prevent crash: Unexpected server response: 404
[13:15:15.156] [PAI SDK] WebSocket closed, reconnecting (1/3)...
[13:15:25.448] [Global WebSocket] Suppressed error to prevent crash: Unexpected server response: 404
[13:15:25.449] [PAI SDK] WebSocket closed, reconnecting (1/3)...
[13:15:35.633] [Global WebSocket] Suppressed error to prevent crash: Unexpected server response: 404
[13:15:35.634] [PAI SDK] WebSocket closed, reconnecting (1/3)...
[13:15:45.945] [Global WebSocket] Suppressed error to prevent crash: Unexpected server response: 404
[13:15:45.946] [PAI SDK] WebSocket closed, reconnecting (1/3)...
[13:15:56.140] [Global WebSocket] Suppressed error to prevent crash: Unexpected server response: 404
[13:15:56.141] [PAI SDK] WebSocket closed, reconnecting (1/3)...
[13:16:06.408] [Global WebSocket] Suppressed error to prevent crash: Unexpected server response: 404
[13:16:06.409] [PAI SDK] WebSocket closed, reconnecting (1/3)...
[13:16:16.602] [Global WebSocket] Suppressed error to prevent crash: Unexpected server response: 404
[13:16:16.602] [PAI SDK] WebSocket closed, reconnecting (1/3)...
[13:16:26.790] [Global WebSocket] Suppressed error to prevent crash: Unexpected server response: 404
[13:16:26.790] [PAI SDK] WebSocket closed, reconnecting (1/3)...
[13:16:36.993] [Global WebSocket] Suppressed error to prevent crash: Unexpected server response: 404
[13:16:36.994] [PAI SDK] WebSocket closed, reconnecting (1/3)...
[13:16:47.197] [Global WebSocket] Suppressed error to prevent crash: Unexpected server response: 404
[13:16:47.198] [PAI SDK] WebSocket closed, reconnecting (1/3)...
[13:16:57.386] [Global WebSocket] Suppressed error to prevent crash: Unexpected server response: 404
[13:16:57.387] [PAI SDK] WebSocket closed, reconnecting (1/3)...
[13:17:07.601] [Global WebSocket] Suppressed error to prevent crash: Unexpected server response: 404
[13:17:07.602] [PAI SDK] WebSocket closed, reconnecting (1/3)...
[13:17:17.838] [Global WebSocket] Suppressed error to prevent crash: Unexpected server response: 404
[13:17:17.839] [PAI SDK] WebSocket closed, reconnecting (1/3)...
[13:17:28.099] [Global WebSocket] Suppressed error to prevent crash: Unexpected server response: 404
[13:17:28.100] [PAI SDK] WebSocket closed, reconnecting (1/3)...
[13:17:38.279] [Global WebSocket] Suppressed error to prevent crash: Unexpected server response: 404
[13:17:38.279] [PAI SDK] WebSocket closed, reconnecting (1/3)...
[13:17:48.562] [Global WebSocket] Suppressed error to prevent crash: Unexpected server response: 404
[13:17:48.562] [PAI SDK] WebSocket closed, reconnecting (1/3)...
[13:17:58.758] [Global WebSocket] Suppressed error to prevent crash: Unexpected server response: 404
[13:17:58.759] [PAI SDK] WebSocket closed, reconnecting (1/3)...
[13:18:09.053] [Global WebSocket] Suppressed error to prevent crash: Unexpected server response: 404
[13:18:09.054] [PAI SDK] WebSocket closed, reconnecting (1/3)...
[13:18:19.241] [Global WebSocket] Suppressed error to prevent crash: Unexpected server response: 404
[13:18:19.242] [PAI SDK] WebSocket closed, reconnecting (1/3)...
[13:18:29.525] [Global WebSocket] Suppressed error to prevent crash: Unexpected server response: 404
[13:18:29.526] [PAI SDK] WebSocket closed, reconnecting (1/3)...
[13:18:39.723] [Global WebSocket] Suppressed error to prevent crash: Unexpected server response: 404
[13:18:39.723] [PAI SDK] WebSocket closed, reconnecting (1/3)...
[13:18:50.002] [Global WebSocket] Suppressed error to prevent crash: Unexpected server response: 404
[13:18:50.002] [PAI SDK] WebSocket closed, reconnecting (1/3)...
[13:19:00.201] [Global WebSocket] Suppressed error to prevent crash: Unexpected server response: 404
[13:19:00.201] [PAI SDK] WebSocket closed, reconnecting (1/3)...
[13:19:10.528] [Global WebSocket] Suppressed error to prevent crash: Unexpected server response: 404
[13:19:10.529] [PAI SDK] WebSocket closed, reconnecting (1/3)...
[13:19:20.717] [Global WebSocket] Suppressed error to prevent crash: Unexpected server response: 404
[13:19:20.718] [PAI SDK] WebSocket closed, reconnecting (1/3)...
[13:19:31.032] [Global WebSocket] Suppressed error to prevent crash: Unexpected server response: 404
[13:19:31.033] [PAI SDK] WebSocket closed, reconnecting (1/3)...
[13:19:41.236] [Global WebSocket] Suppressed error to prevent crash: Unexpected server response: 404
[13:19:41.237] [PAI SDK] WebSocket closed, reconnecting (1/3)...
[13:19:51.519] [Global WebSocket] Suppressed error to prevent crash: Unexpected server response: 404
[13:19:51.520] [PAI SDK] WebSocket closed, reconnecting (1/3)...
[13:20:01.720] [Global WebSocket] Suppressed error to prevent crash: Unexpected server response: 404
[13:20:01.721] [PAI SDK] WebSocket closed, reconnecting (1/3)...
[13:20:11.952] [Global WebSocket] Suppressed error to prevent crash: Unexpected server response: 404
[13:20:11.953] [PAI SDK] WebSocket closed, reconnecting (1/3)...
[13:20:22.138] [Global WebSocket] Suppressed error to prevent crash: Unexpected server response: 404
[13:20:22.139] [PAI SDK] WebSocket closed, reconnecting (1/3)...
[13:20:32.319] [Global WebSocket] Suppressed error to prevent crash: Unexpected server response: 404
[13:20:32.320] [PAI SDK] WebSocket closed, reconnecting (1/3)...
[13:20:42.519] [Global WebSocket] Suppressed error to prevent crash: Unexpected server response: 404
[13:20:42.520] [PAI SDK] WebSocket closed, reconnecting (1/3)...
[13:20:52.711] [Global WebSocket] Suppressed error to prevent crash: Unexpected server response: 404
[13:20:52.712] [PAI SDK] WebSocket closed, reconnecting (1/3)...
[13:21:02.908] [Global WebSocket] Suppressed error to prevent crash: Unexpected server response: 404
[13:21:02.909] [PAI SDK] WebSocket closed, reconnecting (1/3)...
[13:21:13.092] [Global WebSocket] Suppressed error to prevent crash: Unexpected server response: 404
[13:21:13.093] [PAI SDK] WebSocket closed, reconnecting (1/3)...
[13:21:23.295] [Global WebSocket] Suppressed error to prevent crash: Unexpected server response: 404
[13:21:23.296] [PAI SDK] WebSocket closed, reconnecting (1/3)...
[13:21:33.491] [Global WebSocket] Suppressed error to prevent crash: Unexpected server response: 404
[13:21:33.491] [PAI SDK] WebSocket closed, reconnecting (1/3)...
[13:21:43.685] [Global WebSocket] Suppressed error to prevent crash: Unexpected server response: 404
[13:21:43.685] [PAI SDK] WebSocket closed, reconnecting (1/3)...
[13:21:53.871] [Global WebSocket] Suppressed error to prevent crash: Unexpected server response: 404
[13:21:53.872] [PAI SDK] WebSocket closed, reconnecting (1/3)...
[13:22:04.069] [Global WebSocket] Suppressed error to prevent crash: Unexpected server response: 404
[13:22:04.069] [PAI SDK] WebSocket closed, reconnecting (1/3)...
[13:22:14.256] [Global WebSocket] Suppressed error to prevent crash: Unexpected server response: 404
[13:22:14.257] [PAI SDK] WebSocket closed, reconnecting (1/3)...
[13:22:24.450] [Global WebSocket] Suppressed error to prevent crash: Unexpected server response: 404
[13:22:24.450] [PAI SDK] WebSocket closed, reconnecting (1/3)...
[13:22:34.636] [Global WebSocket] Suppressed error to prevent crash: Unexpected server response: 404
[13:22:34.637] [PAI SDK] WebSocket closed, reconnecting (1/3)...
[13:22:44.833] [Global WebSocket] Suppressed error to prevent crash: Unexpected server response: 404
[13:22:44.833] [PAI SDK] WebSocket closed, reconnecting (1/3)...
[13:22:55.022] [Global WebSocket] Suppressed error to prevent crash: Unexpected server response: 404
[13:22:55.022] [PAI SDK] WebSocket closed, reconnecting (1/3)...
[13:23:05.221] [Global WebSocket] Suppressed error to prevent crash: Unexpected server response: 404
[13:23:05.221] [PAI SDK] WebSocket closed, reconnecting (1/3)...
[13:23:15.438] [Global WebSocket] Suppressed error to prevent crash: Unexpected server response: 404
[13:23:15.439] [PAI SDK] WebSocket closed, reconnecting (1/3)...
[13:23:25.637] [Global WebSocket] Suppressed error to prevent crash: Unexpected server response: 404
[13:23:25.638] [PAI SDK] WebSocket closed, reconnecting (1/3)...
[13:23:35.842] [Global WebSocket] Suppressed error to prevent crash: Unexpected server response: 404
[13:23:35.845] [PAI SDK] WebSocket closed, reconnecting (1/3)...
[13:23:46.053] [Global WebSocket] Suppressed error to prevent crash: Unexpected server response: 404
[13:23:46.053] [PAI SDK] WebSocket closed, reconnecting (1/3)...
[13:23:56.244] [Global WebSocket] Suppressed error to prevent crash: Unexpected server response: 404
[13:23:56.244] [PAI SDK] WebSocket closed, reconnecting (1/3)...
[13:24:06.430] [Global WebSocket] Suppressed error to prevent crash: Unexpected server response: 404
[13:24:06.431] [PAI SDK] WebSocket closed, reconnecting (1/3)...
[13:24:16.639] [Global WebSocket] Suppressed error to prevent crash: Unexpected server response: 404
[13:24:16.639] [PAI SDK] WebSocket closed, reconnecting (1/3)...
[13:24:26.832] [Global WebSocket] Suppressed error to prevent crash: Unexpected server response: 404
[13:24:26.833] [PAI SDK] WebSocket closed, reconnecting (1/3)...
[13:24:37.034] [Global WebSocket] Suppressed error to prevent crash: Unexpected server response: 404
[13:24:37.034] [PAI SDK] WebSocket closed, reconnecting (1/3)...
[13:24:47.224] [Global WebSocket] Suppressed error to prevent crash: Unexpected server response: 404
[13:24:47.224] [PAI SDK] WebSocket closed, reconnecting (1/3)...
[13:24:57.413] [Global WebSocket] Suppressed error to prevent crash: Unexpected server response: 404
[13:24:57.413] [PAI SDK] WebSocket closed, reconnecting (1/3)...
[13:25:07.625] [Global WebSocket] Suppressed error to prevent crash: Unexpected server response: 404
[13:25:07.625] [PAI SDK] WebSocket closed, reconnecting (1/3)...
[13:25:17.817] [Global WebSocket] Suppressed error to prevent crash: Unexpected server response: 404
[13:25:17.817] [PAI SDK] WebSocket closed, reconnecting (1/3)...
[13:25:28.011] [Global WebSocket] Suppressed error to prevent crash: Unexpected server response: 404
[13:25:28.011] [PAI SDK] WebSocket closed, reconnecting (1/3)...
[13:25:38.188] [Global WebSocket] Suppressed error to prevent crash: Unexpected server response: 404
[13:25:38.188] [PAI SDK] WebSocket closed, reconnecting (1/3)...
[13:25:48.380] [Global WebSocket] Suppressed error to prevent crash: Unexpected server response: 404
[13:25:48.381] [PAI SDK] WebSocket closed, reconnecting (1/3)...
[13:25:58.578] [Global WebSocket] Suppressed error to prevent crash: Unexpected server response: 404
[13:25:58.579] [PAI SDK] WebSocket closed, reconnecting (1/3)...
[13:26:08.776] [Global WebSocket] Suppressed error to prevent crash: Unexpected server response: 404
[13:26:08.776] [PAI SDK] WebSocket closed, reconnecting (1/3)...
[13:26:18.973] [Global WebSocket] Suppressed error to prevent crash: Unexpected server response: 404
[13:26:18.974] [PAI SDK] WebSocket closed, reconnecting (1/3)...
[13:26:29.155] [Global WebSocket] Suppressed error to prevent crash: Unexpected server response: 404
[13:26:29.156] [PAI SDK] WebSocket closed, reconnecting (1/3)...
[13:26:39.356] [Global WebSocket] Suppressed error to prevent crash: Unexpected server response: 404
[13:26:39.357] [PAI SDK] WebSocket closed, reconnecting (1/3)...
[13:26:49.653] [Global WebSocket] Suppressed error to prevent crash: Unexpected server response: 404
[13:26:49.653] [PAI SDK] WebSocket closed, reconnecting (1/3)...
[13:26:59.867] [Global WebSocket] Suppressed error to prevent crash: Unexpected server response: 404
[13:26:59.867] [PAI SDK] WebSocket closed, reconnecting (1/3)...
[13:27:10.045] [Global WebSocket] Suppressed error to prevent crash: Unexpected server response: 404
[13:27:10.045] [PAI SDK] WebSocket closed, reconnecting (1/3)...
[13:27:20.232] [Global WebSocket] Suppressed error to prevent crash: Unexpected server response: 404
[13:27:20.232] [PAI SDK] WebSocket closed, reconnecting (1/3)...
[13:27:30.433] [Global WebSocket] Suppressed error to prevent crash: Unexpected server response: 404
[13:27:30.434] [PAI SDK] WebSocket closed, reconnecting (1/3)...
[13:27:40.624] [Global WebSocket] Suppressed error to prevent crash: Unexpected server response: 404
[13:27:40.625] [PAI SDK] WebSocket closed, reconnecting (1/3)...
[13:27:50.825] [Global WebSocket] Suppressed error to prevent crash: Unexpected server response: 404
[13:27:50.826] [PAI SDK] WebSocket closed, reconnecting (1/3)...
[13:28:01.027] [Global WebSocket] Suppressed error to prevent crash: Unexpected server response: 404
[13:28:01.027] [PAI SDK] WebSocket closed, reconnecting (1/3)...
[13:28:11.229] [Global WebSocket] Suppressed error to prevent crash: Unexpected server response: 404
[13:28:11.230] [PAI SDK] WebSocket closed, reconnecting (1/3)...
[13:28:21.415] [Global WebSocket] Suppressed error to prevent crash: Unexpected server response: 404
[13:28:21.416] [PAI SDK] WebSocket closed, reconnecting (1/3)...
[13:28:31.596] [Global WebSocket] Suppressed error to prevent crash: Unexpected server response: 404
[13:28:31.596] [PAI SDK] WebSocket closed, reconnecting (1/3)...
[13:28:41.810] [Global WebSocket] Suppressed error to prevent crash: Unexpected server response: 404
[13:28:41.811] [PAI SDK] WebSocket closed, reconnecting (1/3)...
[13:28:52.062] [Global WebSocket] Suppressed error to prevent crash: Unexpected server response: 404
[13:28:52.063] [PAI SDK] WebSocket closed, reconnecting (1/3)...
[13:29:02.248] [Global WebSocket] Suppressed error to prevent crash: Unexpected server response: 404
[13:29:02.249] [PAI SDK] WebSocket closed, reconnecting (1/3)...
[13:29:12.594] [Global WebSocket] Suppressed error to prevent crash: Unexpected server response: 404
[13:29:12.594] [PAI SDK] WebSocket closed, reconnecting (1/3)...
[13:29:22.803] [Global WebSocket] Suppressed error to prevent crash: Unexpected server response: 404
[13:29:22.803] [PAI SDK] WebSocket closed, reconnecting (1/3)...
[13:29:33.154] [Global WebSocket] Suppressed error to prevent crash: Unexpected server response: 404
[13:29:33.155] [PAI SDK] WebSocket closed, reconnecting (1/3)...
[13:29:43.352] [Global WebSocket] Suppressed error to prevent crash: Unexpected server response: 404
[13:29:43.353] [PAI SDK] WebSocket closed, reconnecting (1/3)...
[13:29:53.624] [Global WebSocket] Suppressed error to prevent crash: Unexpected server response: 404
[13:29:53.625] [PAI SDK] WebSocket closed, reconnecting (1/3)...
[13:30:03.822] [Global WebSocket] Suppressed error to prevent crash: Unexpected server response: 404
[13:30:03.823] [PAI SDK] WebSocket closed, reconnecting (1/3)...
[13:30:14.095] [Global WebSocket] Suppressed error to prevent crash: Unexpected server response: 404
[13:30:14.096] [PAI SDK] WebSocket closed, reconnecting (1/3)...
[13:30:24.293] [Global WebSocket] Suppressed error to prevent crash: Unexpected server response: 404
[13:30:24.294] [PAI SDK] WebSocket closed, reconnecting (1/3)...
[13:30:34.622] [Global WebSocket] Suppressed error to prevent crash: Unexpected server response: 404
[13:30:34.622] [PAI SDK] WebSocket closed, reconnecting (1/3)...
[13:30:44.840] [Global WebSocket] Suppressed error to prevent crash: Unexpected server response: 404
[13:30:44.840] [PAI SDK] WebSocket closed, reconnecting (1/3)...
[13:30:55.121] [Global WebSocket] Suppressed error to prevent crash: Unexpected server response: 404
[13:30:55.121] [PAI SDK] WebSocket closed, reconnecting (1/3)...
[13:31:05.326] [Global WebSocket] Suppressed error to prevent crash: Unexpected server response: 404
[13:31:05.326] [PAI SDK] WebSocket closed, reconnecting (1/3)...
[13:31:15.626] [Global WebSocket] Suppressed error to prevent crash: Unexpected server response: 404
[13:31:15.627] [PAI SDK] WebSocket closed, reconnecting (1/3)...
[13:31:25.839] [Global WebSocket] Suppressed error to prevent crash: Unexpected server response: 404
[13:31:25.840] [PAI SDK] WebSocket closed, reconnecting (1/3)...
[13:31:36.144] [Global WebSocket] Suppressed error to prevent crash: Unexpected server response: 404
[13:31:36.145] [PAI SDK] WebSocket closed, reconnecting (1/3)...
[13:31:46.356] [Global WebSocket] Suppressed error to prevent crash: Unexpected server response: 404
[13:31:46.356] [PAI SDK] WebSocket closed, reconnecting (1/3)...
[13:31:56.699] [Global WebSocket] Suppressed error to prevent crash: Unexpected server response: 404
[13:31:56.699] [PAI SDK] WebSocket closed, reconnecting (1/3)...
[13:32:06.896] [Global WebSocket] Suppressed error to prevent crash: Unexpected server response: 404
[13:32:06.896] [PAI SDK] WebSocket closed, reconnecting (1/3)...
[13:32:17.198] [Global WebSocket] Suppressed error to prevent crash: Unexpected server response: 404
[13:32:17.198] [PAI SDK] WebSocket closed, reconnecting (1/3)...
[13:32:27.418] [Global WebSocket] Suppressed error to prevent crash: Unexpected server response: 404
[13:32:27.419] [PAI SDK] WebSocket closed, reconnecting (1/3)...
[13:32:37.739] [Global WebSocket] Suppressed error to prevent crash: Unexpected server response: 404
[13:32:37.740] [PAI SDK] WebSocket closed, reconnecting (1/3)...
[13:32:47.952] [Global WebSocket] Suppressed error to prevent crash: Unexpected server response: 404
[13:32:47.953] [PAI SDK] WebSocket closed, reconnecting (1/3)...
[13:32:58.224] [Global WebSocket] Suppressed error to prevent crash: Unexpected server response: 404
[13:32:58.225] [PAI SDK] WebSocket closed, reconnecting (1/3)...
[13:33:08.427] [Global WebSocket] Suppressed error to prevent crash: Unexpected server response: 404
[13:33:08.427] [PAI SDK] WebSocket closed, reconnecting (1/3)...
[13:33:18.618] [Global WebSocket] Suppressed error to prevent crash: Unexpected server response: 404
[13:33:18.618] [PAI SDK] WebSocket closed, reconnecting (1/3)...
[13:33:28.811] [Global WebSocket] Suppressed error to prevent crash: Unexpected server response: 404
[13:33:28.811] [PAI SDK] WebSocket closed, reconnecting (1/3)...
[13:33:39.137] [Global WebSocket] Suppressed error to prevent crash: Unexpected server response: 404
[13:33:39.137] [PAI SDK] WebSocket closed, reconnecting (1/3)...
[13:33:49.321] [Global WebSocket] Suppressed error to prevent crash: Unexpected server response: 404
[13:33:49.322] [PAI SDK] WebSocket closed, reconnecting (1/3)...
[13:33:59.600] [Global WebSocket] Suppressed error to prevent crash: Unexpected server response: 404
[13:33:59.600] [PAI SDK] WebSocket closed, reconnecting (1/3)...
[13:34:09.843] [Global WebSocket] Suppressed error to prevent crash: Unexpected server response: 404
[13:34:09.844] [PAI SDK] WebSocket closed, reconnecting (1/3)...
[13:34:20.172] [Global WebSocket] Suppressed error to prevent crash: Unexpected server response: 404
[13:34:20.173] [PAI SDK] WebSocket closed, reconnecting (1/3)...
[13:34:30.371] [Global WebSocket] Suppressed error to prevent crash: Unexpected server response: 404
[13:34:30.371] [PAI SDK] WebSocket closed, reconnecting (1/3)...
[13:34:40.656] [Global WebSocket] Suppressed error to prevent crash: Unexpected server response: 404
[13:34:40.657] [PAI SDK] WebSocket closed, reconnecting (1/3)...
[13:34:50.850] [Global WebSocket] Suppressed error to prevent crash: Unexpected server response: 404
[13:34:50.850] [PAI SDK] WebSocket closed, reconnecting (1/3)...
[13:35:01.151] [Global WebSocket] Suppressed error to prevent crash: Unexpected server response: 404
[13:35:01.152] [PAI SDK] WebSocket closed, reconnecting (1/3)...
[13:35:11.338] [Global WebSocket] Suppressed error to prevent crash: Unexpected server response: 404
[13:35:11.338] [PAI SDK] WebSocket closed, reconnecting (1/3)...
[13:35:21.596] [Global WebSocket] Suppressed error to prevent crash: Unexpected server response: 404
[13:35:21.596] [PAI SDK] WebSocket closed, reconnecting (1/3)...
[13:35:31.788] [Global WebSocket] Suppressed error to prevent crash: Unexpected server response: 404
[13:35:31.788] [PAI SDK] WebSocket closed, reconnecting (1/3)...
[13:35:42.105] [Global WebSocket] Suppressed error to prevent crash: Unexpected server response: 404
[13:35:42.106] [PAI SDK] WebSocket closed, reconnecting (1/3)...
[13:35:52.298] [Global WebSocket] Suppressed error to prevent crash: Unexpected server response: 404
[13:35:52.299] [PAI SDK] WebSocket closed, reconnecting (1/3)...
[13:36:02.650] [Global WebSocket] Suppressed error to prevent crash: Unexpected server response: 404
[13:36:02.651] [PAI SDK] WebSocket closed, reconnecting (1/3)...
[13:36:12.847] [Global WebSocket] Suppressed error to prevent crash: Unexpected server response: 404
[13:36:12.847] [PAI SDK] WebSocket closed, reconnecting (1/3)...
[13:36:23.155] [Global WebSocket] Suppressed error to prevent crash: Unexpected server response: 404
[13:36:23.156] [PAI SDK] WebSocket closed, reconnecting (1/3)...
[13:36:33.346] [Global WebSocket] Suppressed error to prevent crash: Unexpected server response: 404
[13:36:33.347] [PAI SDK] WebSocket closed, reconnecting (1/3)...
[13:36:43.592] [Global WebSocket] Suppressed error to prevent crash: Unexpected server response: 404
[13:36:43.592] [PAI SDK] WebSocket closed, reconnecting (1/3)...
[13:36:53.799] [Global WebSocket] Suppressed error to prevent crash: Unexpected server response: 404
[13:36:53.799] [PAI SDK] WebSocket closed, reconnecting (1/3)...
[13:37:04.151] [Global WebSocket] Suppressed error to prevent crash: Unexpected server response: 404
[13:37:04.152] [PAI SDK] WebSocket closed, reconnecting (1/3)...
[13:37:14.341] [Global WebSocket] Suppressed error to prevent crash: Unexpected server response: 404
[13:37:14.342] [PAI SDK] WebSocket closed, reconnecting (1/3)...
[13:37:24.606] [Global WebSocket] Suppressed error to prevent crash: Unexpected server response: 404
[13:37:24.607] [PAI SDK] WebSocket closed, reconnecting (1/3)...
[13:37:34.800] [Global WebSocket] Suppressed error to prevent crash: Unexpected server response: 404
[13:37:34.801] [PAI SDK] WebSocket closed, reconnecting (1/3)...
[13:37:45.066] [Global WebSocket] Suppressed error to prevent crash: Unexpected server response: 404
[13:37:45.067] [PAI SDK] WebSocket closed, reconnecting (1/3)...
[13:37:55.264] [Global WebSocket] Suppressed error to prevent crash: Unexpected server response: 404
[13:37:55.265] [PAI SDK] WebSocket closed, reconnecting (1/3)...
[13:38:05.521] [Global WebSocket] Suppressed error to prevent crash: Unexpected server response: 404
[13:38:05.522] [PAI SDK] WebSocket closed, reconnecting (1/3)...
[13:38:15.708] [Global WebSocket] Suppressed error to prevent crash: Unexpected server response: 404
[13:38:15.708] [PAI SDK] WebSocket closed, reconnecting (1/3)...
[13:38:25.976] [Global WebSocket] Suppressed error to prevent crash: Unexpected server response: 404
[13:38:25.976] [PAI SDK] WebSocket closed, reconnecting (1/3)...
[13:38:36.182] [Global WebSocket] Suppressed error to prevent crash: Unexpected server response: 404
[13:38:36.183] [PAI SDK] WebSocket closed, reconnecting (1/3)...
[13:38:46.395] [Global WebSocket] Suppressed error to prevent crash: Unexpected server response: 404
[13:38:46.395] [PAI SDK] WebSocket closed, reconnecting (1/3)...
[13:38:56.581] [Global WebSocket] Suppressed error to prevent crash: Unexpected server response: 404
[13:38:56.582] [PAI SDK] WebSocket closed, reconnecting (1/3)...
[13:39:06.777] [Global WebSocket] Suppressed error to prevent crash: Unexpected server response: 404
[13:39:06.777] [PAI SDK] WebSocket closed, reconnecting (1/3)...
[13:39:16.983] [Global WebSocket] Suppressed error to prevent crash: Unexpected server response: 404
[13:39:16.983] [PAI SDK] WebSocket closed, reconnecting (1/3)...
[13:39:27.192] [Global WebSocket] Suppressed error to prevent crash: Unexpected server response: 404
[13:39:27.193] [PAI SDK] WebSocket closed, reconnecting (1/3)...
[13:39:37.376] [Global WebSocket] Suppressed error to prevent crash: Unexpected server response: 404
[13:39:37.377] [PAI SDK] WebSocket closed, reconnecting (1/3)...
[13:39:47.577] [Global WebSocket] Suppressed error to prevent crash: Unexpected server response: 404
[13:39:47.578] [PAI SDK] WebSocket closed, reconnecting (1/3)...
[13:39:57.785] [Global WebSocket] Suppressed error to prevent crash: Unexpected server response: 404
[13:39:57.785] [PAI SDK] WebSocket closed, reconnecting (1/3)...
[13:40:07.996] [Global WebSocket] Suppressed error to prevent crash: Unexpected server response: 404
[13:40:07.996] [PAI SDK] WebSocket closed, reconnecting (1/3)...
[13:40:18.205] [Global WebSocket] Suppressed error to prevent crash: Unexpected server response: 404
[13:40:18.206] [PAI SDK] WebSocket closed, reconnecting (1/3)...
[13:40:28.396] [Global WebSocket] Suppressed error to prevent crash: Unexpected server response: 404
[13:40:28.397] [PAI SDK] WebSocket closed, reconnecting (1/3)...
[13:40:38.726] [Global WebSocket] Suppressed error to prevent crash: Unexpected server response: 404
[13:40:38.726] [PAI SDK] WebSocket closed, reconnecting (1/3)...
[13:40:48.918] [Global WebSocket] Suppressed error to prevent crash: Unexpected server response: 404
[13:40:48.918] [PAI SDK] WebSocket closed, reconnecting (1/3)...
[13:40:59.121] [Global WebSocket] Suppressed error to prevent crash: Unexpected server response: 404
[13:40:59.122] [PAI SDK] WebSocket closed, reconnecting (1/3)...
[13:41:09.319] [Global WebSocket] Suppressed error to prevent crash: Unexpected server response: 404
[13:41:09.320] [PAI SDK] WebSocket closed, reconnecting (1/3)...
[13:41:19.521] [Global WebSocket] Suppressed error to prevent crash: Unexpected server response: 404
[13:41:19.522] [PAI SDK] WebSocket closed, reconnecting (1/3)...
[13:41:29.731] [Global WebSocket] Suppressed error to prevent crash: Unexpected server response: 404
[13:41:29.732] [PAI SDK] WebSocket closed, reconnecting (1/3)...
[13:41:39.911] [Global WebSocket] Suppressed error to prevent crash: Unexpected server response: 404
[13:41:39.912] [PAI SDK] WebSocket closed, reconnecting (1/3)...
[13:41:50.107] [Global WebSocket] Suppressed error to prevent crash: Unexpected server response: 404
[13:41:50.108] [PAI SDK] WebSocket closed, reconnecting (1/3)...
[13:42:00.296] [Global WebSocket] Suppressed error to prevent crash: Unexpected server response: 404
[13:42:00.297] [PAI SDK] WebSocket closed, reconnecting (1/3)...
[13:42:10.490] [Global WebSocket] Suppressed error to prevent crash: Unexpected server response: 404
[13:42:10.491] [PAI SDK] WebSocket closed, reconnecting (1/3)...
[13:42:20.666] [Global WebSocket] Suppressed error to prevent crash: Unexpected server response: 404
[13:42:20.667] [PAI SDK] WebSocket closed, reconnecting (1/3)...
[13:42:30.858] [Global WebSocket] Suppressed error to prevent crash: Unexpected server response: 404
[13:42:30.859] [PAI SDK] WebSocket closed, reconnecting (1/3)...
[13:42:41.077] [Global WebSocket] Suppressed error to prevent crash: Unexpected server response: 404
[13:42:41.078] [PAI SDK] WebSocket closed, reconnecting (1/3)...
[13:42:51.273] [Global WebSocket] Suppressed error to prevent crash: Unexpected server response: 404
[13:42:51.273] [PAI SDK] WebSocket closed, reconnecting (1/3)...
[13:43:01.488] [Global WebSocket] Suppressed error to prevent crash: Unexpected server response: 404
[13:43:01.488] [PAI SDK] WebSocket closed, reconnecting (1/3)...
[13:43:11.673] [Global WebSocket] Suppressed error to prevent crash: Unexpected server response: 404
[13:43:11.674] [PAI SDK] WebSocket closed, reconnecting (1/3)...
[13:43:21.870] [Global WebSocket] Suppressed error to prevent crash: Unexpected server response: 404
[13:43:21.871] [PAI SDK] WebSocket closed, reconnecting (1/3)...
[13:43:32.068] [Global WebSocket] Suppressed error to prevent crash: Unexpected server response: 404
[13:43:32.068] [PAI SDK] WebSocket closed, reconnecting (1/3)...
[13:43:42.254] [Global WebSocket] Suppressed error to prevent crash: Unexpected server response: 404
[13:43:42.255] [PAI SDK] WebSocket closed, reconnecting (1/3)...
[13:43:52.438] [Global WebSocket] Suppressed error to prevent crash: Unexpected server response: 404
[13:43:52.438] [PAI SDK] WebSocket closed, reconnecting (1/3)...
[13:44:02.641] [Global WebSocket] Suppressed error to prevent crash: Unexpected server response: 404
[13:44:02.641] [PAI SDK] WebSocket closed, reconnecting (1/3)...
[13:44:12.843] [Global WebSocket] Suppressed error to prevent crash: Unexpected server response: 404
[13:44:12.843] [PAI SDK] WebSocket closed, reconnecting (1/3)...
[13:44:23.046] [Global WebSocket] Suppressed error to prevent crash: Unexpected server response: 404
[13:44:23.046] [PAI SDK] WebSocket closed, reconnecting (1/3)...
[13:44:33.225] [Global WebSocket] Suppressed error to prevent crash: Unexpected server response: 404
[13:44:33.226] [PAI SDK] WebSocket closed, reconnecting (1/3)...
[13:44:43.429] [Global WebSocket] Suppressed error to prevent crash: Unexpected server response: 404
[13:44:43.429] [PAI SDK] WebSocket closed, reconnecting (1/3)...
[13:44:53.613] [Global WebSocket] Suppressed error to prevent crash: Unexpected server response: 404
[13:44:53.614] [PAI SDK] WebSocket closed, reconnecting (1/3)...
[13:45:03.814] [Global WebSocket] Suppressed error to prevent crash: Unexpected server response: 404
[13:45:03.815] [PAI SDK] WebSocket closed, reconnecting (1/3)...
[13:45:14.027] [Global WebSocket] Suppressed error to prevent crash: Unexpected server response: 404
[13:45:14.028] [PAI SDK] WebSocket closed, reconnecting (1/3)...
[13:45:24.213] [Global WebSocket] Suppressed error to prevent crash: Unexpected server response: 404
[13:45:24.213] [PAI SDK] WebSocket closed, reconnecting (1/3)...
[13:45:34.410] [Global WebSocket] Suppressed error to prevent crash: Unexpected server response: 404
[13:45:34.411] [PAI SDK] WebSocket closed, reconnecting (1/3)...
[13:45:44.598] [Global WebSocket] Suppressed error to prevent crash: Unexpected server response: 404
[13:45:44.598] [PAI SDK] WebSocket closed, reconnecting (1/3)...
[13:45:54.784] [Global WebSocket] Suppressed error to prevent crash: Unexpected server response: 404
[13:45:54.785] [PAI SDK] WebSocket closed, reconnecting (1/3)...
[13:46:04.986] [Global WebSocket] Suppressed error to prevent crash: Unexpected server response: 404
[13:46:04.986] [PAI SDK] WebSocket closed, reconnecting (1/3)...
[13:46:15.175] [Global WebSocket] Suppressed error to prevent crash: Unexpected server response: 404
[13:46:15.176] [PAI SDK] WebSocket closed, reconnecting (1/3)...
[13:46:25.363] [Global WebSocket] Suppressed error to prevent crash: Unexpected server response: 404
[13:46:25.363] [PAI SDK] WebSocket closed, reconnecting (1/3)...
[13:46:35.550] [Global WebSocket] Suppressed error to prevent crash: Unexpected server response: 404
[13:46:35.551] [PAI SDK] WebSocket closed, reconnecting (1/3)...
[13:46:45.757] [Global WebSocket] Suppressed error to prevent crash: Unexpected server response: 404
[13:46:45.758] [PAI SDK] WebSocket closed, reconnecting (1/3)...
[13:46:55.966] [Global WebSocket] Suppressed error to prevent crash: Unexpected server response: 404
[13:46:55.966] [PAI SDK] WebSocket closed, reconnecting (1/3)...
[13:47:06.183] [Global WebSocket] Suppressed error to prevent crash: Unexpected server response: 404
[13:47:06.184] [PAI SDK] WebSocket closed, reconnecting (1/3)...
[13:47:16.390] [Global WebSocket] Suppressed error to prevent crash: Unexpected server response: 404
[13:47:16.391] [PAI SDK] WebSocket closed, reconnecting (1/3)...
[13:47:26.703] [Global WebSocket] Suppressed error to prevent crash: Unexpected server response: 404
[13:47:26.704] [PAI SDK] WebSocket closed, reconnecting (1/3)...
[13:47:36.908] [Global WebSocket] Suppressed error to prevent crash: Unexpected server response: 404
[13:47:36.908] [PAI SDK] WebSocket closed, reconnecting (1/3)...
[13:47:47.247] [Global WebSocket] Suppressed error to prevent crash: Unexpected server response: 404
[13:47:47.248] [PAI SDK] WebSocket closed, reconnecting (1/3)...
[13:47:57.441] [Global WebSocket] Suppressed error to prevent crash: Unexpected server response: 404
[13:47:57.441] [PAI SDK] WebSocket closed, reconnecting (1/3)...
[13:48:07.768] [Global WebSocket] Suppressed error to prevent crash: Unexpected server response: 404
[13:48:07.769] [PAI SDK] WebSocket closed, reconnecting (1/3)...
[13:48:17.961] [Global WebSocket] Suppressed error to prevent crash: Unexpected server response: 404
[13:48:17.962] [PAI SDK] WebSocket closed, reconnecting (1/3)...
[13:48:28.267] [Global WebSocket] Suppressed error to prevent crash: Unexpected server response: 404
[13:48:28.267] [PAI SDK] WebSocket closed, reconnecting (1/3)...
[13:48:38.448] [Global WebSocket] Suppressed error to prevent crash: Unexpected server response: 404
[13:48:38.449] [PAI SDK] WebSocket closed, reconnecting (1/3)...
[13:48:48.729] [Global WebSocket] Suppressed error to prevent crash: Unexpected server response: 404
[13:48:48.730] [PAI SDK] WebSocket closed, reconnecting (1/3)...
[13:48:58.922] [Global WebSocket] Suppressed error to prevent crash: Unexpected server response: 404
[13:48:58.922] [PAI SDK] WebSocket closed, reconnecting (1/3)...
[13:49:09.250] [Global WebSocket] Suppressed error to prevent crash: Unexpected server response: 404
[13:49:09.251] [PAI SDK] WebSocket closed, reconnecting (1/3)...
[13:49:19.453] [Global WebSocket] Suppressed error to prevent crash: Unexpected server response: 404
[13:49:19.453] [PAI SDK] WebSocket closed, reconnecting (1/3)...
[13:49:29.734] [Global WebSocket] Suppressed error to prevent crash: Unexpected server response: 404
[13:49:29.734] [PAI SDK] WebSocket closed, reconnecting (1/3)...
[13:49:39.937] [Global WebSocket] Suppressed error to prevent crash: Unexpected server response: 404
[13:49:39.938] [PAI SDK] WebSocket closed, reconnecting (1/3)...
[13:49:50.147] [Global WebSocket] Suppressed error to prevent crash: Unexpected server response: 404
[13:49:50.147] [PAI SDK] WebSocket closed, reconnecting (1/3)...
[13:50:00.346] [Global WebSocket] Suppressed error to prevent crash: Unexpected server response: 404
[13:50:00.346] [PAI SDK] WebSocket closed, reconnecting (1/3)...
[13:50:10.545] [Global WebSocket] Suppressed error to prevent crash: Unexpected server response: 404
[13:50:10.545] [PAI SDK] WebSocket closed, reconnecting (1/3)...
[13:50:20.727] [Global WebSocket] Suppressed error to prevent crash: Unexpected server response: 404
[13:50:20.727] [PAI SDK] WebSocket closed, reconnecting (1/3)...
[13:50:30.935] [Global WebSocket] Suppressed error to prevent crash: Unexpected server response: 404
[13:50:30.935] [PAI SDK] WebSocket closed, reconnecting (1/3)...
[13:50:41.132] [Global WebSocket] Suppressed error to prevent crash: Unexpected server response: 404
[13:50:41.133] [PAI SDK] WebSocket closed, reconnecting (1/3)...
[13:50:51.335] [Global WebSocket] Suppressed error to prevent crash: Unexpected server response: 404
[13:50:51.335] [PAI SDK] WebSocket closed, reconnecting (1/3)...
[13:51:01.538] [Global WebSocket] Suppressed error to prevent crash: Unexpected server response: 404
[13:51:01.538] [PAI SDK] WebSocket closed, reconnecting (1/3)...
[13:51:11.748] [Global WebSocket] Suppressed error to prevent crash: Unexpected server response: 404
[13:51:11.748] [PAI SDK] WebSocket closed, reconnecting (1/3)...
[13:51:21.942] [Global WebSocket] Suppressed error to prevent crash: Unexpected server response: 404
[13:51:21.942] [PAI SDK] WebSocket closed, reconnecting (1/3)...
[13:51:32.135] [Global WebSocket] Suppressed error to prevent crash: Unexpected server response: 404
[13:51:32.136] [PAI SDK] WebSocket closed, reconnecting (1/3)...
[13:51:42.327] [Global WebSocket] Suppressed error to prevent crash: Unexpected server response: 404
[13:51:42.328] [PAI SDK] WebSocket closed, reconnecting (1/3)...
[13:51:52.538] [Global WebSocket] Suppressed error to prevent crash: Unexpected server response: 404
[13:51:52.538] [PAI SDK] WebSocket closed, reconnecting (1/3)...
[13:52:02.734] [Global WebSocket] Suppressed error to prevent crash: Unexpected server response: 404
[13:52:02.734] [PAI SDK] WebSocket closed, reconnecting (1/3)...
[13:52:12.933] [Global WebSocket] Suppressed error to prevent crash: Unexpected server response: 404
[13:52:12.933] [PAI SDK] WebSocket closed, reconnecting (1/3)...
[13:52:23.138] [Global WebSocket] Suppressed error to prevent crash: Unexpected server response: 404
[13:52:23.139] [PAI SDK] WebSocket closed, reconnecting (1/3)...
[13:52:33.335] [Global WebSocket] Suppressed error to prevent crash: Unexpected server response: 404
[13:52:33.336] [PAI SDK] WebSocket closed, reconnecting (1/3)...
[13:52:43.526] [Global WebSocket] Suppressed error to prevent crash: Unexpected server response: 404
[13:52:43.526] [PAI SDK] WebSocket closed, reconnecting (1/3)...
[13:52:53.737] [Global WebSocket] Suppressed error to prevent crash: Unexpected server response: 404
[13:52:53.737] [PAI SDK] WebSocket closed, reconnecting (1/3)...
[13:53:03.919] [Global WebSocket] Suppressed error to prevent crash: Unexpected server response: 404
[13:53:03.920] [PAI SDK] WebSocket closed, reconnecting (1/3)...
[13:53:14.193] [Global WebSocket] Suppressed error to prevent crash: Unexpected server response: 404
[13:53:14.194] [PAI SDK] WebSocket closed, reconnecting (1/3)...
[13:53:24.407] [Global WebSocket] Suppressed error to prevent crash: Unexpected server response: 404
[13:53:24.408] [PAI SDK] WebSocket closed, reconnecting (1/3)...
[13:53:34.735] [Global WebSocket] Suppressed error to prevent crash: Unexpected server response: 404
[13:53:34.735] [PAI SDK] WebSocket closed, reconnecting (1/3)...
[13:53:44.937] [Global WebSocket] Suppressed error to prevent crash: Unexpected server response: 404
[13:53:44.937] [PAI SDK] WebSocket closed, reconnecting (1/3)...
[13:53:55.313] [Global WebSocket] Suppressed error to prevent crash: Unexpected server response: 404
[13:53:55.313] [PAI SDK] WebSocket closed, reconnecting (1/3)...
[13:54:05.509] [Global WebSocket] Suppressed error to prevent crash: Unexpected server response: 404
[13:54:05.509] [PAI SDK] WebSocket closed, reconnecting (1/3)...
[13:54:15.812] [Global WebSocket] Suppressed error to prevent crash: Unexpected server response: 404
[13:54:15.813] [PAI SDK] WebSocket closed, reconnecting (1/3)...
[13:54:25.995] [Global WebSocket] Suppressed error to prevent crash: Unexpected server response: 404
[13:54:25.995] [PAI SDK] WebSocket closed, reconnecting (1/3)...
[13:54:36.328] [Global WebSocket] Suppressed error to prevent crash: Unexpected server response: 404
[13:54:36.328] [PAI SDK] WebSocket closed, reconnecting (1/3)...
[13:54:46.521] [Global WebSocket] Suppressed error to prevent crash: Unexpected server response: 404
[13:54:46.522] [PAI SDK] WebSocket closed, reconnecting (1/3)...
[13:54:56.798] [Global WebSocket] Suppressed error to prevent crash: Unexpected server response: 404
[13:54:56.799] [PAI SDK] WebSocket closed, reconnecting (1/3)...
[13:55:07.018] [Global WebSocket] Suppressed error to prevent crash: Unexpected server response: 404
[13:55:07.019] [PAI SDK] WebSocket closed, reconnecting (1/3)...
[13:55:17.282] [Global WebSocket] Suppressed error to prevent crash: Unexpected server response: 404
[13:55:17.283] [PAI SDK] WebSocket closed, reconnecting (1/3)...
[13:55:27.483] [Global WebSocket] Suppressed error to prevent crash: Unexpected server response: 404
[13:55:27.484] [PAI SDK] WebSocket closed, reconnecting (1/3)...
[13:55:37.793] [Global WebSocket] Suppressed error to prevent crash: Unexpected server response: 404
[13:55:37.793] [PAI SDK] WebSocket closed, reconnecting (1/3)...
[13:55:47.985] [Global WebSocket] Suppressed error to prevent crash: Unexpected server response: 404
[13:55:47.986] [PAI SDK] WebSocket closed, reconnecting (1/3)...
[13:55:58.299] [Global WebSocket] Suppressed error to prevent crash: Unexpected server response: 404
[13:55:58.300] [PAI SDK] WebSocket closed, reconnecting (1/3)...
[13:56:08.503] [Global WebSocket] Suppressed error to prevent crash: Unexpected server response: 404
[13:56:08.503] [PAI SDK] WebSocket closed, reconnecting (1/3)...
[13:56:18.854] [Global WebSocket] Suppressed error to prevent crash: Unexpected server response: 404
[13:56:18.855] [PAI SDK] WebSocket closed, reconnecting (1/3)...
[13:56:29.044] [Global WebSocket] Suppressed error to prevent crash: Unexpected server response: 404
[13:56:29.045] [PAI SDK] WebSocket closed, reconnecting (1/3)...
[13:56:39.362] [Global WebSocket] Suppressed error to prevent crash: Unexpected server response: 404
[13:56:39.363] [PAI SDK] WebSocket closed, reconnecting (1/3)...
[13:56:49.557] [Global WebSocket] Suppressed error to prevent crash: Unexpected server response: 404
[13:56:49.558] [PAI SDK] WebSocket closed, reconnecting (1/3)...
[13:56:59.832] [Global WebSocket] Suppressed error to prevent crash: Unexpected server response: 404
[13:56:59.833] [PAI SDK] WebSocket closed, reconnecting (1/3)...
[13:57:10.015] [Global WebSocket] Suppressed error to prevent crash: Unexpected server response: 404
[13:57:10.016] [PAI SDK] WebSocket closed, reconnecting (1/3)...
[13:57:20.340] [Global WebSocket] Suppressed error to prevent crash: Unexpected server response: 404
[13:57:20.341] [PAI SDK] WebSocket closed, reconnecting (1/3)...
[13:57:30.532] [Global WebSocket] Suppressed error to prevent crash: Unexpected server response: 404
[13:57:30.532] [PAI SDK] WebSocket closed, reconnecting (1/3)...
[13:57:40.838] [Global WebSocket] Suppressed error to prevent crash: Unexpected server response: 404
[13:57:40.839] [PAI SDK] WebSocket closed, reconnecting (1/3)...
[13:57:51.048] [Global WebSocket] Suppressed error to prevent crash: Unexpected server response: 404
[13:57:51.049] [PAI SDK] WebSocket closed, reconnecting (1/3)...
[13:58:01.350] [Global WebSocket] Suppressed error to prevent crash: Unexpected server response: 404
[13:58:01.350] [PAI SDK] WebSocket closed, reconnecting (1/3)...
[13:58:11.539] [Global WebSocket] Suppressed error to prevent crash: Unexpected server response: 404
[13:58:11.540] [PAI SDK] WebSocket closed, reconnecting (1/3)...
[13:58:21.807] [Global WebSocket] Suppressed error to prevent crash: Unexpected server response: 404
[13:58:21.807] [PAI SDK] WebSocket closed, reconnecting (1/3)...
[13:58:32.010] [Global WebSocket] Suppressed error to prevent crash: Unexpected server response: 404
[13:58:32.010] [PAI SDK] WebSocket closed, reconnecting (1/3)...
[13:58:42.265] [Global WebSocket] Suppressed error to prevent crash: Unexpected server response: 404
[13:58:42.266] [PAI SDK] WebSocket closed, reconnecting (1/3)...
[13:58:52.457] [Global WebSocket] Suppressed error to prevent crash: Unexpected server response: 404
[13:58:52.457] [PAI SDK] WebSocket closed, reconnecting (1/3)...
[13:59:02.640] [Global WebSocket] Suppressed error to prevent crash: Unexpected server response: 404
[13:59:02.640] [PAI SDK] WebSocket closed, reconnecting (1/3)...
[13:59:12.841] [Global WebSocket] Suppressed error to prevent crash: Unexpected server response: 404
[13:59:12.841] [PAI SDK] WebSocket closed, reconnecting (1/3)...
[13:59:23.028] [Global WebSocket] Suppressed error to prevent crash: Unexpected server response: 404
[13:59:23.029] [PAI SDK] WebSocket closed, reconnecting (1/3)...
[13:59:33.224] [Global WebSocket] Suppressed error to prevent crash: Unexpected server response: 404
[13:59:33.224] [PAI SDK] WebSocket closed, reconnecting (1/3)...
[13:59:43.408] [Global WebSocket] Suppressed error to prevent crash: Unexpected server response: 404
[13:59:43.408] [PAI SDK] WebSocket closed, reconnecting (1/3)...
[13:59:53.594] [Global WebSocket] Suppressed error to prevent crash: Unexpected server response: 404
[13:59:53.594] [PAI SDK] WebSocket closed, reconnecting (1/3)...
[14:00:03.785] [Global WebSocket] Suppressed error to prevent crash: Unexpected server response: 404
[14:00:03.786] [PAI SDK] WebSocket closed, reconnecting (1/3)...
[14:00:13.971] [Global WebSocket] Suppressed error to prevent crash: Unexpected server response: 404
[14:00:13.972] [PAI SDK] WebSocket closed, reconnecting (1/3)...
[14:00:24.151] [Global WebSocket] Suppressed error to prevent crash: Unexpected server response: 404
[14:00:24.152] [PAI SDK] WebSocket closed, reconnecting (1/3)...
[14:00:34.328] [Global WebSocket] Suppressed error to prevent crash: Unexpected server response: 404
[14:00:34.328] [PAI SDK] WebSocket closed, reconnecting (1/3)...
[14:00:44.509] [Global WebSocket] Suppressed error to prevent crash: Unexpected server response: 404
[14:00:44.510] [PAI SDK] WebSocket closed, reconnecting (1/3)...
[14:00:54.705] [Global WebSocket] Suppressed error to prevent crash: Unexpected server response: 404
[14:00:54.706] [PAI SDK] WebSocket closed, reconnecting (1/3)...
[14:01:04.904] [Global WebSocket] Suppressed error to prevent crash: Unexpected server response: 404
[14:01:04.904] [PAI SDK] WebSocket closed, reconnecting (1/3)...
[14:01:15.108] [Global WebSocket] Suppressed error to prevent crash: Unexpected server response: 404
[14:01:15.109] [PAI SDK] WebSocket closed, reconnecting (1/3)...
[14:01:25.302] [Global WebSocket] Suppressed error to prevent crash: Unexpected server response: 404
[14:01:25.303] [PAI SDK] WebSocket closed, reconnecting (1/3)...
[14:01:35.497] [Global WebSocket] Suppressed error to prevent crash: Unexpected server response: 404
[14:01:35.498] [PAI SDK] WebSocket closed, reconnecting (1/3)...
[14:01:45.692] [Global WebSocket] Suppressed error to prevent crash: Unexpected server response: 404
[14:01:45.692] [PAI SDK] WebSocket closed, reconnecting (1/3)...
[14:01:55.872] [Global WebSocket] Suppressed error to prevent crash: Unexpected server response: 404
[14:01:55.873] [PAI SDK] WebSocket closed, reconnecting (1/3)...
[14:02:06.090] [Global WebSocket] Suppressed error to prevent crash: Unexpected server response: 404
[14:02:06.090] [PAI SDK] WebSocket closed, reconnecting (1/3)...
[14:02:16.279] [Global WebSocket] Suppressed error to prevent crash: Unexpected server response: 404
[14:02:16.280] [PAI SDK] WebSocket closed, reconnecting (1/3)...
[14:02:26.471] [Global WebSocket] Suppressed error to prevent crash: Unexpected server response: 404
[14:02:26.472] [PAI SDK] WebSocket closed, reconnecting (1/3)...
[14:02:36.684] [Global WebSocket] Suppressed error to prevent crash: Unexpected server response: 404
[14:02:36.685] [PAI SDK] WebSocket closed, reconnecting (1/3)...
[14:02:46.879] [Global WebSocket] Suppressed error to prevent crash: Unexpected server response: 404
[14:02:46.879] [PAI SDK] WebSocket closed, reconnecting (1/3)...
[14:02:57.087] [Global WebSocket] Suppressed error to prevent crash: Unexpected server response: 404
[14:02:57.087] [PAI SDK] WebSocket closed, reconnecting (1/3)...
[14:03:07.271] [Global WebSocket] Suppressed error to prevent crash: Unexpected server response: 404
[14:03:07.271] [PAI SDK] WebSocket closed, reconnecting (1/3)...
[14:03:17.457] [Global WebSocket] Suppressed error to prevent crash: Unexpected server response: 404
[14:03:17.457] [PAI SDK] WebSocket closed, reconnecting (1/3)...
[14:03:27.658] [Global WebSocket] Suppressed error to prevent crash: Unexpected server response: 404
[14:03:27.659] [PAI SDK] WebSocket closed, reconnecting (1/3)...
[14:03:37.860] [Global WebSocket] Suppressed error to prevent crash: Unexpected server response: 404
[14:03:37.861] [PAI SDK] WebSocket closed, reconnecting (1/3)...
[14:03:48.055] [Global WebSocket] Suppressed error to prevent crash: Unexpected server response: 404
[14:03:48.055] [PAI SDK] WebSocket closed, reconnecting (1/3)...
[14:03:58.250] [Global WebSocket] Suppressed error to prevent crash: Unexpected server response: 404
[14:03:58.251] [PAI SDK] WebSocket closed, reconnecting (1/3)...
[14:04:08.435] [Global WebSocket] Suppressed error to prevent crash: Unexpected server response: 404
[14:04:08.437] [PAI SDK] WebSocket closed, reconnecting (1/3)...
[14:04:18.625] [Global WebSocket] Suppressed error to prevent crash: Unexpected server response: 404
[14:04:18.626] [PAI SDK] WebSocket closed, reconnecting (1/3)...
[14:04:28.827] [Global WebSocket] Suppressed error to prevent crash: Unexpected server response: 404
[14:04:28.828] [PAI SDK] WebSocket closed, reconnecting (1/3)...
[14:04:39.009] [Global WebSocket] Suppressed error to prevent crash: Unexpected server response: 404
[14:04:39.010] [PAI SDK] WebSocket closed, reconnecting (1/3)...
[14:04:49.218] [Global WebSocket] Suppressed error to prevent crash: Unexpected server response: 404
[14:04:49.219] [PAI SDK] WebSocket closed, reconnecting (1/3)...
[14:04:59.404] [Global WebSocket] Suppressed error to prevent crash: Unexpected server response: 404
[14:04:59.405] [PAI SDK] WebSocket closed, reconnecting (1/3)...
[14:05:09.598] [Global WebSocket] Suppressed error to prevent crash: Unexpected server response: 404
[14:05:09.599] [PAI SDK] WebSocket closed, reconnecting (1/3)...
[14:05:19.783] [Global WebSocket] Suppressed error to prevent crash: Unexpected server response: 404
[14:05:19.784] [PAI SDK] WebSocket closed, reconnecting (1/3)...
[14:05:29.984] [Global WebSocket] Suppressed error to prevent crash: Unexpected server response: 404
[14:05:29.984] [PAI SDK] WebSocket closed, reconnecting (1/3)...
[14:05:40.175] [Global WebSocket] Suppressed error to prevent crash: Unexpected server response: 404
[14:05:40.176] [PAI SDK] WebSocket closed, reconnecting (1/3)...
[14:05:50.457] [Global WebSocket] Suppressed error to prevent crash: Unexpected server response: 404
[14:05:50.457] [PAI SDK] WebSocket closed, reconnecting (1/3)...
[14:06:00.654] [Global WebSocket] Suppressed error to prevent crash: Unexpected server response: 404
[14:06:00.655] [PAI SDK] WebSocket closed, reconnecting (1/3)...
[14:06:10.949] [Global WebSocket] Suppressed error to prevent crash: Unexpected server response: 404
[14:06:10.949] [PAI SDK] WebSocket closed, reconnecting (1/3)...
[14:06:21.164] [Global WebSocket] Suppressed error to prevent crash: Unexpected server response: 404
[14:06:21.165] [PAI SDK] WebSocket closed, reconnecting (1/3)...
[14:06:31.443] [Global WebSocket] Suppressed error to prevent crash: Unexpected server response: 404
[14:06:31.443] [PAI SDK] WebSocket closed, reconnecting (1/3)...
[14:06:41.637] [Global WebSocket] Suppressed error to prevent crash: Unexpected server response: 404
[14:06:41.637] [PAI SDK] WebSocket closed, reconnecting (1/3)...
[14:06:51.945] [Global WebSocket] Suppressed error to prevent crash: Unexpected server response: 404
[14:06:51.946] [PAI SDK] WebSocket closed, reconnecting (1/3)...
[14:07:02.132] [Global WebSocket] Suppressed error to prevent crash: Unexpected server response: 404
[14:07:02.133] [PAI SDK] WebSocket closed, reconnecting (1/3)...
[14:07:12.483] [Global WebSocket] Suppressed error to prevent crash: Unexpected server response: 404
[14:07:12.484] [PAI SDK] WebSocket closed, reconnecting (1/3)...
[14:07:22.671] [Global WebSocket] Suppressed error to prevent crash: Unexpected server response: 404
[14:07:22.671] [PAI SDK] WebSocket closed, reconnecting (1/3)...
[14:07:32.971] [Global WebSocket] Suppressed error to prevent crash: Unexpected server response: 404
[14:07:32.972] [PAI SDK] WebSocket closed, reconnecting (1/3)...
[14:07:43.173] [Global WebSocket] Suppressed error to prevent crash: Unexpected server response: 404
[14:07:43.174] [PAI SDK] WebSocket closed, reconnecting (1/3)...
[14:07:53.472] [Global WebSocket] Suppressed error to prevent crash: Unexpected server response: 404
[14:07:53.472] [PAI SDK] WebSocket closed, reconnecting (1/3)...
[14:08:03.676] [Global WebSocket] Suppressed error to prevent crash: Unexpected server response: 404
[14:08:03.677] [PAI SDK] WebSocket closed, reconnecting (1/3)...
[14:08:13.936] [Global WebSocket] Suppressed error to prevent crash: Unexpected server response: 404
[14:08:13.937] [PAI SDK] WebSocket closed, reconnecting (1/3)...
[14:08:24.146] [Global WebSocket] Suppressed error to prevent crash: Unexpected server response: 404
[14:08:24.146] [PAI SDK] WebSocket closed, reconnecting (1/3)...
[14:08:34.386] [Global WebSocket] Suppressed error to prevent crash: Unexpected server response: 404
[14:08:34.387] [PAI SDK] WebSocket closed, reconnecting (1/3)...
[14:08:44.570] [Global WebSocket] Suppressed error to prevent crash: Unexpected server response: 404
[14:08:44.571] [PAI SDK] WebSocket closed, reconnecting (1/3)...
[14:08:54.803] [Global WebSocket] Suppressed error to prevent crash: Unexpected server response: 404
[14:08:54.803] [PAI SDK] WebSocket closed, reconnecting (1/3)...
[14:09:04.985] [Global WebSocket] Suppressed error to prevent crash: Unexpected server response: 404
[14:09:04.985] [PAI SDK] WebSocket closed, reconnecting (1/3)...
[14:09:15.191] [Global WebSocket] Suppressed error to prevent crash: Unexpected server response: 404
[14:09:15.191] [PAI SDK] WebSocket closed, reconnecting (1/3)...
[14:09:25.376] [Global WebSocket] Suppressed error to prevent crash: Unexpected server response: 404
[14:09:25.377] [PAI SDK] WebSocket closed, reconnecting (1/3)...
[14:09:35.575] [Global WebSocket] Suppressed error to prevent crash: Unexpected server response: 404
[14:09:35.576] [PAI SDK] WebSocket closed, reconnecting (1/3)...
[14:09:45.762] [Global WebSocket] Suppressed error to prevent crash: Unexpected server response: 404
[14:09:45.763] [PAI SDK] WebSocket closed, reconnecting (1/3)...
[14:09:55.936] [Global WebSocket] Suppressed error to prevent crash: Unexpected server response: 404
[14:09:55.936] [PAI SDK] WebSocket closed, reconnecting (1/3)...
[14:10:06.132] [Global WebSocket] Suppressed error to prevent crash: Unexpected server response: 404
[14:10:06.132] [PAI SDK] WebSocket closed, reconnecting (1/3)...
[14:10:16.328] [Global WebSocket] Suppressed error to prevent crash: Unexpected server response: 404
[14:10:16.329] [PAI SDK] WebSocket closed, reconnecting (1/3)...
[14:10:26.537] [Global WebSocket] Suppressed error to prevent crash: Unexpected server response: 404
[14:10:26.538] [PAI SDK] WebSocket closed, reconnecting (1/3)...
[14:10:36.720] [Global WebSocket] Suppressed error to prevent crash: Unexpected server response: 404
[14:10:36.721] [PAI SDK] WebSocket closed, reconnecting (1/3)...
[14:10:46.924] [Global WebSocket] Suppressed error to prevent crash: Unexpected server response: 404
[14:10:46.926] [PAI SDK] WebSocket closed, reconnecting (1/3)...
[14:10:57.103] [Global WebSocket] Suppressed error to prevent crash: Unexpected server response: 404
[14:10:57.103] [PAI SDK] WebSocket closed, reconnecting (1/3)...
[14:11:07.301] [Global WebSocket] Suppressed error to prevent crash: Unexpected server response: 404
[14:11:07.302] [PAI SDK] WebSocket closed, reconnecting (1/3)...
[14:11:17.492] [Global WebSocket] Suppressed error to prevent crash: Unexpected server response: 404
[14:11:17.493] [PAI SDK] WebSocket closed, reconnecting (1/3)...
[14:11:27.692] [Global WebSocket] Suppressed error to prevent crash: Unexpected server response: 404
[14:11:27.692] [PAI SDK] WebSocket closed, reconnecting (1/3)...
[14:11:37.881] [Global WebSocket] Suppressed error to prevent crash: Unexpected server response: 404
[14:11:37.881] [PAI SDK] WebSocket closed, reconnecting (1/3)...
[14:11:48.087] [Global WebSocket] Suppressed error to prevent crash: Unexpected server response: 404
[14:11:48.087] [PAI SDK] WebSocket closed, reconnecting (1/3)...
[14:11:58.284] [Global WebSocket] Suppressed error to prevent crash: Unexpected server response: 404
[14:11:58.284] [PAI SDK] WebSocket closed, reconnecting (1/3)...
[14:12:08.494] [Global WebSocket] Suppressed error to prevent crash: Unexpected server response: 404
[14:12:08.495] [PAI SDK] WebSocket closed, reconnecting (1/3)...
[14:12:18.687] [Global WebSocket] Suppressed error to prevent crash: Unexpected server response: 404
[14:12:18.687] [PAI SDK] WebSocket closed, reconnecting (1/3)...
[14:12:28.863] [Global WebSocket] Suppressed error to prevent crash: Unexpected server response: 404
[14:12:28.864] [PAI SDK] WebSocket closed, reconnecting (1/3)...
[14:12:39.057] [Global WebSocket] Suppressed error to prevent crash: Unexpected server response: 404
[14:12:39.057] [PAI SDK] WebSocket closed, reconnecting (1/3)...
[14:12:49.249] [Global WebSocket] Suppressed error to prevent crash: Unexpected server response: 404
[14:12:49.250] [PAI SDK] WebSocket closed, reconnecting (1/3)...
[14:12:59.443] [Global WebSocket] Suppressed error to prevent crash: Unexpected server response: 404
[14:12:59.444] [PAI SDK] WebSocket closed, reconnecting (1/3)...
[14:13:09.643] [Global WebSocket] Suppressed error to prevent crash: Unexpected server response: 404
[14:13:09.644] [PAI SDK] WebSocket closed, reconnecting (1/3)...
[14:13:19.851] [Global WebSocket] Suppressed error to prevent crash: Unexpected server response: 404
[14:13:19.852] [PAI SDK] WebSocket closed, reconnecting (1/3)...
[14:13:30.042] [Global WebSocket] Suppressed error to prevent crash: Unexpected server response: 404
[14:13:30.043] [PAI SDK] WebSocket closed, reconnecting (1/3)...
[14:13:40.230] [Global WebSocket] Suppressed error to prevent crash: Unexpected server response: 404
[14:13:40.230] [PAI SDK] WebSocket closed, reconnecting (1/3)...
[14:13:50.429] [Global WebSocket] Suppressed error to prevent crash: Unexpected server response: 404
[14:13:50.430] [PAI SDK] WebSocket closed, reconnecting (1/3)...
[14:14:00.615] [Global WebSocket] Suppressed error to prevent crash: Unexpected server response: 404
[14:14:00.615] [PAI SDK] WebSocket closed, reconnecting (1/3)...
[14:14:10.816] [Global WebSocket] Suppressed error to prevent crash: Unexpected server response: 404
[14:14:10.817] [PAI SDK] WebSocket closed, reconnecting (1/3)...
[14:14:20.994] [Global WebSocket] Suppressed error to prevent crash: Unexpected server response: 404
[14:14:20.994] [PAI SDK] WebSocket closed, reconnecting (1/3)...
[14:14:31.288] [Global WebSocket] Suppressed error to prevent crash: Unexpected server response: 404
[14:14:31.288] [PAI SDK] WebSocket closed, reconnecting (1/3)...
[14:14:41.484] [Global WebSocket] Suppressed error to prevent crash: Unexpected server response: 404
[14:14:41.485] [PAI SDK] WebSocket closed, reconnecting (1/3)...
[14:14:51.808] [Global WebSocket] Suppressed error to prevent crash: Unexpected server response: 404
[14:14:51.808] [PAI SDK] WebSocket closed, reconnecting (1/3)...
[14:15:02.000] [Global WebSocket] Suppressed error to prevent crash: Unexpected server response: 404
[14:15:02.001] [PAI SDK] WebSocket closed, reconnecting (1/3)...
[14:15:12.323] [Global WebSocket] Suppressed error to prevent crash: Unexpected server response: 404
[14:15:12.324] [PAI SDK] WebSocket closed, reconnecting (1/3)...
[14:15:22.511] [Global WebSocket] Suppressed error to prevent crash: Unexpected server response: 404
[14:15:22.511] [PAI SDK] WebSocket closed, reconnecting (1/3)...
[14:15:32.811] [Global WebSocket] Suppressed error to prevent crash: Unexpected server response: 404
[14:15:32.811] [PAI SDK] WebSocket closed, reconnecting (1/3)...
[14:15:43.002] [Global WebSocket] Suppressed error to prevent crash: Unexpected server response: 404
[14:15:43.002] [PAI SDK] WebSocket closed, reconnecting (1/3)...
[14:15:53.294] [Global WebSocket] Suppressed error to prevent crash: Unexpected server response: 404
[14:15:53.295] [PAI SDK] WebSocket closed, reconnecting (1/3)...
[14:16:03.483] [Global WebSocket] Suppressed error to prevent crash: Unexpected server response: 404
[14:16:03.483] [PAI SDK] WebSocket closed, reconnecting (1/3)...
[14:16:13.817] [Global WebSocket] Suppressed error to prevent crash: Unexpected server response: 404
[14:16:13.817] [PAI SDK] WebSocket closed, reconnecting (1/3)...
[14:16:24.012] [Global WebSocket] Suppressed error to prevent crash: Unexpected server response: 404
[14:16:24.013] [PAI SDK] WebSocket closed, reconnecting (1/3)...
[14:16:34.261] [Global WebSocket] Suppressed error to prevent crash: Unexpected server response: 404
[14:16:34.262] [PAI SDK] WebSocket closed, reconnecting (1/3)...
[14:16:44.450] [Global WebSocket] Suppressed error to prevent crash: Unexpected server response: 404
[14:16:44.451] [PAI SDK] WebSocket closed, reconnecting (1/3)...
[14:16:54.724] [Global WebSocket] Suppressed error to prevent crash: Unexpected server response: 404
[14:16:54.724] [PAI SDK] WebSocket closed, reconnecting (1/3)...
[14:17:04.919] [Global WebSocket] Suppressed error to prevent crash: Unexpected server response: 404
[14:17:04.920] [PAI SDK] WebSocket closed, reconnecting (1/3)...
[14:17:15.212] [Global WebSocket] Suppressed error to prevent crash: Unexpected server response: 404
[14:17:15.213] [PAI SDK] WebSocket closed, reconnecting (1/3)...
[14:17:25.399] [Global WebSocket] Suppressed error to prevent crash: Unexpected server response: 404
[14:17:25.399] [PAI SDK] WebSocket closed, reconnecting (1/3)...
[14:17:35.704] [Global WebSocket] Suppressed error to prevent crash: Unexpected server response: 404
[14:17:35.705] [PAI SDK] WebSocket closed, reconnecting (1/3)...
[14:17:45.932] [Global WebSocket] Suppressed error to prevent crash: Unexpected server response: 404
[14:17:45.933] [PAI SDK] WebSocket closed, reconnecting (1/3)...
[14:17:56.214] [Global WebSocket] Suppressed error to prevent crash: Unexpected server response: 404
[14:17:56.215] [PAI SDK] WebSocket closed, reconnecting (1/3)...
[14:18:06.418] [Global WebSocket] Suppressed error to prevent crash: Unexpected server response: 404
[14:18:06.418] [PAI SDK] WebSocket closed, reconnecting (1/3)...
[14:18:16.704] [Global WebSocket] Suppressed error to prevent crash: Unexpected server response: 404
[14:18:16.704] [PAI SDK] WebSocket closed, reconnecting (1/3)...
[14:18:26.905] [Global WebSocket] Suppressed error to prevent crash: Unexpected server response: 404
[14:18:26.906] [PAI SDK] WebSocket closed, reconnecting (1/3)...
[14:18:37.223] [Global WebSocket] Suppressed error to prevent crash: Unexpected server response: 404
[14:18:37.224] [PAI SDK] WebSocket closed, reconnecting (1/3)...
[14:18:47.422] [Global WebSocket] Suppressed error to prevent crash: Unexpected server response: 404
[14:18:47.423] [PAI SDK] WebSocket closed, reconnecting (1/3)...
[14:18:57.702] [Global WebSocket] Suppressed error to prevent crash: Unexpected server response: 404
[14:18:57.703] [PAI SDK] WebSocket closed, reconnecting (1/3)...
[14:19:07.899] [Global WebSocket] Suppressed error to prevent crash: Unexpected server response: 404
[14:19:07.900] [PAI SDK] WebSocket closed, reconnecting (1/3)...
[14:19:18.148] [Global WebSocket] Suppressed error to prevent crash: Unexpected server response: 404
[14:19:18.149] [PAI SDK] WebSocket closed, reconnecting (1/3)...
[14:19:28.352] [Global WebSocket] Suppressed error to prevent crash: Unexpected server response: 404
[14:19:28.353] [PAI SDK] WebSocket closed, reconnecting (1/3)...
[14:19:38.564] [Global WebSocket] Suppressed error to prevent crash: Unexpected server response: 404
[14:19:38.565] [PAI SDK] WebSocket closed, reconnecting (1/3)...
[14:19:48.770] [Global WebSocket] Suppressed error to prevent crash: Unexpected server response: 404
[14:19:48.771] [PAI SDK] WebSocket closed, reconnecting (1/3)...
[14:19:58.965] [Global WebSocket] Suppressed error to prevent crash: Unexpected server response: 404
[14:19:58.965] [PAI SDK] WebSocket closed, reconnecting (1/3)...
[14:20:09.164] [Global WebSocket] Suppressed error to prevent crash: Unexpected server response: 404
[14:20:09.165] [PAI SDK] WebSocket closed, reconnecting (1/3)...
[14:20:19.351] [Global WebSocket] Suppressed error to prevent crash: Unexpected server response: 404
[14:20:19.351] [PAI SDK] WebSocket closed, reconnecting (1/3)...
[14:20:29.546] [Global WebSocket] Suppressed error to prevent crash: Unexpected server response: 404
[14:20:29.546] [PAI SDK] WebSocket closed, reconnecting (1/3)...
[14:20:39.750] [Global WebSocket] Suppressed error to prevent crash: Unexpected server response: 404
[14:20:39.751] [PAI SDK] WebSocket closed, reconnecting (1/3)...
[14:20:49.955] [Global WebSocket] Suppressed error to prevent crash: Unexpected server response: 404
[14:20:49.956] [PAI SDK] WebSocket closed, reconnecting (1/3)...
[14:21:00.148] [Global WebSocket] Suppressed error to prevent crash: Unexpected server response: 404
[14:21:00.148] [PAI SDK] WebSocket closed, reconnecting (1/3)...
[14:21:10.352] [Global WebSocket] Suppressed error to prevent crash: Unexpected server response: 404
[14:21:10.353] [PAI SDK] WebSocket closed, reconnecting (1/3)...
[14:21:20.550] [Global WebSocket] Suppressed error to prevent crash: Unexpected server response: 404
[14:21:20.550] [PAI SDK] WebSocket closed, reconnecting (1/3)...
[14:21:30.761] [Global WebSocket] Suppressed error to prevent crash: Unexpected server response: 404
[14:21:30.762] [PAI SDK] WebSocket closed, reconnecting (1/3)...
[14:21:41.016] [Global WebSocket] Suppressed error to prevent crash: Unexpected server response: 404
[14:21:41.017] [PAI SDK] WebSocket closed, reconnecting (1/3)...
[14:21:51.222] [Global WebSocket] Suppressed error to prevent crash: Unexpected server response: 404
[14:21:51.223] [PAI SDK] WebSocket closed, reconnecting (1/3)...
[14:22:01.561] [Global WebSocket] Suppressed error to prevent crash: Unexpected server response: 404
[14:22:01.562] [PAI SDK] WebSocket closed, reconnecting (1/3)...
[14:22:11.768] [Global WebSocket] Suppressed error to prevent crash: Unexpected server response: 404
[14:22:11.769] [PAI SDK] WebSocket closed, reconnecting (1/3)...
[14:22:22.112] [Global WebSocket] Suppressed error to prevent crash: Unexpected server response: 404
[14:22:22.112] [PAI SDK] WebSocket closed, reconnecting (1/3)...
[14:22:32.298] [Global WebSocket] Suppressed error to prevent crash: Unexpected server response: 404
[14:22:32.298] [PAI SDK] WebSocket closed, reconnecting (1/3)...
[14:22:42.601] [Global WebSocket] Suppressed error to prevent crash: Unexpected server response: 404
[14:22:42.602] [PAI SDK] WebSocket closed, reconnecting (1/3)...
[14:22:52.805] [Global WebSocket] Suppressed error to prevent crash: Unexpected server response: 404
[14:22:52.806] [PAI SDK] WebSocket closed, reconnecting (1/3)...
[14:23:03.089] [Global WebSocket] Suppressed error to prevent crash: Unexpected server response: 404
[14:23:03.090] [PAI SDK] WebSocket closed, reconnecting (1/3)...
[14:23:13.291] [Global WebSocket] Suppressed error to prevent crash: Unexpected server response: 404
[14:23:13.291] [PAI SDK] WebSocket closed, reconnecting (1/3)...
[14:23:23.596] [Global WebSocket] Suppressed error to prevent crash: Unexpected server response: 404
[14:23:23.596] [PAI SDK] WebSocket closed, reconnecting (1/3)...
[14:23:33.807] [Global WebSocket] Suppressed error to prevent crash: Unexpected server response: 404
[14:23:33.808] [PAI SDK] WebSocket closed, reconnecting (1/3)...
[14:23:44.081] [Global WebSocket] Suppressed error to prevent crash: Unexpected server response: 404
[14:23:44.081] [PAI SDK] WebSocket closed, reconnecting (1/3)...
[14:23:54.274] [Global WebSocket] Suppressed error to prevent crash: Unexpected server response: 404
[14:23:54.274] [PAI SDK] WebSocket closed, reconnecting (1/3)...
[14:24:04.522] [Global WebSocket] Suppressed error to prevent crash: Unexpected server response: 404
[14:24:04.523] [PAI SDK] WebSocket closed, reconnecting (1/3)...
[14:24:14.709] [Global WebSocket] Suppressed error to prevent crash: Unexpected server response: 404
[14:24:14.710] [PAI SDK] WebSocket closed, reconnecting (1/3)...
[14:24:25.021] [Global WebSocket] Suppressed error to prevent crash: Unexpected server response: 404
[14:24:25.022] [PAI SDK] WebSocket closed, reconnecting (1/3)...
[14:24:35.210] [Global WebSocket] Suppressed error to prevent crash: Unexpected server response: 404
[14:24:35.211] [PAI SDK] WebSocket closed, reconnecting (1/3)...
[14:24:45.418] [Global WebSocket] Suppressed error to prevent crash: Unexpected server response: 404
[14:24:45.418] [PAI SDK] WebSocket closed, reconnecting (1/3)...
[14:24:55.611] [Global WebSocket] Suppressed error to prevent crash: Unexpected server response: 404
[14:24:55.612] [PAI SDK] WebSocket closed, reconnecting (1/3)...
[14:25:05.811] [Global WebSocket] Suppressed error to prevent crash: Unexpected server response: 404
[14:25:05.811] [PAI SDK] WebSocket closed, reconnecting (1/3)...
[14:25:16.015] [Global WebSocket] Suppressed error to prevent crash: Unexpected server response: 404
[14:25:16.015] [PAI SDK] WebSocket closed, reconnecting (1/3)...
[14:25:26.202] [Global WebSocket] Suppressed error to prevent crash: Unexpected server response: 404
[14:25:26.203] [PAI SDK] WebSocket closed, reconnecting (1/3)...
[14:25:36.404] [Global WebSocket] Suppressed error to prevent crash: Unexpected server response: 404
[14:25:36.405] [PAI SDK] WebSocket closed, reconnecting (1/3)...
[14:25:46.603] [Global WebSocket] Suppressed error to prevent crash: Unexpected server response: 404
[14:25:46.604] [PAI SDK] WebSocket closed, reconnecting (1/3)...
[14:25:56.794] [Global WebSocket] Suppressed error to prevent crash: Unexpected server response: 404
[14:25:56.795] [PAI SDK] WebSocket closed, reconnecting (1/3)...
[14:26:06.987] [Global WebSocket] Suppressed error to prevent crash: Unexpected server response: 404
[14:26:06.987] [PAI SDK] WebSocket closed, reconnecting (1/3)...
[14:26:17.194] [Global WebSocket] Suppressed error to prevent crash: Unexpected server response: 404
[14:26:17.194] [PAI SDK] WebSocket closed, reconnecting (1/3)...
[14:26:27.377] [Global WebSocket] Suppressed error to prevent crash: Unexpected server response: 404
[14:26:27.377] [PAI SDK] WebSocket closed, reconnecting (1/3)...
[14:26:37.557] [Global WebSocket] Suppressed error to prevent crash: Unexpected server response: 404
[14:26:37.557] [PAI SDK] WebSocket closed, reconnecting (1/3)...
[14:26:47.761] [Global WebSocket] Suppressed error to prevent crash: Unexpected server response: 404
[14:26:47.762] [PAI SDK] WebSocket closed, reconnecting (1/3)...
[14:26:57.955] [Global WebSocket] Suppressed error to prevent crash: Unexpected server response: 404
[14:26:57.955] [PAI SDK] WebSocket closed, reconnecting (1/3)...
[14:27:08.155] [Global WebSocket] Suppressed error to prevent crash: Unexpected server response: 404
[14:27:08.155] [PAI SDK] WebSocket closed, reconnecting (1/3)...
[14:27:18.343] [Global WebSocket] Suppressed error to prevent crash: Unexpected server response: 404
[14:27:18.343] [PAI SDK] WebSocket closed, reconnecting (1/3)...
[14:27:28.543] [Global WebSocket] Suppressed error to prevent crash: Unexpected server response: 404
[14:27:28.544] [PAI SDK] WebSocket closed, reconnecting (1/3)...
[14:27:38.736] [Global WebSocket] Suppressed error to prevent crash: Unexpected server response: 404
[14:27:38.737] [PAI SDK] WebSocket closed, reconnecting (1/3)...
[14:27:48.917] [Global WebSocket] Suppressed error to prevent crash: Unexpected server response: 404
[14:27:48.917] [PAI SDK] WebSocket closed, reconnecting (1/3)...
[14:27:59.110] [Global WebSocket] Suppressed error to prevent crash: Unexpected server response: 404
[14:27:59.111] [PAI SDK] WebSocket closed, reconnecting (1/3)...
[14:28:09.301] [Global WebSocket] Suppressed error to prevent crash: Unexpected server response: 404
[14:28:09.301] [PAI SDK] WebSocket closed, reconnecting (1/3)...
[14:28:19.482] [Global WebSocket] Suppressed error to prevent crash: Unexpected server response: 404
[14:28:19.483] [PAI SDK] WebSocket closed, reconnecting (1/3)...
[14:28:29.682] [Global WebSocket] Suppressed error to prevent crash: Unexpected server response: 404
[14:28:29.682] [PAI SDK] WebSocket closed, reconnecting (1/3)...
[14:28:39.866] [Global WebSocket] Suppressed error to prevent crash: Unexpected server response: 404
[14:28:39.866] [PAI SDK] WebSocket closed, reconnecting (1/3)...
[14:28:50.066] [Global WebSocket] Suppressed error to prevent crash: Unexpected server response: 404
[14:28:50.066] [PAI SDK] WebSocket closed, reconnecting (1/3)...
[14:29:00.257] [Global WebSocket] Suppressed error to prevent crash: Unexpected server response: 404
[14:29:00.257] [PAI SDK] WebSocket closed, reconnecting (1/3)...
[14:29:10.453] [Global WebSocket] Suppressed error to prevent crash: Unexpected server response: 404
[14:29:10.454] [PAI SDK] WebSocket closed, reconnecting (1/3)...
[14:29:20.656] [Global WebSocket] Suppressed error to prevent crash: Unexpected server response: 404
[14:29:20.657] [PAI SDK] WebSocket closed, reconnecting (1/3)...
[14:29:30.853] [Global WebSocket] Suppressed error to prevent crash: Unexpected server response: 404
[14:29:30.853] [PAI SDK] WebSocket closed, reconnecting (1/3)...
[14:29:41.053] [Global WebSocket] Suppressed error to prevent crash: Unexpected server response: 404
[14:29:41.053] [PAI SDK] WebSocket closed, reconnecting (1/3)...
[14:29:51.248] [Global WebSocket] Suppressed error to prevent crash: Unexpected server response: 404
[14:29:51.249] [PAI SDK] WebSocket closed, reconnecting (1/3)...
[14:30:01.435] [Global WebSocket] Suppressed error to prevent crash: Unexpected server response: 404
[14:30:01.435] [PAI SDK] WebSocket closed, reconnecting (1/3)...
[14:30:11.636] [Global WebSocket] Suppressed error to prevent crash: Unexpected server response: 404
[14:30:11.636] [PAI SDK] WebSocket closed, reconnecting (1/3)...
[14:30:21.828] [Global WebSocket] Suppressed error to prevent crash: Unexpected server response: 404
[14:30:21.828] [PAI SDK] WebSocket closed, reconnecting (1/3)...
[14:30:32.020] [Global WebSocket] Suppressed error to prevent crash: Unexpected server response: 404
[14:30:32.020] [PAI SDK] WebSocket closed, reconnecting (1/3)...
[14:30:42.208] [Global WebSocket] Suppressed error to prevent crash: Unexpected server response: 404
[14:30:42.208] [PAI SDK] WebSocket closed, reconnecting (1/3)...
[14:30:52.403] [Global WebSocket] Suppressed error to prevent crash: Unexpected server response: 404
[14:30:52.404] [PAI SDK] WebSocket closed, reconnecting (1/3)...
[14:31:02.589] [Global WebSocket] Suppressed error to prevent crash: Unexpected server response: 404
[14:31:02.589] [PAI SDK] WebSocket closed, reconnecting (1/3)...
[14:31:12.779] [Global WebSocket] Suppressed error to prevent crash: Unexpected server response: 404
[14:31:12.780] [PAI SDK] WebSocket closed, reconnecting (1/3)...
[14:31:22.983] [Global WebSocket] Suppressed error to prevent crash: Unexpected server response: 404
[14:31:22.984] [PAI SDK] WebSocket closed, reconnecting (1/3)...
[14:31:33.166] [Global WebSocket] Suppressed error to prevent crash: Unexpected server response: 404
[14:31:33.167] [PAI SDK] WebSocket closed, reconnecting (1/3)...
[14:31:43.346] [Global WebSocket] Suppressed error to prevent crash: Unexpected server response: 404
[14:31:43.346] [PAI SDK] WebSocket closed, reconnecting (1/3)...
[14:31:53.537] [Global WebSocket] Suppressed error to prevent crash: Unexpected server response: 404
[14:31:53.538] [PAI SDK] WebSocket closed, reconnecting (1/3)...
[14:32:03.740] [Global WebSocket] Suppressed error to prevent crash: Unexpected server response: 404
[14:32:03.740] [PAI SDK] WebSocket closed, reconnecting (1/3)...
[14:32:13.926] [Global WebSocket] Suppressed error to prevent crash: Unexpected server response: 404
[14:32:13.926] [PAI SDK] WebSocket closed, reconnecting (1/3)...
[14:32:24.120] [Global WebSocket] Suppressed error to prevent crash: Unexpected server response: 404
[14:32:24.121] [PAI SDK] WebSocket closed, reconnecting (1/3)...
[14:32:34.313] [Global WebSocket] Suppressed error to prevent crash: Unexpected server response: 404
[14:32:34.314] [PAI SDK] WebSocket closed, reconnecting (1/3)...
[14:32:44.515] [Global WebSocket] Suppressed error to prevent crash: Unexpected server response: 404
[14:32:44.516] [PAI SDK] WebSocket closed, reconnecting (1/3)...
[14:32:54.723] [Global WebSocket] Suppressed error to prevent crash: Unexpected server response: 404
[14:32:54.724] [PAI SDK] WebSocket closed, reconnecting (1/3)...
[14:33:04.957] [Global WebSocket] Suppressed error to prevent crash: Unexpected server response: 404
[14:33:04.957] [PAI SDK] WebSocket closed, reconnecting (1/3)...
[14:33:15.152] [Global WebSocket] Suppressed error to prevent crash: Unexpected server response: 404
[14:33:15.153] [PAI SDK] WebSocket closed, reconnecting (1/3)...
[14:33:25.420] [Global WebSocket] Suppressed error to prevent crash: Unexpected server response: 404
[14:33:25.420] [PAI SDK] WebSocket closed, reconnecting (1/3)...
[14:33:35.625] [Global WebSocket] Suppressed error to prevent crash: Unexpected server response: 404
[14:33:35.625] [PAI SDK] WebSocket closed, reconnecting (1/3)...
[14:33:45.900] [Global WebSocket] Suppressed error to prevent crash: Unexpected server response: 404
[14:33:45.900] [PAI SDK] WebSocket closed, reconnecting (1/3)...
[14:33:56.109] [Global WebSocket] Suppressed error to prevent crash: Unexpected server response: 404
[14:33:56.110] [PAI SDK] WebSocket closed, reconnecting (1/3)...
[14:34:06.402] [Global WebSocket] Suppressed error to prevent crash: Unexpected server response: 404
[14:34:06.402] [PAI SDK] WebSocket closed, reconnecting (1/3)...
[14:34:16.655] [Global WebSocket] Suppressed error to prevent crash: Unexpected server response: 404
[14:34:16.655] [PAI SDK] WebSocket closed, reconnecting (1/3)...
[14:34:26.996] [Global WebSocket] Suppressed error to prevent crash: Unexpected server response: 404
[14:34:26.996] [PAI SDK] WebSocket closed, reconnecting (1/3)...
[14:34:37.197] [Global WebSocket] Suppressed error to prevent crash: Unexpected server response: 404
[14:34:37.197] [PAI SDK] WebSocket closed, reconnecting (1/3)...
[14:34:47.542] [Global WebSocket] Suppressed error to prevent crash: Unexpected server response: 404
[14:34:47.543] [PAI SDK] WebSocket closed, reconnecting (1/3)...
[14:34:57.733] [Global WebSocket] Suppressed error to prevent crash: Unexpected server response: 404
[14:34:57.734] [PAI SDK] WebSocket closed, reconnecting (1/3)...
[14:35:08.076] [Global WebSocket] Suppressed error to prevent crash: Unexpected server response: 404
[14:35:08.076] [PAI SDK] WebSocket closed, reconnecting (1/3)...
[14:35:18.258] [Global WebSocket] Suppressed error to prevent crash: Unexpected server response: 404
[14:35:18.259] [PAI SDK] WebSocket closed, reconnecting (1/3)...
[14:35:28.549] [Global WebSocket] Suppressed error to prevent crash: Unexpected server response: 404
[14:35:28.550] [PAI SDK] WebSocket closed, reconnecting (1/3)...
[14:35:38.745] [Global WebSocket] Suppressed error to prevent crash: Unexpected server response: 404
[14:35:38.745] [PAI SDK] WebSocket closed, reconnecting (1/3)...
[14:35:49.081] [Global WebSocket] Suppressed error to prevent crash: Unexpected server response: 404
[14:35:49.082] [PAI SDK] WebSocket closed, reconnecting (1/3)...
[14:35:59.301] [Global WebSocket] Suppressed error to prevent crash: Unexpected server response: 404
[14:35:59.301] [PAI SDK] WebSocket closed, reconnecting (1/3)...
[14:36:09.624] [Global WebSocket] Suppressed error to prevent crash: Unexpected server response: 404
[14:36:09.625] [PAI SDK] WebSocket closed, reconnecting (1/3)...
[14:36:19.827] [Global WebSocket] Suppressed error to prevent crash: Unexpected server response: 404
[14:36:19.828] [PAI SDK] WebSocket closed, reconnecting (1/3)...
[14:36:30.167] [Global WebSocket] Suppressed error to prevent crash: Unexpected server response: 404
[14:36:30.168] [PAI SDK] WebSocket closed, reconnecting (1/3)...
[14:36:40.352] [Global WebSocket] Suppressed error to prevent crash: Unexpected server response: 404
[14:36:40.353] [PAI SDK] WebSocket closed, reconnecting (1/3)...
[14:36:50.701] [Global WebSocket] Suppressed error to prevent crash: Unexpected server response: 404
[14:36:50.701] [PAI SDK] WebSocket closed, reconnecting (1/3)...
[14:37:00.905] [Global WebSocket] Suppressed error to prevent crash: Unexpected server response: 404
[14:37:00.905] [PAI SDK] WebSocket closed, reconnecting (1/3)...
[14:37:11.197] [Global WebSocket] Suppressed error to prevent crash: Unexpected server response: 404
[14:37:11.198] [PAI SDK] WebSocket closed, reconnecting (1/3)...
[14:37:21.395] [Global WebSocket] Suppressed error to prevent crash: Unexpected server response: 404
[14:37:21.395] [PAI SDK] WebSocket closed, reconnecting (1/3)...
[14:37:31.635] [Global WebSocket] Suppressed error to prevent crash: Unexpected server response: 404
[14:37:31.635] [PAI SDK] WebSocket closed, reconnecting (1/3)...
[14:37:41.822] [Global WebSocket] Suppressed error to prevent crash: Unexpected server response: 404
[14:37:41.823] [PAI SDK] WebSocket closed, reconnecting (1/3)...
[14:37:52.152] [Global WebSocket] Suppressed error to prevent crash: Unexpected server response: 404
[14:37:52.152] [PAI SDK] WebSocket closed, reconnecting (1/3)...
[14:38:02.332] [Global WebSocket] Suppressed error to prevent crash: Unexpected server response: 404
[14:38:02.332] [PAI SDK] WebSocket closed, reconnecting (1/3)...
[14:38:12.620] [Global WebSocket] Suppressed error to prevent crash: Unexpected server response: 404
[14:38:12.620] [PAI SDK] WebSocket closed, reconnecting (1/3)...
[14:38:22.813] [Global WebSocket] Suppressed error to prevent crash: Unexpected server response: 404
[14:38:22.814] [PAI SDK] WebSocket closed, reconnecting (1/3)...
[14:38:33.062] [Global WebSocket] Suppressed error to prevent crash: Unexpected server response: 404
[14:38:33.062] [PAI SDK] WebSocket closed, reconnecting (1/3)...
[14:38:43.253] [Global WebSocket] Suppressed error to prevent crash: Unexpected server response: 404
[14:38:43.254] [PAI SDK] WebSocket closed, reconnecting (1/3)...
[14:38:53.530] [Global WebSocket] Suppressed error to prevent crash: Unexpected server response: 404
[14:38:53.530] [PAI SDK] WebSocket closed, reconnecting (1/3)...
[14:39:03.726] [Global WebSocket] Suppressed error to prevent crash: Unexpected server response: 404
[14:39:03.727] [PAI SDK] WebSocket closed, reconnecting (1/3)...
[14:39:13.999] [Global WebSocket] Suppressed error to prevent crash: Unexpected server response: 404
[14:39:14.000] [PAI SDK] WebSocket closed, reconnecting (1/3)...
[14:39:24.207] [Global WebSocket] Suppressed error to prevent crash: Unexpected server response: 404
[14:39:24.208] [PAI SDK] WebSocket closed, reconnecting (1/3)...
[14:39:34.463] [Global WebSocket] Suppressed error to prevent crash: Unexpected server response: 404
[14:39:34.464] [PAI SDK] WebSocket closed, reconnecting (1/3)...
[14:39:44.651] [Global WebSocket] Suppressed error to prevent crash: Unexpected server response: 404
[14:39:44.651] [PAI SDK] WebSocket closed, reconnecting (1/3)...
[14:39:54.913] [Global WebSocket] Suppressed error to prevent crash: Unexpected server response: 404
[14:39:54.913] [PAI SDK] WebSocket closed, reconnecting (1/3)...
[14:40:05.101] [Global WebSocket] Suppressed error to prevent crash: Unexpected server response: 404
[14:40:05.102] [PAI SDK] WebSocket closed, reconnecting (1/3)...
[14:40:15.404] [Global WebSocket] Suppressed error to prevent crash: Unexpected server response: 404
[14:40:15.405] [PAI SDK] WebSocket closed, reconnecting (1/3)...
[14:40:25.592] [Global WebSocket] Suppressed error to prevent crash: Unexpected server response: 404
[14:40:25.593] [PAI SDK] WebSocket closed, reconnecting (1/3)...
[14:40:35.846] [Global WebSocket] Suppressed error to prevent crash: Unexpected server response: 404
[14:40:35.847] [PAI SDK] WebSocket closed, reconnecting (1/3)...
[14:40:46.039] [Global WebSocket] Suppressed error to prevent crash: Unexpected server response: 404
[14:40:46.040] [PAI SDK] WebSocket closed, reconnecting (1/3)...
[14:40:56.356] [Global WebSocket] Suppressed error to prevent crash: Unexpected server response: 404
[14:40:56.356] [PAI SDK] WebSocket closed, reconnecting (1/3)...
[14:41:06.544] [Global WebSocket] Suppressed error to prevent crash: Unexpected server response: 404
[14:41:06.545] [PAI SDK] WebSocket closed, reconnecting (1/3)...
[14:41:16.894] [Global WebSocket] Suppressed error to prevent crash: Unexpected server response: 404
[14:41:16.895] [PAI SDK] WebSocket closed, reconnecting (1/3)...
[14:41:27.092] [Global WebSocket] Suppressed error to prevent crash: Unexpected server response: 404
[14:41:27.092] [PAI SDK] WebSocket closed, reconnecting (1/3)...
[14:41:37.412] [Global WebSocket] Suppressed error to prevent crash: Unexpected server response: 404
[14:41:37.412] [PAI SDK] WebSocket closed, reconnecting (1/3)...
[14:41:47.608] [Global WebSocket] Suppressed error to prevent crash: Unexpected server response: 404
[14:41:47.609] [PAI SDK] WebSocket closed, reconnecting (1/3)...
[14:41:57.919] [Global WebSocket] Suppressed error to prevent crash: Unexpected server response: 404
[14:41:57.920] [PAI SDK] WebSocket closed, reconnecting (1/3)...
[14:42:08.116] [Global WebSocket] Suppressed error to prevent crash: Unexpected server response: 404
[14:42:08.116] [PAI SDK] WebSocket closed, reconnecting (1/3)...
[14:42:18.412] [Global WebSocket] Suppressed error to prevent crash: Unexpected server response: 404
[14:42:18.413] [PAI SDK] WebSocket closed, reconnecting (1/3)...
[14:42:28.617] [Global WebSocket] Suppressed error to prevent crash: Unexpected server response: 404
[14:42:28.618] [PAI SDK] WebSocket closed, reconnecting (1/3)...
[14:42:38.837] [Global WebSocket] Suppressed error to prevent crash: Unexpected server response: 404
[14:42:38.837] [PAI SDK] WebSocket closed, reconnecting (1/3)...
[14:42:49.027] [Global WebSocket] Suppressed error to prevent crash: Unexpected server response: 404
[14:42:49.027] [PAI SDK] WebSocket closed, reconnecting (1/3)...
[14:42:59.248] [Global WebSocket] Suppressed error to prevent crash: Unexpected server response: 404
[14:42:59.249] [PAI SDK] WebSocket closed, reconnecting (1/3)...
[14:43:09.449] [Global WebSocket] Suppressed error to prevent crash: Unexpected server response: 404
[14:43:09.450] [PAI SDK] WebSocket closed, reconnecting (1/3)...
[14:43:19.644] [Global WebSocket] Suppressed error to prevent crash: Unexpected server response: 404
[14:43:19.645] [PAI SDK] WebSocket closed, reconnecting (1/3)...
[14:43:29.836] [Global WebSocket] Suppressed error to prevent crash: Unexpected server response: 404
[14:43:29.837] [PAI SDK] WebSocket closed, reconnecting (1/3)...
[14:43:40.043] [Global WebSocket] Suppressed error to prevent crash: Unexpected server response: 404
[14:43:40.043] [PAI SDK] WebSocket closed, reconnecting (1/3)...
[14:43:50.239] [Global WebSocket] Suppressed error to prevent crash: Unexpected server response: 404
[14:43:50.240] [PAI SDK] WebSocket closed, reconnecting (1/3)...
[14:44:00.438] [Global WebSocket] Suppressed error to prevent crash: Unexpected server response: 404
[14:44:00.438] [PAI SDK] WebSocket closed, reconnecting (1/3)...
[14:44:10.620] [Global WebSocket] Suppressed error to prevent crash: Unexpected server response: 404
[14:44:10.620] [PAI SDK] WebSocket closed, reconnecting (1/3)...
[14:44:20.817] [Global WebSocket] Suppressed error to prevent crash: Unexpected server response: 404
[14:44:20.817] [PAI SDK] WebSocket closed, reconnecting (1/3)...
[14:44:30.998] [Global WebSocket] Suppressed error to prevent crash: Unexpected server response: 404
[14:44:30.999] [PAI SDK] WebSocket closed, reconnecting (1/3)...
[14:44:41.181] [Global WebSocket] Suppressed error to prevent crash: Unexpected server response: 404
[14:44:41.181] [PAI SDK] WebSocket closed, reconnecting (1/3)...
[14:44:51.368] [Global WebSocket] Suppressed error to prevent crash: Unexpected server response: 404
[14:44:51.369] [PAI SDK] WebSocket closed, reconnecting (1/3)...
[14:45:01.562] [Global WebSocket] Suppressed error to prevent crash: Unexpected server response: 404
[14:45:01.562] [PAI SDK] WebSocket closed, reconnecting (1/3)...
[14:45:11.760] [Global WebSocket] Suppressed error to prevent crash: Unexpected server response: 404
[14:45:11.761] [PAI SDK] WebSocket closed, reconnecting (1/3)...
[14:45:21.952] [Global WebSocket] Suppressed error to prevent crash: Unexpected server response: 404
[14:45:21.953] [PAI SDK] WebSocket closed, reconnecting (1/3)...
[14:45:32.144] [Global WebSocket] Suppressed error to prevent crash: Unexpected server response: 404
[14:45:32.144] [PAI SDK] WebSocket closed, reconnecting (1/3)...
[14:45:42.334] [Global WebSocket] Suppressed error to prevent crash: Unexpected server response: 404
[14:45:42.335] [PAI SDK] WebSocket closed, reconnecting (1/3)...
[14:45:52.527] [Global WebSocket] Suppressed error to prevent crash: Unexpected server response: 404
[14:45:52.528] [PAI SDK] WebSocket closed, reconnecting (1/3)...
[14:46:02.715] [Global WebSocket] Suppressed error to prevent crash: Unexpected server response: 404
[14:46:02.715] [PAI SDK] WebSocket closed, reconnecting (1/3)...
[14:46:12.906] [Global WebSocket] Suppressed error to prevent crash: Unexpected server response: 404
[14:46:12.907] [PAI SDK] WebSocket closed, reconnecting (1/3)...
[14:46:23.096] [Global WebSocket] Suppressed error to prevent crash: Unexpected server response: 404
[14:46:23.096] [PAI SDK] WebSocket closed, reconnecting (1/3)...
[14:46:33.288] [Global WebSocket] Suppressed error to prevent crash: Unexpected server response: 404
[14:46:33.289] [PAI SDK] WebSocket closed, reconnecting (1/3)...
[14:46:43.471] [Global WebSocket] Suppressed error to prevent crash: Unexpected server response: 404
[14:46:43.471] [PAI SDK] WebSocket closed, reconnecting (1/3)...
[14:46:53.662] [Global WebSocket] Suppressed error to prevent crash: Unexpected server response: 404
[14:46:53.663] [PAI SDK] WebSocket closed, reconnecting (1/3)...
[14:47:03.857] [Global WebSocket] Suppressed error to prevent crash: Unexpected server response: 404
[14:47:03.858] [PAI SDK] WebSocket closed, reconnecting (1/3)...
[14:47:14.054] [Global WebSocket] Suppressed error to prevent crash: Unexpected server response: 404
[14:47:14.054] [PAI SDK] WebSocket closed, reconnecting (1/3)...
[14:47:24.235] [Global WebSocket] Suppressed error to prevent crash: Unexpected server response: 404
[14:47:24.236] [PAI SDK] WebSocket closed, reconnecting (1/3)...
[14:47:34.430] [Global WebSocket] Suppressed error to prevent crash: Unexpected server response: 404
[14:47:34.431] [PAI SDK] WebSocket closed, reconnecting (1/3)...
[14:47:44.621] [Global WebSocket] Suppressed error to prevent crash: Unexpected server response: 404
[14:47:44.621] [PAI SDK] WebSocket closed, reconnecting (1/3)...
[14:47:54.827] [Global WebSocket] Suppressed error to prevent crash: Unexpected server response: 404
[14:47:54.828] [PAI SDK] WebSocket closed, reconnecting (1/3)...
[14:48:05.021] [Global WebSocket] Suppressed error to prevent crash: Unexpected server response: 404
[14:48:05.022] [PAI SDK] WebSocket closed, reconnecting (1/3)...
[14:48:15.238] [Global WebSocket] Suppressed error to prevent crash: Unexpected server response: 404
[14:48:15.239] [PAI SDK] WebSocket closed, reconnecting (1/3)...
[14:48:25.453] [Global WebSocket] Suppressed error to prevent crash: Unexpected server response: 404
[14:48:25.453] [PAI SDK] WebSocket closed, reconnecting (1/3)...
[14:48:35.658] [Global WebSocket] Suppressed error to prevent crash: Unexpected server response: 404
[14:48:35.658] [PAI SDK] WebSocket closed, reconnecting (1/3)...
[14:48:45.854] [Global WebSocket] Suppressed error to prevent crash: Unexpected server response: 404
[14:48:45.854] [PAI SDK] WebSocket closed, reconnecting (1/3)...
[14:48:56.049] [Global WebSocket] Suppressed error to prevent crash: Unexpected server response: 404
[14:48:56.049] [PAI SDK] WebSocket closed, reconnecting (1/3)...
[14:49:06.248] [Global WebSocket] Suppressed error to prevent crash: Unexpected server response: 404
[14:49:06.249] [PAI SDK] WebSocket closed, reconnecting (1/3)...
[14:49:16.464] [Global WebSocket] Suppressed error to prevent crash: Unexpected server response: 404
[14:49:16.464] [PAI SDK] WebSocket closed, reconnecting (1/3)...
[14:49:26.670] [Global WebSocket] Suppressed error to prevent crash: Unexpected server response: 404
[14:49:26.670] [PAI SDK] WebSocket closed, reconnecting (1/3)...
[14:49:36.870] [Global WebSocket] Suppressed error to prevent crash: Unexpected server response: 404
[14:49:36.870] [PAI SDK] WebSocket closed, reconnecting (1/3)...
[14:49:47.066] [Global WebSocket] Suppressed error to prevent crash: Unexpected server response: 404
[14:49:47.066] [PAI SDK] WebSocket closed, reconnecting (1/3)...
[14:49:57.263] [Global WebSocket] Suppressed error to prevent crash: Unexpected server response: 404
[14:49:57.264] [PAI SDK] WebSocket closed, reconnecting (1/3)...
[14:50:07.473] [Global WebSocket] Suppressed error to prevent crash: Unexpected server response: 404
[14:50:07.473] [PAI SDK] WebSocket closed, reconnecting (1/3)...
[14:50:17.651] [Global WebSocket] Suppressed error to prevent crash: Unexpected server response: 404
[14:50:17.652] [PAI SDK] WebSocket closed, reconnecting (1/3)...
[14:50:27.840] [Global WebSocket] Suppressed error to prevent crash: Unexpected server response: 404
[14:50:27.840] [PAI SDK] WebSocket closed, reconnecting (1/3)...
[14:50:38.031] [Global WebSocket] Suppressed error to prevent crash: Unexpected server response: 404
[14:50:38.031] [PAI SDK] WebSocket closed, reconnecting (1/3)...
[14:50:48.233] [Global WebSocket] Suppressed error to prevent crash: Unexpected server response: 404
[14:50:48.233] [PAI SDK] WebSocket closed, reconnecting (1/3)...
[14:50:58.438] [Global WebSocket] Suppressed error to prevent crash: Unexpected server response: 404
[14:50:58.438] [PAI SDK] WebSocket closed, reconnecting (1/3)...
[14:51:08.635] [Global WebSocket] Suppressed error to prevent crash: Unexpected server response: 404
[14:51:08.636] [PAI SDK] WebSocket closed, reconnecting (1/3)...
[14:51:18.861] [Global WebSocket] Suppressed error to prevent crash: Unexpected server response: 404
[14:51:18.861] [PAI SDK] WebSocket closed, reconnecting (1/3)...
[14:51:29.061] [Global WebSocket] Suppressed error to prevent crash: Unexpected server response: 404
[14:51:29.061] [PAI SDK] WebSocket closed, reconnecting (1/3)...
[14:51:39.333] [Global WebSocket] Suppressed error to prevent crash: Unexpected server response: 404
[14:51:39.334] [PAI SDK] WebSocket closed, reconnecting (1/3)...
[14:51:49.520] [Global WebSocket] Suppressed error to prevent crash: Unexpected server response: 404
[14:51:49.521] [PAI SDK] WebSocket closed, reconnecting (1/3)...
[14:51:59.885] [Global WebSocket] Suppressed error to prevent crash: Unexpected server response: 404
[14:51:59.886] [PAI SDK] WebSocket closed, reconnecting (1/3)...
[14:52:10.079] [Global WebSocket] Suppressed error to prevent crash: Unexpected server response: 404
[14:52:10.079] [PAI SDK] WebSocket closed, reconnecting (1/3)...
[14:52:20.427] [Global WebSocket] Suppressed error to prevent crash: Unexpected server response: 404
[14:52:20.427] [PAI SDK] WebSocket closed, reconnecting (1/3)...
[14:52:30.618] [Global WebSocket] Suppressed error to prevent crash: Unexpected server response: 404
[14:52:30.618] [PAI SDK] WebSocket closed, reconnecting (1/3)...
[14:52:40.958] [Global WebSocket] Suppressed error to prevent crash: Unexpected server response: 404
[14:52:40.958] [PAI SDK] WebSocket closed, reconnecting (1/3)...
[14:52:51.138] [Global WebSocket] Suppressed error to prevent crash: Unexpected server response: 404
[14:52:51.139] [PAI SDK] WebSocket closed, reconnecting (1/3)...
[14:53:01.487] [Global WebSocket] Suppressed error to prevent crash: Unexpected server response: 404
[14:53:01.488] [PAI SDK] WebSocket closed, reconnecting (1/3)...
[14:53:11.677] [Global WebSocket] Suppressed error to prevent crash: Unexpected server response: 404
[14:53:11.677] [PAI SDK] WebSocket closed, reconnecting (1/3)...
[14:53:22.013] [Global WebSocket] Suppressed error to prevent crash: Unexpected server response: 404
[14:53:22.014] [PAI SDK] WebSocket closed, reconnecting (1/3)...
[14:53:32.198] [Global WebSocket] Suppressed error to prevent crash: Unexpected server response: 404
[14:53:32.199] [PAI SDK] WebSocket closed, reconnecting (1/3)...
[14:53:42.387] [Global WebSocket] Suppressed error to prevent crash: Unexpected server response: 404
[14:53:42.387] [PAI SDK] WebSocket closed, reconnecting (1/3)...
[14:53:52.591] [Global WebSocket] Suppressed error to prevent crash: Unexpected server response: 404
[14:53:52.591] [PAI SDK] WebSocket closed, reconnecting (1/3)...
[14:54:02.783] [Global WebSocket] Suppressed error to prevent crash: Unexpected server response: 404
[14:54:02.783] [PAI SDK] WebSocket closed, reconnecting (1/3)...
[14:54:12.970] [Global WebSocket] Suppressed error to prevent crash: Unexpected server response: 404
[14:54:12.971] [PAI SDK] WebSocket closed, reconnecting (1/3)...
[14:54:23.162] [Global WebSocket] Suppressed error to prevent crash: Unexpected server response: 404
[14:54:23.163] [PAI SDK] WebSocket closed, reconnecting (1/3)...
[14:54:33.353] [Global WebSocket] Suppressed error to prevent crash: Unexpected server response: 404
[14:54:33.353] [PAI SDK] WebSocket closed, reconnecting (1/3)...
[14:54:43.549] [Global WebSocket] Suppressed error to prevent crash: Unexpected server response: 404
[14:54:43.549] [PAI SDK] WebSocket closed, reconnecting (1/3)...
[14:54:53.734] [Global WebSocket] Suppressed error to prevent crash: Unexpected server response: 404
[14:54:53.735] [PAI SDK] WebSocket closed, reconnecting (1/3)...
[14:55:03.931] [Global WebSocket] Suppressed error to prevent crash: Unexpected server response: 404
[14:55:03.932] [PAI SDK] WebSocket closed, reconnecting (1/3)...
[14:55:14.137] [Global WebSocket] Suppressed error to prevent crash: Unexpected server response: 404
[14:55:14.138] [PAI SDK] WebSocket closed, reconnecting (1/3)...
[14:55:24.325] [Global WebSocket] Suppressed error to prevent crash: Unexpected server response: 404
[14:55:24.326] [PAI SDK] WebSocket closed, reconnecting (1/3)...
[14:55:34.525] [Global WebSocket] Suppressed error to prevent crash: Unexpected server response: 404
[14:55:34.526] [PAI SDK] WebSocket closed, reconnecting (1/3)...
[14:55:44.718] [Global WebSocket] Suppressed error to prevent crash: Unexpected server response: 404
[14:55:44.719] [PAI SDK] WebSocket closed, reconnecting (1/3)...
[14:55:54.931] [Global WebSocket] Suppressed error to prevent crash: Unexpected server response: 404
[14:55:54.931] [PAI SDK] WebSocket closed, reconnecting (1/3)...
[14:56:05.126] [Global WebSocket] Suppressed error to prevent crash: Unexpected server response: 404
[14:56:05.127] [PAI SDK] WebSocket closed, reconnecting (1/3)...
[14:56:15.313] [Global WebSocket] Suppressed error to prevent crash: Unexpected server response: 404
[14:56:15.313] [PAI SDK] WebSocket closed, reconnecting (1/3)...
[14:56:25.540] [Global WebSocket] Suppressed error to prevent crash: Unexpected server response: 404
[14:56:25.541] [PAI SDK] WebSocket closed, reconnecting (1/3)...
[14:56:35.733] [Global WebSocket] Suppressed error to prevent crash: Unexpected server response: 404
[14:56:35.733] [PAI SDK] WebSocket closed, reconnecting (1/3)...
[14:56:45.924] [Global WebSocket] Suppressed error to prevent crash: Unexpected server response: 404
[14:56:45.925] [PAI SDK] WebSocket closed, reconnecting (1/3)...
[14:56:56.116] [Global WebSocket] Suppressed error to prevent crash: Unexpected server response: 404
[14:56:56.117] [PAI SDK] WebSocket closed, reconnecting (1/3)...
[14:57:06.319] [Global WebSocket] Suppressed error to prevent crash: Unexpected server response: 404
[14:57:06.320] [PAI SDK] WebSocket closed, reconnecting (1/3)...
[14:57:16.520] [Global WebSocket] Suppressed error to prevent crash: Unexpected server response: 404
[14:57:16.520] [PAI SDK] WebSocket closed, reconnecting (1/3)...
[14:57:26.708] [Global WebSocket] Suppressed error to prevent crash: Unexpected server response: 404
[14:57:26.708] [PAI SDK] WebSocket closed, reconnecting (1/3)...
[14:57:36.904] [Global WebSocket] Suppressed error to prevent crash: Unexpected server response: 404
[14:57:36.905] [PAI SDK] WebSocket closed, reconnecting (1/3)...
[14:57:47.105] [Global WebSocket] Suppressed error to prevent crash: Unexpected server response: 404
[14:57:47.106] [PAI SDK] WebSocket closed, reconnecting (1/3)...
[14:57:57.308] [Global WebSocket] Suppressed error to prevent crash: Unexpected server response: 404
[14:57:57.309] [PAI SDK] WebSocket closed, reconnecting (1/3)...
[14:58:07.513] [Global WebSocket] Suppressed error to prevent crash: Unexpected server response: 404
[14:58:07.513] [PAI SDK] WebSocket closed, reconnecting (1/3)...
[14:58:17.717] [Global WebSocket] Suppressed error to prevent crash: Unexpected server response: 404
[14:58:17.718] [PAI SDK] WebSocket closed, reconnecting (1/3)...
[14:58:27.906] [Global WebSocket] Suppressed error to prevent crash: Unexpected server response: 404
[14:58:27.907] [PAI SDK] WebSocket closed, reconnecting (1/3)...
[14:58:38.090] [Global WebSocket] Suppressed error to prevent crash: Unexpected server response: 404
[14:58:38.090] [PAI SDK] WebSocket closed, reconnecting (1/3)...
[14:58:48.280] [Global WebSocket] Suppressed error to prevent crash: Unexpected server response: 404
[14:58:48.281] [PAI SDK] WebSocket closed, reconnecting (1/3)...
[14:58:58.466] [Global WebSocket] Suppressed error to prevent crash: Unexpected server response: 404
[14:58:58.466] [PAI SDK] WebSocket closed, reconnecting (1/3)...
[14:59:08.654] [Global WebSocket] Suppressed error to prevent crash: Unexpected server response: 404
[14:59:08.654] [PAI SDK] WebSocket closed, reconnecting (1/3)...
[14:59:18.847] [Global WebSocket] Suppressed error to prevent crash: Unexpected server response: 404
[14:59:18.848] [PAI SDK] WebSocket closed, reconnecting (1/3)...
[14:59:29.042] [Global WebSocket] Suppressed error to prevent crash: Unexpected server response: 404
[14:59:29.043] [PAI SDK] WebSocket closed, reconnecting (1/3)...
[14:59:39.258] [Global WebSocket] Suppressed error to prevent crash: Unexpected server response: 404
[14:59:39.258] [PAI SDK] WebSocket closed, reconnecting (1/3)...
[14:59:49.442] [Global WebSocket] Suppressed error to prevent crash: Unexpected server response: 404
[14:59:49.443] [PAI SDK] WebSocket closed, reconnecting (1/3)...
[14:59:59.658] [Global WebSocket] Suppressed error to prevent crash: Unexpected server response: 404
[14:59:59.658] [PAI SDK] WebSocket closed, reconnecting (1/3)...
[15:00:09.846] [Global WebSocket] Suppressed error to prevent crash: Unexpected server response: 404
[15:00:09.848] [PAI SDK] WebSocket closed, reconnecting (1/3)...
[15:00:20.044] [Global WebSocket] Suppressed error to prevent crash: Unexpected server response: 404
[15:00:20.045] [PAI SDK] WebSocket closed, reconnecting (1/3)...
[15:00:30.249] [Global WebSocket] Suppressed error to prevent crash: Unexpected server response: 404
[15:00:30.249] [PAI SDK] WebSocket closed, reconnecting (1/3)...
[15:00:40.436] [Global WebSocket] Suppressed error to prevent crash: Unexpected server response: 404
[15:00:40.437] [PAI SDK] WebSocket closed, reconnecting (1/3)...
[15:00:50.637] [Global WebSocket] Suppressed error to prevent crash: Unexpected server response: 404
[15:00:50.638] [PAI SDK] WebSocket closed, reconnecting (1/3)...
[15:01:00.849] [Global WebSocket] Suppressed error to prevent crash: Unexpected server response: 404
[15:01:00.849] [PAI SDK] WebSocket closed, reconnecting (1/3)...
[15:01:11.026] [Global WebSocket] Suppressed error to prevent crash: Unexpected server response: 404
[15:01:11.027] [PAI SDK] WebSocket closed, reconnecting (1/3)...
[15:01:21.229] [Global WebSocket] Suppressed error to prevent crash: Unexpected server response: 404
[15:01:21.229] [PAI SDK] WebSocket closed, reconnecting (1/3)...
[15:01:31.422] [Global WebSocket] Suppressed error to prevent crash: Unexpected server response: 404
[15:01:31.423] [PAI SDK] WebSocket closed, reconnecting (1/3)...
[15:01:41.614] [Global WebSocket] Suppressed error to prevent crash: Unexpected server response: 404
[15:01:41.615] [PAI SDK] WebSocket closed, reconnecting (1/3)...
[15:01:51.812] [Global WebSocket] Suppressed error to prevent crash: Unexpected server response: 404
[15:01:51.812] [PAI SDK] WebSocket closed, reconnecting (1/3)...
[15:02:02.014] [Global WebSocket] Suppressed error to prevent crash: Unexpected server response: 404
[15:02:02.015] [PAI SDK] WebSocket closed, reconnecting (1/3)...
[15:02:12.217] [Global WebSocket] Suppressed error to prevent crash: Unexpected server response: 404
[15:02:12.218] [PAI SDK] WebSocket closed, reconnecting (1/3)...
[15:02:22.408] [Global WebSocket] Suppressed error to prevent crash: Unexpected server response: 404
[15:02:22.408] [PAI SDK] WebSocket closed, reconnecting (1/3)...
[15:02:32.599] [Global WebSocket] Suppressed error to prevent crash: Unexpected server response: 404
[15:02:32.600] [PAI SDK] WebSocket closed, reconnecting (1/3)...
[15:02:42.789] [Global WebSocket] Suppressed error to prevent crash: Unexpected server response: 404
[15:02:42.789] [PAI SDK] WebSocket closed, reconnecting (1/3)...
[15:02:52.991] [Global WebSocket] Suppressed error to prevent crash: Unexpected server response: 404
[15:02:52.991] [PAI SDK] WebSocket closed, reconnecting (1/3)...
[15:03:03.182] [Global WebSocket] Suppressed error to prevent crash: Unexpected server response: 404
[15:03:03.182] [PAI SDK] WebSocket closed, reconnecting (1/3)...
[15:03:13.398] [Global WebSocket] Suppressed error to prevent crash: Unexpected server response: 404
[15:03:13.399] [PAI SDK] WebSocket closed, reconnecting (1/3)...
[15:03:23.595] [Global WebSocket] Suppressed error to prevent crash: Unexpected server response: 404
[15:03:23.595] [PAI SDK] WebSocket closed, reconnecting (1/3)...
[15:03:33.793] [Global WebSocket] Suppressed error to prevent crash: Unexpected server response: 404
[15:03:33.794] [PAI SDK] WebSocket closed, reconnecting (1/3)...
[15:03:43.983] [Global WebSocket] Suppressed error to prevent crash: Unexpected server response: 404
[15:03:43.984] [PAI SDK] WebSocket closed, reconnecting (1/3)...
[15:03:54.182] [Global WebSocket] Suppressed error to prevent crash: Unexpected server response: 404
[15:03:54.183] [PAI SDK] WebSocket closed, reconnecting (1/3)...
[15:04:04.380] [Global WebSocket] Suppressed error to prevent crash: Unexpected server response: 404
[15:04:04.381] [PAI SDK] WebSocket closed, reconnecting (1/3)...
[15:04:14.569] [Global WebSocket] Suppressed error to prevent crash: Unexpected server response: 404
[15:04:14.570] [PAI SDK] WebSocket closed, reconnecting (1/3)...
[15:04:24.769] [Global WebSocket] Suppressed error to prevent crash: Unexpected server response: 404
[15:04:24.769] [PAI SDK] WebSocket closed, reconnecting (1/3)...
[15:04:34.958] [Global WebSocket] Suppressed error to prevent crash: Unexpected server response: 404
[15:04:34.958] [PAI SDK] WebSocket closed, reconnecting (1/3)...
[15:04:45.159] [Global WebSocket] Suppressed error to prevent crash: Unexpected server response: 404
[15:04:45.160] [PAI SDK] WebSocket closed, reconnecting (1/3)...
[15:04:55.341] [Global WebSocket] Suppressed error to prevent crash: Unexpected server response: 404
[15:04:55.342] [PAI SDK] WebSocket closed, reconnecting (1/3)...
[15:05:05.531] [Global WebSocket] Suppressed error to prevent crash: Unexpected server response: 404
[15:05:05.532] [PAI SDK] WebSocket closed, reconnecting (1/3)...
[15:05:15.715] [Global WebSocket] Suppressed error to prevent crash: Unexpected server response: 404
[15:05:15.715] [PAI SDK] WebSocket closed, reconnecting (1/3)...
[15:05:25.912] [Global WebSocket] Suppressed error to prevent crash: Unexpected server response: 404
[15:05:25.912] [PAI SDK] WebSocket closed, reconnecting (1/3)...
[15:05:36.107] [Global WebSocket] Suppressed error to prevent crash: Unexpected server response: 404
[15:05:36.108] [PAI SDK] WebSocket closed, reconnecting (1/3)...
[15:05:46.322] [Global WebSocket] Suppressed error to prevent crash: Unexpected server response: 404
[15:05:46.322] [PAI SDK] WebSocket closed, reconnecting (1/3)...
[15:05:56.535] [Global WebSocket] Suppressed error to prevent crash: Unexpected server response: 404
[15:05:56.535] [PAI SDK] WebSocket closed, reconnecting (1/3)...
[15:06:06.738] [Global WebSocket] Suppressed error to prevent crash: Unexpected server response: 404
[15:06:06.739] [PAI SDK] WebSocket closed, reconnecting (1/3)...
[15:06:16.922] [Global WebSocket] Suppressed error to prevent crash: Unexpected server response: 404
[15:06:16.922] [PAI SDK] WebSocket closed, reconnecting (1/3)...
[15:06:27.117] [Global WebSocket] Suppressed error to prevent crash: Unexpected server response: 404
[15:06:27.118] [PAI SDK] WebSocket closed, reconnecting (1/3)...
[15:06:37.321] [Global WebSocket] Suppressed error to prevent crash: Unexpected server response: 404
[15:06:37.322] [PAI SDK] WebSocket closed, reconnecting (1/3)...
[15:06:47.510] [Global WebSocket] Suppressed error to prevent crash: Unexpected server response: 404
[15:06:47.510] [PAI SDK] WebSocket closed, reconnecting (1/3)...
[15:06:57.695] [Global WebSocket] Suppressed error to prevent crash: Unexpected server response: 404
[15:06:57.696] [PAI SDK] WebSocket closed, reconnecting (1/3)...
[15:07:07.891] [Global WebSocket] Suppressed error to prevent crash: Unexpected server response: 404
[15:07:07.892] [PAI SDK] WebSocket closed, reconnecting (1/3)...
[15:07:18.097] [Global WebSocket] Suppressed error to prevent crash: Unexpected server response: 404
[15:07:18.098] [PAI SDK] WebSocket closed, reconnecting (1/3)...
[15:07:28.294] [Global WebSocket] Suppressed error to prevent crash: Unexpected server response: 404
[15:07:28.294] [PAI SDK] WebSocket closed, reconnecting (1/3)...
[15:07:38.488] [Global WebSocket] Suppressed error to prevent crash: Unexpected server response: 404
[15:07:38.489] [PAI SDK] WebSocket closed, reconnecting (1/3)...
[15:07:48.689] [Global WebSocket] Suppressed error to prevent crash: Unexpected server response: 404
[15:07:48.690] [PAI SDK] WebSocket closed, reconnecting (1/3)...
[15:07:58.896] [Global WebSocket] Suppressed error to prevent crash: Unexpected server response: 404
[15:07:58.896] [PAI SDK] WebSocket closed, reconnecting (1/3)...
[15:08:09.087] [Global WebSocket] Suppressed error to prevent crash: Unexpected server response: 404
[15:08:09.087] [PAI SDK] WebSocket closed, reconnecting (1/3)...
[15:08:19.275] [Global WebSocket] Suppressed error to prevent crash: Unexpected server response: 404
[15:08:19.276] [PAI SDK] WebSocket closed, reconnecting (1/3)...
[15:08:29.481] [Global WebSocket] Suppressed error to prevent crash: Unexpected server response: 404
[15:08:29.482] [PAI SDK] WebSocket closed, reconnecting (1/3)...
[15:08:39.676] [Global WebSocket] Suppressed error to prevent crash: Unexpected server response: 404
[15:08:39.677] [PAI SDK] WebSocket closed, reconnecting (1/3)...
[15:08:49.873] [Global WebSocket] Suppressed error to prevent crash: Unexpected server response: 404
[15:08:49.873] [PAI SDK] WebSocket closed, reconnecting (1/3)...
[15:09:00.063] [Global WebSocket] Suppressed error to prevent crash: Unexpected server response: 404
[15:09:00.063] [PAI SDK] WebSocket closed, reconnecting (1/3)...
[15:09:10.273] [Global WebSocket] Suppressed error to prevent crash: Unexpected server response: 404
[15:09:10.274] [PAI SDK] WebSocket closed, reconnecting (1/3)...
[15:09:20.464] [Global WebSocket] Suppressed error to prevent crash: Unexpected server response: 404
[15:09:20.464] [PAI SDK] WebSocket closed, reconnecting (1/3)...
[15:09:30.662] [Global WebSocket] Suppressed error to prevent crash: Unexpected server response: 404
[15:09:30.663] [PAI SDK] WebSocket closed, reconnecting (1/3)...
[15:09:40.856] [Global WebSocket] Suppressed error to prevent crash: Unexpected server response: 404
[15:09:40.856] [PAI SDK] WebSocket closed, reconnecting (1/3)...
[15:09:51.182] [Global WebSocket] Suppressed error to prevent crash: Unexpected server response: 404
[15:09:51.182] [PAI SDK] WebSocket closed, reconnecting (1/3)...
[15:10:01.379] [Global WebSocket] Suppressed error to prevent crash: Unexpected server response: 404
[15:10:01.380] [PAI SDK] WebSocket closed, reconnecting (1/3)...
[15:10:11.712] [Global WebSocket] Suppressed error to prevent crash: Unexpected server response: 404
[15:10:11.712] [PAI SDK] WebSocket closed, reconnecting (1/3)...
[15:10:21.899] [Global WebSocket] Suppressed error to prevent crash: Unexpected server response: 404
[15:10:21.900] [PAI SDK] WebSocket closed, reconnecting (1/3)...
[15:10:32.182] [Global WebSocket] Suppressed error to prevent crash: Unexpected server response: 404
[15:10:32.182] [PAI SDK] WebSocket closed, reconnecting (1/3)...
[15:10:42.376] [Global WebSocket] Suppressed error to prevent crash: Unexpected server response: 404
[15:10:42.377] [PAI SDK] WebSocket closed, reconnecting (1/3)...
[15:10:52.671] [Global WebSocket] Suppressed error to prevent crash: Unexpected server response: 404
[15:10:52.671] [PAI SDK] WebSocket closed, reconnecting (1/3)...
[15:11:02.873] [Global WebSocket] Suppressed error to prevent crash: Unexpected server response: 404
[15:11:02.873] [PAI SDK] WebSocket closed, reconnecting (1/3)...
[15:11:13.172] [Global WebSocket] Suppressed error to prevent crash: Unexpected server response: 404
[15:11:13.173] [PAI SDK] WebSocket closed, reconnecting (1/3)...
[15:11:23.365] [Global WebSocket] Suppressed error to prevent crash: Unexpected server response: 404
[15:11:23.366] [PAI SDK] WebSocket closed, reconnecting (1/3)...
[15:11:33.634] [Global WebSocket] Suppressed error to prevent crash: Unexpected server response: 404
[15:11:33.634] [PAI SDK] WebSocket closed, reconnecting (1/3)...
[15:11:43.822] [Global WebSocket] Suppressed error to prevent crash: Unexpected server response: 404
[15:11:43.822] [PAI SDK] WebSocket closed, reconnecting (1/3)...
[15:11:54.010] [Global WebSocket] Suppressed error to prevent crash: Unexpected server response: 404
[15:11:54.010] [PAI SDK] WebSocket closed, reconnecting (1/3)...
[15:12:04.218] [Global WebSocket] Suppressed error to prevent crash: Unexpected server response: 404
[15:12:04.218] [PAI SDK] WebSocket closed, reconnecting (1/3)...
[15:12:14.421] [Global WebSocket] Suppressed error to prevent crash: Unexpected server response: 404
[15:12:14.422] [PAI SDK] WebSocket closed, reconnecting (1/3)...
[15:12:24.600] [Global WebSocket] Suppressed error to prevent crash: Unexpected server response: 404
[15:12:24.601] [PAI SDK] WebSocket closed, reconnecting (1/3)...
[15:12:34.788] [Global WebSocket] Suppressed error to prevent crash: Unexpected server response: 404
[15:12:34.788] [PAI SDK] WebSocket closed, reconnecting (1/3)...
[15:12:44.972] [Global WebSocket] Suppressed error to prevent crash: Unexpected server response: 404
[15:12:44.973] [PAI SDK] WebSocket closed, reconnecting (1/3)...
[15:12:55.162] [Global WebSocket] Suppressed error to prevent crash: Unexpected server response: 404
[15:12:55.162] [PAI SDK] WebSocket closed, reconnecting (1/3)...
[15:13:05.357] [Global WebSocket] Suppressed error to prevent crash: Unexpected server response: 404
[15:13:05.357] [PAI SDK] WebSocket closed, reconnecting (1/3)...
[15:13:15.570] [Global WebSocket] Suppressed error to prevent crash: Unexpected server response: 404
[15:13:15.570] [PAI SDK] WebSocket closed, reconnecting (1/3)...
[15:13:25.757] [Global WebSocket] Suppressed error to prevent crash: Unexpected server response: 404
[15:13:25.757] [PAI SDK] WebSocket closed, reconnecting (1/3)...
[15:13:35.963] [Global WebSocket] Suppressed error to prevent crash: Unexpected server response: 404
[15:13:35.965] [PAI SDK] WebSocket closed, reconnecting (1/3)...
[15:13:46.162] [Global WebSocket] Suppressed error to prevent crash: Unexpected server response: 404
[15:13:46.163] [PAI SDK] WebSocket closed, reconnecting (1/3)...
[15:13:56.374] [Global WebSocket] Suppressed error to prevent crash: Unexpected server response: 404
[15:13:56.374] [PAI SDK] WebSocket closed, reconnecting (1/3)...
[15:14:06.552] [Global WebSocket] Suppressed error to prevent crash: Unexpected server response: 404
[15:14:06.552] [PAI SDK] WebSocket closed, reconnecting (1/3)...
[15:14:16.747] [Global WebSocket] Suppressed error to prevent crash: Unexpected server response: 404
[15:14:16.748] [PAI SDK] WebSocket closed, reconnecting (1/3)...
[15:14:26.937] [Global WebSocket] Suppressed error to prevent crash: Unexpected server response: 404
[15:14:26.937] [PAI SDK] WebSocket closed, reconnecting (1/3)...
[15:14:37.126] [Global WebSocket] Suppressed error to prevent crash: Unexpected server response: 404
[15:14:37.127] [PAI SDK] WebSocket closed, reconnecting (1/3)...
[15:14:47.320] [Global WebSocket] Suppressed error to prevent crash: Unexpected server response: 404
[15:14:47.321] [PAI SDK] WebSocket closed, reconnecting (1/3)...
[15:14:57.505] [Global WebSocket] Suppressed error to prevent crash: Unexpected server response: 404
[15:14:57.506] [PAI SDK] WebSocket closed, reconnecting (1/3)...
[15:15:07.711] [Global WebSocket] Suppressed error to prevent crash: Unexpected server response: 404
[15:15:07.712] [PAI SDK] WebSocket closed, reconnecting (1/3)...
[15:15:17.901] [Global WebSocket] Suppressed error to prevent crash: Unexpected server response: 404
[15:15:17.901] [PAI SDK] WebSocket closed, reconnecting (1/3)...
[15:15:28.085] [Global WebSocket] Suppressed error to prevent crash: Unexpected server response: 404
[15:15:28.086] [PAI SDK] WebSocket closed, reconnecting (1/3)...
[15:15:38.272] [Global WebSocket] Suppressed error to prevent crash: Unexpected server response: 404
[15:15:38.273] [PAI SDK] WebSocket closed, reconnecting (1/3)...
[15:15:48.461] [Global WebSocket] Suppressed error to prevent crash: Unexpected server response: 404
[15:15:48.461] [PAI SDK] WebSocket closed, reconnecting (1/3)...
[15:15:58.651] [Global WebSocket] Suppressed error to prevent crash: Unexpected server response: 404
[15:15:58.651] [PAI SDK] WebSocket closed, reconnecting (1/3)...
[15:16:08.838] [Global WebSocket] Suppressed error to prevent crash: Unexpected server response: 404
[15:16:08.838] [PAI SDK] WebSocket closed, reconnecting (1/3)...
[15:16:19.056] [Global WebSocket] Suppressed error to prevent crash: Unexpected server response: 404
[15:16:19.057] [PAI SDK] WebSocket closed, reconnecting (1/3)...
[15:16:29.256] [Global WebSocket] Suppressed error to prevent crash: Unexpected server response: 404
[15:16:29.256] [PAI SDK] WebSocket closed, reconnecting (1/3)...
[15:16:39.454] [Global WebSocket] Suppressed error to prevent crash: Unexpected server response: 404
[15:16:39.455] [PAI SDK] WebSocket closed, reconnecting (1/3)...
[15:16:49.646] [Global WebSocket] Suppressed error to prevent crash: Unexpected server response: 404
[15:16:49.646] [PAI SDK] WebSocket closed, reconnecting (1/3)...
[15:16:59.844] [Global WebSocket] Suppressed error to prevent crash: Unexpected server response: 404
[15:16:59.845] [PAI SDK] WebSocket closed, reconnecting (1/3)...
[15:17:10.042] [Global WebSocket] Suppressed error to prevent crash: Unexpected server response: 404
[15:17:10.043] [PAI SDK] WebSocket closed, reconnecting (1/3)...
[15:17:20.242] [Global WebSocket] Suppressed error to prevent crash: Unexpected server response: 404
[15:17:20.242] [PAI SDK] WebSocket closed, reconnecting (1/3)...
[15:17:30.438] [Global WebSocket] Suppressed error to prevent crash: Unexpected server response: 404
[15:17:30.439] [PAI SDK] WebSocket closed, reconnecting (1/3)...
[15:17:40.635] [Global WebSocket] Suppressed error to prevent crash: Unexpected server response: 404
[15:17:40.635] [PAI SDK] WebSocket closed, reconnecting (1/3)...
[15:17:50.835] [Global WebSocket] Suppressed error to prevent crash: Unexpected server response: 404
[15:17:50.836] [PAI SDK] WebSocket closed, reconnecting (1/3)...
[15:18:01.025] [Global WebSocket] Suppressed error to prevent crash: Unexpected server response: 404
[15:18:01.025] [PAI SDK] WebSocket closed, reconnecting (1/3)...
[15:18:11.211] [Global WebSocket] Suppressed error to prevent crash: Unexpected server response: 404
[15:18:11.212] [PAI SDK] WebSocket closed, reconnecting (1/3)...
[15:18:21.407] [Global WebSocket] Suppressed error to prevent crash: Unexpected server response: 404
[15:18:21.408] [PAI SDK] WebSocket closed, reconnecting (1/3)...
[15:18:31.608] [Global WebSocket] Suppressed error to prevent crash: Unexpected server response: 404
[15:18:31.609] [PAI SDK] WebSocket closed, reconnecting (1/3)...
[15:18:41.802] [Global WebSocket] Suppressed error to prevent crash: Unexpected server response: 404
[15:18:41.802] [PAI SDK] WebSocket closed, reconnecting (1/3)...
[15:18:51.981] [Global WebSocket] Suppressed error to prevent crash: Unexpected server response: 404
[15:18:51.982] [PAI SDK] WebSocket closed, reconnecting (1/3)...
[15:19:02.189] [Global WebSocket] Suppressed error to prevent crash: Unexpected server response: 404
[15:19:02.190] [PAI SDK] WebSocket closed, reconnecting (1/3)...
[15:19:12.385] [Global WebSocket] Suppressed error to prevent crash: Unexpected server response: 404
[15:19:12.386] [PAI SDK] WebSocket closed, reconnecting (1/3)...
[15:19:22.579] [Global WebSocket] Suppressed error to prevent crash: Unexpected server response: 404
[15:19:22.579] [PAI SDK] WebSocket closed, reconnecting (1/3)...
[15:19:32.755] [Global WebSocket] Suppressed error to prevent crash: Unexpected server response: 404
[15:19:32.756] [PAI SDK] WebSocket closed, reconnecting (1/3)...
[15:19:42.942] [Global WebSocket] Suppressed error to prevent crash: Unexpected server response: 404
[15:19:42.943] [PAI SDK] WebSocket closed, reconnecting (1/3)...
[15:19:53.144] [Global WebSocket] Suppressed error to prevent crash: Unexpected server response: 404
[15:19:53.145] [PAI SDK] WebSocket closed, reconnecting (1/3)...
[15:20:03.327] [Global WebSocket] Suppressed error to prevent crash: Unexpected server response: 404
[15:20:03.327] [PAI SDK] WebSocket closed, reconnecting (1/3)...
[15:20:13.516] [Global WebSocket] Suppressed error to prevent crash: Unexpected server response: 404
[15:20:13.516] [PAI SDK] WebSocket closed, reconnecting (1/3)...
[15:20:23.694] [Global WebSocket] Suppressed error to prevent crash: Unexpected server response: 404
[15:20:23.695] [PAI SDK] WebSocket closed, reconnecting (1/3)...
[15:20:33.900] [Global WebSocket] Suppressed error to prevent crash: Unexpected server response: 404
[15:20:33.901] [PAI SDK] WebSocket closed, reconnecting (1/3)...
[15:20:44.112] [Global WebSocket] Suppressed error to prevent crash: Unexpected server response: 404
[15:20:44.112] [PAI SDK] WebSocket closed, reconnecting (1/3)...
[15:20:54.299] [Global WebSocket] Suppressed error to prevent crash: Unexpected server response: 404
[15:20:54.300] [PAI SDK] WebSocket closed, reconnecting (1/3)...
[15:21:04.490] [Global WebSocket] Suppressed error to prevent crash: Unexpected server response: 404
[15:21:04.491] [PAI SDK] WebSocket closed, reconnecting (1/3)...
[15:21:14.751] [Global WebSocket] Suppressed error to prevent crash: Unexpected server response: 404
[15:21:14.751] [PAI SDK] WebSocket closed, reconnecting (1/3)...
[15:21:24.942] [Global WebSocket] Suppressed error to prevent crash: Unexpected server response: 404
[15:21:24.942] [PAI SDK] WebSocket closed, reconnecting (1/3)...
[15:21:35.204] [Global WebSocket] Suppressed error to prevent crash: Unexpected server response: 404
[15:21:35.204] [PAI SDK] WebSocket closed, reconnecting (1/3)...
[15:21:45.414] [Global WebSocket] Suppressed error to prevent crash: Unexpected server response: 404
[15:21:45.414] [PAI SDK] WebSocket closed, reconnecting (1/3)...
[15:21:55.706] [Global WebSocket] Suppressed error to prevent crash: Unexpected server response: 404
[15:21:55.707] [PAI SDK] WebSocket closed, reconnecting (1/3)...
[15:22:05.913] [Global WebSocket] Suppressed error to prevent crash: Unexpected server response: 404
[15:22:05.914] [PAI SDK] WebSocket closed, reconnecting (1/3)...
[15:22:16.210] [Global WebSocket] Suppressed error to prevent crash: Unexpected server response: 404
[15:22:16.211] [PAI SDK] WebSocket closed, reconnecting (1/3)...
[15:22:26.391] [Global WebSocket] Suppressed error to prevent crash: Unexpected server response: 404
[15:22:26.391] [PAI SDK] WebSocket closed, reconnecting (1/3)...
[15:22:36.730] [Global WebSocket] Suppressed error to prevent crash: Unexpected server response: 404
[15:22:36.730] [PAI SDK] WebSocket closed, reconnecting (1/3)...
[15:22:46.923] [Global WebSocket] Suppressed error to prevent crash: Unexpected server response: 404
[15:22:46.923] [PAI SDK] WebSocket closed, reconnecting (1/3)...
[15:22:57.264] [Global WebSocket] Suppressed error to prevent crash: Unexpected server response: 404
[15:22:57.264] [PAI SDK] WebSocket closed, reconnecting (1/3)...
[15:23:07.452] [Global WebSocket] Suppressed error to prevent crash: Unexpected server response: 404
[15:23:07.452] [PAI SDK] WebSocket closed, reconnecting (1/3)...
[15:23:17.780] [Global WebSocket] Suppressed error to prevent crash: Unexpected server response: 404
[15:23:17.780] [PAI SDK] WebSocket closed, reconnecting (1/3)...
[15:23:27.969] [Global WebSocket] Suppressed error to prevent crash: Unexpected server response: 404
[15:23:27.969] [PAI SDK] WebSocket closed, reconnecting (1/3)...
[15:23:38.230] [Global WebSocket] Suppressed error to prevent crash: Unexpected server response: 404
[15:23:38.231] [PAI SDK] WebSocket closed, reconnecting (1/3)...
[15:23:48.429] [Global WebSocket] Suppressed error to prevent crash: Unexpected server response: 404
[15:23:48.430] [PAI SDK] WebSocket closed, reconnecting (1/3)...
[15:23:58.690] [Global WebSocket] Suppressed error to prevent crash: Unexpected server response: 404
[15:23:58.691] [PAI SDK] WebSocket closed, reconnecting (1/3)...
[15:24:08.883] [Global WebSocket] Suppressed error to prevent crash: Unexpected server response: 404
[15:24:08.884] [PAI SDK] WebSocket closed, reconnecting (1/3)...
[15:24:19.213] [Global WebSocket] Suppressed error to prevent crash: Unexpected server response: 404
[15:24:19.214] [PAI SDK] WebSocket closed, reconnecting (1/3)...
[15:24:29.406] [Global WebSocket] Suppressed error to prevent crash: Unexpected server response: 404
[15:24:29.407] [PAI SDK] WebSocket closed, reconnecting (1/3)...
[15:24:39.677] [Global WebSocket] Suppressed error to prevent crash: Unexpected server response: 404
[15:24:39.678] [PAI SDK] WebSocket closed, reconnecting (1/3)...
[15:24:49.891] [Global WebSocket] Suppressed error to prevent crash: Unexpected server response: 404
[15:24:49.892] [PAI SDK] WebSocket closed, reconnecting (1/3)...
[15:25:00.213] [Global WebSocket] Suppressed error to prevent crash: Unexpected server response: 404
[15:25:00.213] [PAI SDK] WebSocket closed, reconnecting (1/3)...
[15:25:10.419] [Global WebSocket] Suppressed error to prevent crash: Unexpected server response: 404
[15:25:10.419] [PAI SDK] WebSocket closed, reconnecting (1/3)...
[15:25:20.687] [Global WebSocket] Suppressed error to prevent crash: Unexpected server response: 404
[15:25:20.688] [PAI SDK] WebSocket closed, reconnecting (1/3)...
[15:25:30.860] [Global WebSocket] Suppressed error to prevent crash: Unexpected server response: 404
[15:25:30.860] [PAI SDK] WebSocket closed, reconnecting (1/3)...
[15:25:41.192] [Global WebSocket] Suppressed error to prevent crash: Unexpected server response: 404
[15:25:41.192] [PAI SDK] WebSocket closed, reconnecting (1/3)...
[15:25:51.389] [Global WebSocket] Suppressed error to prevent crash: Unexpected server response: 404
[15:25:51.390] [PAI SDK] WebSocket closed, reconnecting (1/3)...
[15:26:01.666] [Global WebSocket] Suppressed error to prevent crash: Unexpected server response: 404
[15:26:01.667] [PAI SDK] WebSocket closed, reconnecting (1/3)...
[15:26:11.861] [Global WebSocket] Suppressed error to prevent crash: Unexpected server response: 404
[15:26:11.861] [PAI SDK] WebSocket closed, reconnecting (1/3)...
[15:26:22.187] [Global WebSocket] Suppressed error to prevent crash: Unexpected server response: 404
[15:26:22.188] [PAI SDK] WebSocket closed, reconnecting (1/3)...
[15:26:32.373] [Global WebSocket] Suppressed error to prevent crash: Unexpected server response: 404
[15:26:32.373] [PAI SDK] WebSocket closed, reconnecting (1/3)...
[15:26:42.708] [Global WebSocket] Suppressed error to prevent crash: Unexpected server response: 404
[15:26:42.709] [PAI SDK] WebSocket closed, reconnecting (1/3)...
[15:26:52.906] [Global WebSocket] Suppressed error to prevent crash: Unexpected server response: 404
[15:26:52.907] [PAI SDK] WebSocket closed, reconnecting (1/3)...
[15:27:03.192] [Global WebSocket] Suppressed error to prevent crash: Unexpected server response: 404
[15:27:03.192] [PAI SDK] WebSocket closed, reconnecting (1/3)...
[15:27:13.390] [Global WebSocket] Suppressed error to prevent crash: Unexpected server response: 404
[15:27:13.390] [PAI SDK] WebSocket closed, reconnecting (1/3)...
[15:27:23.670] [Global WebSocket] Suppressed error to prevent crash: Unexpected server response: 404
[15:27:23.670] [PAI SDK] WebSocket closed, reconnecting (1/3)...
[15:27:33.852] [Global WebSocket] Suppressed error to prevent crash: Unexpected server response: 404
[15:27:33.852] [PAI SDK] WebSocket closed, reconnecting (1/3)...
[15:27:44.139] [Global WebSocket] Suppressed error to prevent crash: Unexpected server response: 404
[15:27:44.139] [PAI SDK] WebSocket closed, reconnecting (1/3)...
[15:27:54.339] [Global WebSocket] Suppressed error to prevent crash: Unexpected server response: 404
[15:27:54.339] [PAI SDK] WebSocket closed, reconnecting (1/3)...
[15:28:04.658] [Global WebSocket] Suppressed error to prevent crash: Unexpected server response: 404
[15:28:04.659] [PAI SDK] WebSocket closed, reconnecting (1/3)...
[15:28:14.849] [Global WebSocket] Suppressed error to prevent crash: Unexpected server response: 404
[15:28:14.850] [PAI SDK] WebSocket closed, reconnecting (1/3)...
[15:28:25.153] [Global WebSocket] Suppressed error to prevent crash: Unexpected server response: 404
[15:28:25.153] [PAI SDK] WebSocket closed, reconnecting (1/3)...
[15:28:35.363] [Global WebSocket] Suppressed error to prevent crash: Unexpected server response: 404
[15:28:35.363] [PAI SDK] WebSocket closed, reconnecting (1/3)...
[15:28:45.690] [Global WebSocket] Suppressed error to prevent crash: Unexpected server response: 404
[15:28:45.690] [PAI SDK] WebSocket closed, reconnecting (1/3)...
[15:28:55.899] [Global WebSocket] Suppressed error to prevent crash: Unexpected server response: 404
[15:28:55.900] [PAI SDK] WebSocket closed, reconnecting (1/3)...
[15:29:06.214] [Global WebSocket] Suppressed error to prevent crash: Unexpected server response: 404
[15:29:06.214] [PAI SDK] WebSocket closed, reconnecting (1/3)...
[15:29:16.419] [Global WebSocket] Suppressed error to prevent crash: Unexpected server response: 404
[15:29:16.420] [PAI SDK] WebSocket closed, reconnecting (1/3)...
[15:29:26.741] [Global WebSocket] Suppressed error to prevent crash: Unexpected server response: 404
[15:29:26.742] [PAI SDK] WebSocket closed, reconnecting (1/3)...
[15:29:36.929] [Global WebSocket] Suppressed error to prevent crash: Unexpected server response: 404
[15:29:36.929] [PAI SDK] WebSocket closed, reconnecting (1/3)...
[15:29:47.253] [Global WebSocket] Suppressed error to prevent crash: Unexpected server response: 404
[15:29:47.253] [PAI SDK] WebSocket closed, reconnecting (1/3)...
[15:29:57.438] [Global WebSocket] Suppressed error to prevent crash: Unexpected server response: 404
[15:29:57.439] [PAI SDK] WebSocket closed, reconnecting (1/3)...
[15:30:07.678] [Global WebSocket] Suppressed error to prevent crash: Unexpected server response: 404
[15:30:07.679] [PAI SDK] WebSocket closed, reconnecting (1/3)...
[15:30:17.879] [Global WebSocket] Suppressed error to prevent crash: Unexpected server response: 404
[15:30:17.880] [PAI SDK] WebSocket closed, reconnecting (1/3)...
[15:30:28.139] [Global WebSocket] Suppressed error to prevent crash: Unexpected server response: 404
[15:30:28.140] [PAI SDK] WebSocket closed, reconnecting (1/3)...
[15:30:38.329] [Global WebSocket] Suppressed error to prevent crash: Unexpected server response: 404
[15:30:38.330] [PAI SDK] WebSocket closed, reconnecting (1/3)...
[15:30:48.548] [Global WebSocket] Suppressed error to prevent crash: Unexpected server response: 404
[15:30:48.549] [PAI SDK] WebSocket closed, reconnecting (1/3)...
[15:30:58.755] [Global WebSocket] Suppressed error to prevent crash: Unexpected server response: 404
[15:30:58.755] [PAI SDK] WebSocket closed, reconnecting (1/3)...
[15:31:08.962] [Global WebSocket] Suppressed error to prevent crash: Unexpected server response: 404
[15:31:08.963] [PAI SDK] WebSocket closed, reconnecting (1/3)...
[15:31:19.150] [Global WebSocket] Suppressed error to prevent crash: Unexpected server response: 404
[15:31:19.151] [PAI SDK] WebSocket closed, reconnecting (1/3)...
[15:31:29.361] [Global WebSocket] Suppressed error to prevent crash: Unexpected server response: 404
[15:31:29.361] [PAI SDK] WebSocket closed, reconnecting (1/3)...
[15:31:39.587] [Global WebSocket] Suppressed error to prevent crash: Unexpected server response: 404
[15:31:39.588] [PAI SDK] WebSocket closed, reconnecting (1/3)...
[15:31:49.781] [Global WebSocket] Suppressed error to prevent crash: Unexpected server response: 404
[15:31:49.782] [PAI SDK] WebSocket closed, reconnecting (1/3)...
[15:31:59.981] [Global WebSocket] Suppressed error to prevent crash: Unexpected server response: 404
[15:31:59.981] [PAI SDK] WebSocket closed, reconnecting (1/3)...
[15:32:10.174] [Global WebSocket] Suppressed error to prevent crash: Unexpected server response: 404
[15:32:10.175] [PAI SDK] WebSocket closed, reconnecting (1/3)...
[15:32:20.376] [Global WebSocket] Suppressed error to prevent crash: Unexpected server response: 404
[15:32:20.376] [PAI SDK] WebSocket closed, reconnecting (1/3)...
[15:32:30.561] [Global WebSocket] Suppressed error to prevent crash: Unexpected server response: 404
[15:32:30.562] [PAI SDK] WebSocket closed, reconnecting (1/3)...
[15:32:40.770] [Global WebSocket] Suppressed error to prevent crash: Unexpected server response: 404
[15:32:40.771] [PAI SDK] WebSocket closed, reconnecting (1/3)...
[15:32:50.962] [Global WebSocket] Suppressed error to prevent crash: Unexpected server response: 404
[15:32:50.962] [PAI SDK] WebSocket closed, reconnecting (1/3)...
[15:33:01.144] [Global WebSocket] Suppressed error to prevent crash: Unexpected server response: 404
[15:33:01.145] [PAI SDK] WebSocket closed, reconnecting (1/3)...
[15:33:11.341] [Global WebSocket] Suppressed error to prevent crash: Unexpected server response: 404
[15:33:11.342] [PAI SDK] WebSocket closed, reconnecting (1/3)...
[15:33:21.528] [Global WebSocket] Suppressed error to prevent crash: Unexpected server response: 404
[15:33:21.528] [PAI SDK] WebSocket closed, reconnecting (1/3)...
[15:33:31.747] [Global WebSocket] Suppressed error to prevent crash: Unexpected server response: 404
[15:33:31.748] [PAI SDK] WebSocket closed, reconnecting (1/3)...
[15:33:41.943] [Global WebSocket] Suppressed error to prevent crash: Unexpected server response: 404
[15:33:41.943] [PAI SDK] WebSocket closed, reconnecting (1/3)...
[15:33:52.129] [Global WebSocket] Suppressed error to prevent crash: Unexpected server response: 404
[15:33:52.130] [PAI SDK] WebSocket closed, reconnecting (1/3)...
[15:34:02.317] [Global WebSocket] Suppressed error to prevent crash: Unexpected server response: 404
[15:34:02.318] [PAI SDK] WebSocket closed, reconnecting (1/3)...
[15:34:12.521] [Global WebSocket] Suppressed error to prevent crash: Unexpected server response: 404
[15:34:12.521] [PAI SDK] WebSocket closed, reconnecting (1/3)...
[15:34:22.716] [Global WebSocket] Suppressed error to prevent crash: Unexpected server response: 404
[15:34:22.717] [PAI SDK] WebSocket closed, reconnecting (1/3)...
[15:34:32.905] [Global WebSocket] Suppressed error to prevent crash: Unexpected server response: 404
[15:34:32.906] [PAI SDK] WebSocket closed, reconnecting (1/3)...
[15:34:43.087] [Global WebSocket] Suppressed error to prevent crash: Unexpected server response: 404
[15:34:43.088] [PAI SDK] WebSocket closed, reconnecting (1/3)...
[15:34:53.287] [Global WebSocket] Suppressed error to prevent crash: Unexpected server response: 404
[15:34:53.287] [PAI SDK] WebSocket closed, reconnecting (1/3)...
[15:35:03.479] [Global WebSocket] Suppressed error to prevent crash: Unexpected server response: 404
[15:35:03.480] [PAI SDK] WebSocket closed, reconnecting (1/3)...
[15:35:13.684] [Global WebSocket] Suppressed error to prevent crash: Unexpected server response: 404
[15:35:13.685] [PAI SDK] WebSocket closed, reconnecting (1/3)...
[15:35:23.872] [Global WebSocket] Suppressed error to prevent crash: Unexpected server response: 404
[15:35:23.872] [PAI SDK] WebSocket closed, reconnecting (1/3)...
[15:35:34.060] [Global WebSocket] Suppressed error to prevent crash: Unexpected server response: 404
[15:35:34.061] [PAI SDK] WebSocket closed, reconnecting (1/3)...
[15:35:44.248] [Global WebSocket] Suppressed error to prevent crash: Unexpected server response: 404
[15:35:44.248] [PAI SDK] WebSocket closed, reconnecting (1/3)...
[15:35:54.438] [Global WebSocket] Suppressed error to prevent crash: Unexpected server response: 404
[15:35:54.438] [PAI SDK] WebSocket closed, reconnecting (1/3)...
[15:36:04.625] [Global WebSocket] Suppressed error to prevent crash: Unexpected server response: 404
[15:36:04.626] [PAI SDK] WebSocket closed, reconnecting (1/3)...
[15:36:14.825] [Global WebSocket] Suppressed error to prevent crash: Unexpected server response: 404
[15:36:14.826] [PAI SDK] WebSocket closed, reconnecting (1/3)...
[15:36:25.015] [Global WebSocket] Suppressed error to prevent crash: Unexpected server response: 404
[15:36:25.016] [PAI SDK] WebSocket closed, reconnecting (1/3)...
[15:36:35.214] [Global WebSocket] Suppressed error to prevent crash: Unexpected server response: 404
[15:36:35.215] [PAI SDK] WebSocket closed, reconnecting (1/3)...
[15:36:45.401] [Global WebSocket] Suppressed error to prevent crash: Unexpected server response: 404
[15:36:45.402] [PAI SDK] WebSocket closed, reconnecting (1/3)...
[15:36:55.598] [Global WebSocket] Suppressed error to prevent crash: Unexpected server response: 404
[15:36:55.599] [PAI SDK] WebSocket closed, reconnecting (1/3)...
[15:37:05.793] [Global WebSocket] Suppressed error to prevent crash: Unexpected server response: 404
[15:37:05.794] [PAI SDK] WebSocket closed, reconnecting (1/3)...
[15:37:15.979] [Global WebSocket] Suppressed error to prevent crash: Unexpected server response: 404
[15:37:15.980] [PAI SDK] WebSocket closed, reconnecting (1/3)...
[15:37:26.177] [Global WebSocket] Suppressed error to prevent crash: Unexpected server response: 404
[15:37:26.178] [PAI SDK] WebSocket closed, reconnecting (1/3)...
[15:37:36.379] [Global WebSocket] Suppressed error to prevent crash: Unexpected server response: 404
[15:37:36.379] [PAI SDK] WebSocket closed, reconnecting (1/3)...
[15:37:46.576] [Global WebSocket] Suppressed error to prevent crash: Unexpected server response: 404
[15:37:46.576] [PAI SDK] WebSocket closed, reconnecting (1/3)...
[15:37:56.774] [Global WebSocket] Suppressed error to prevent crash: Unexpected server response: 404
[15:37:56.775] [PAI SDK] WebSocket closed, reconnecting (1/3)...
[15:38:06.963] [Global WebSocket] Suppressed error to prevent crash: Unexpected server response: 404
[15:38:06.964] [PAI SDK] WebSocket closed, reconnecting (1/3)...
[15:38:17.155] [Global WebSocket] Suppressed error to prevent crash: Unexpected server response: 404
[15:38:17.156] [PAI SDK] WebSocket closed, reconnecting (1/3)...
[15:38:27.346] [Global WebSocket] Suppressed error to prevent crash: Unexpected server response: 404
[15:38:27.346] [PAI SDK] WebSocket closed, reconnecting (1/3)...
[15:38:37.524] [Global WebSocket] Suppressed error to prevent crash: Unexpected server response: 404
[15:38:37.525] [PAI SDK] WebSocket closed, reconnecting (1/3)...
[15:38:47.716] [Global WebSocket] Suppressed error to prevent crash: Unexpected server response: 404
[15:38:47.717] [PAI SDK] WebSocket closed, reconnecting (1/3)...
[15:38:57.910] [Global WebSocket] Suppressed error to prevent crash: Unexpected server response: 404
[15:38:57.910] [PAI SDK] WebSocket closed, reconnecting (1/3)...
[15:39:08.106] [Global WebSocket] Suppressed error to prevent crash: Unexpected server response: 404
[15:39:08.106] [PAI SDK] WebSocket closed, reconnecting (1/3)...
[15:39:18.299] [Global WebSocket] Suppressed error to prevent crash: Unexpected server response: 404
[15:39:18.300] [PAI SDK] WebSocket closed, reconnecting (1/3)...
[15:39:28.496] [Global WebSocket] Suppressed error to prevent crash: Unexpected server response: 404
[15:39:28.497] [PAI SDK] WebSocket closed, reconnecting (1/3)...
[15:39:38.697] [Global WebSocket] Suppressed error to prevent crash: Unexpected server response: 404
[15:39:38.698] [PAI SDK] WebSocket closed, reconnecting (1/3)...
[15:39:48.900] [Global WebSocket] Suppressed error to prevent crash: Unexpected server response: 404
[15:39:48.901] [PAI SDK] WebSocket closed, reconnecting (1/3)...
[15:39:59.091] [Global WebSocket] Suppressed error to prevent crash: Unexpected server response: 404
[15:39:59.092] [PAI SDK] WebSocket closed, reconnecting (1/3)...
[15:40:09.357] [Global WebSocket] Suppressed error to prevent crash: Unexpected server response: 404
[15:40:09.357] [PAI SDK] WebSocket closed, reconnecting (1/3)...
[15:40:19.550] [Global WebSocket] Suppressed error to prevent crash: Unexpected server response: 404
[15:40:19.550] [PAI SDK] WebSocket closed, reconnecting (1/3)...
[15:40:29.899] [Global WebSocket] Suppressed error to prevent crash: Unexpected server response: 404
[15:40:29.899] [PAI SDK] WebSocket closed, reconnecting (1/3)...
[15:40:40.091] [Global WebSocket] Suppressed error to prevent crash: Unexpected server response: 404
[15:40:40.092] [PAI SDK] WebSocket closed, reconnecting (1/3)...
[15:40:50.398] [Global WebSocket] Suppressed error to prevent crash: Unexpected server response: 404
[15:40:50.399] [PAI SDK] WebSocket closed, reconnecting (1/3)...
[15:41:00.585] [Global WebSocket] Suppressed error to prevent crash: Unexpected server response: 404
[15:41:00.585] [PAI SDK] WebSocket closed, reconnecting (1/3)...
[15:41:10.920] [Global WebSocket] Suppressed error to prevent crash: Unexpected server response: 404
[15:41:10.920] [PAI SDK] WebSocket closed, reconnecting (1/3)...
[15:41:21.098] [Global WebSocket] Suppressed error to prevent crash: Unexpected server response: 404
[15:41:21.098] [PAI SDK] WebSocket closed, reconnecting (1/3)...
[15:41:31.417] [Global WebSocket] Suppressed error to prevent crash: Unexpected server response: 404
[15:41:31.417] [PAI SDK] WebSocket closed, reconnecting (1/3)...
[15:41:41.600] [Global WebSocket] Suppressed error to prevent crash: Unexpected server response: 404
[15:41:41.601] [PAI SDK] WebSocket closed, reconnecting (1/3)...
[15:41:51.800] [Global WebSocket] Suppressed error to prevent crash: Unexpected server response: 404
[15:41:51.800] [PAI SDK] WebSocket closed, reconnecting (1/3)...
[15:42:01.985] [Global WebSocket] Suppressed error to prevent crash: Unexpected server response: 404
[15:42:01.986] [PAI SDK] WebSocket closed, reconnecting (1/3)...
[15:42:12.173] [Global WebSocket] Suppressed error to prevent crash: Unexpected server response: 404
[15:42:12.173] [PAI SDK] WebSocket closed, reconnecting (1/3)...
[15:42:22.353] [Global WebSocket] Suppressed error to prevent crash: Unexpected server response: 404
[15:42:22.354] [PAI SDK] WebSocket closed, reconnecting (1/3)...
[15:42:32.572] [Global WebSocket] Suppressed error to prevent crash: Unexpected server response: 404
[15:42:32.572] [PAI SDK] WebSocket closed, reconnecting (1/3)...
[15:42:42.760] [Global WebSocket] Suppressed error to prevent crash: Unexpected server response: 404
[15:42:42.760] [PAI SDK] WebSocket closed, reconnecting (1/3)...
[15:42:52.948] [Global WebSocket] Suppressed error to prevent crash: Unexpected server response: 404
[15:42:52.949] [PAI SDK] WebSocket closed, reconnecting (1/3)...
[15:43:03.152] [Global WebSocket] Suppressed error to prevent crash: Unexpected server response: 404
[15:43:03.153] [PAI SDK] WebSocket closed, reconnecting (1/3)...
[15:43:13.346] [Global WebSocket] Suppressed error to prevent crash: Unexpected server response: 404
[15:43:13.347] [PAI SDK] WebSocket closed, reconnecting (1/3)...
[15:43:23.562] [Global WebSocket] Suppressed error to prevent crash: Unexpected server response: 404
[15:43:23.562] [PAI SDK] WebSocket closed, reconnecting (1/3)...
[15:43:33.757] [Global WebSocket] Suppressed error to prevent crash: Unexpected server response: 404
[15:43:33.758] [PAI SDK] WebSocket closed, reconnecting (1/3)...
[15:43:43.966] [Global WebSocket] Suppressed error to prevent crash: Unexpected server response: 404
[15:43:43.967] [PAI SDK] WebSocket closed, reconnecting (1/3)...
[15:43:54.165] [Global WebSocket] Suppressed error to prevent crash: Unexpected server response: 404
[15:43:54.166] [PAI SDK] WebSocket closed, reconnecting (1/3)...
[15:44:04.364] [Global WebSocket] Suppressed error to prevent crash: Unexpected server response: 404
[15:44:04.364] [PAI SDK] WebSocket closed, reconnecting (1/3)...
[15:44:14.572] [Global WebSocket] Suppressed error to prevent crash: Unexpected server response: 404
[15:44:14.573] [PAI SDK] WebSocket closed, reconnecting (1/3)...
[15:44:24.774] [Global WebSocket] Suppressed error to prevent crash: Unexpected server response: 404
[15:44:24.774] [PAI SDK] WebSocket closed, reconnecting (1/3)...
[15:44:34.969] [Global WebSocket] Suppressed error to prevent crash: Unexpected server response: 404
[15:44:34.970] [PAI SDK] WebSocket closed, reconnecting (1/3)...
[15:44:45.167] [Global WebSocket] Suppressed error to prevent crash: Unexpected server response: 404
[15:44:45.167] [PAI SDK] WebSocket closed, reconnecting (1/3)...
[15:44:55.362] [Global WebSocket] Suppressed error to prevent crash: Unexpected server response: 404
[15:44:55.363] [PAI SDK] WebSocket closed, reconnecting (1/3)...
[15:45:05.560] [Global WebSocket] Suppressed error to prevent crash: Unexpected server response: 404
[15:45:05.561] [PAI SDK] WebSocket closed, reconnecting (1/3)...
[15:45:15.742] [Global WebSocket] Suppressed error to prevent crash: Unexpected server response: 404
[15:45:15.742] [PAI SDK] WebSocket closed, reconnecting (1/3)...
[15:45:25.939] [Global WebSocket] Suppressed error to prevent crash: Unexpected server response: 404
[15:45:25.939] [PAI SDK] WebSocket closed, reconnecting (1/3)...
[15:45:36.149] [Global WebSocket] Suppressed error to prevent crash: Unexpected server response: 404
[15:45:36.150] [PAI SDK] WebSocket closed, reconnecting (1/3)...
[15:45:46.341] [Global WebSocket] Suppressed error to prevent crash: Unexpected server response: 404
[15:45:46.341] [PAI SDK] WebSocket closed, reconnecting (1/3)...
[15:45:56.528] [Global WebSocket] Suppressed error to prevent crash: Unexpected server response: 404
[15:45:56.529] [PAI SDK] WebSocket closed, reconnecting (1/3)...
[15:46:06.708] [Global WebSocket] Suppressed error to prevent crash: Unexpected server response: 404
[15:46:06.708] [PAI SDK] WebSocket closed, reconnecting (1/3)...
[15:46:16.897] [Global WebSocket] Suppressed error to prevent crash: Unexpected server response: 404
[15:46:16.898] [PAI SDK] WebSocket closed, reconnecting (1/3)...
[15:46:27.099] [Global WebSocket] Suppressed error to prevent crash: Unexpected server response: 404
[15:46:27.099] [PAI SDK] WebSocket closed, reconnecting (1/3)...
[15:46:37.291] [Global WebSocket] Suppressed error to prevent crash: Unexpected server response: 404
[15:46:37.292] [PAI SDK] WebSocket closed, reconnecting (1/3)...
[15:46:47.493] [Global WebSocket] Suppressed error to prevent crash: Unexpected server response: 404
[15:46:47.493] [PAI SDK] WebSocket closed, reconnecting (1/3)...
[15:46:57.684] [Global WebSocket] Suppressed error to prevent crash: Unexpected server response: 404
[15:46:57.684] [PAI SDK] WebSocket closed, reconnecting (1/3)...
[15:47:07.877] [Global WebSocket] Suppressed error to prevent crash: Unexpected server response: 404
[15:47:07.878] [PAI SDK] WebSocket closed, reconnecting (1/3)...
[15:47:18.075] [Global WebSocket] Suppressed error to prevent crash: Unexpected server response: 404
[15:47:18.076] [PAI SDK] WebSocket closed, reconnecting (1/3)...
[15:47:28.287] [Global WebSocket] Suppressed error to prevent crash: Unexpected server response: 404
[15:47:28.287] [PAI SDK] WebSocket closed, reconnecting (1/3)...
[15:47:38.485] [Global WebSocket] Suppressed error to prevent crash: Unexpected server response: 404
[15:47:38.485] [PAI SDK] WebSocket closed, reconnecting (1/3)...
[15:47:48.690] [Global WebSocket] Suppressed error to prevent crash: Unexpected server response: 404
[15:47:48.690] [PAI SDK] WebSocket closed, reconnecting (1/3)...
[15:47:58.894] [Global WebSocket] Suppressed error to prevent crash: Unexpected server response: 404
[15:47:58.894] [PAI SDK] WebSocket closed, reconnecting (1/3)...
[15:48:09.081] [Global WebSocket] Suppressed error to prevent crash: Unexpected server response: 404
[15:48:09.081] [PAI SDK] WebSocket closed, reconnecting (1/3)...
[15:48:19.278] [Global WebSocket] Suppressed error to prevent crash: Unexpected server response: 404
[15:48:19.279] [PAI SDK] WebSocket closed, reconnecting (1/3)...
[15:48:29.478] [Global WebSocket] Suppressed error to prevent crash: Unexpected server response: 404
[15:48:29.478] [PAI SDK] WebSocket closed, reconnecting (1/3)...
[15:48:39.677] [Global WebSocket] Suppressed error to prevent crash: Unexpected server response: 404
[15:48:39.677] [PAI SDK] WebSocket closed, reconnecting (1/3)...
[15:48:49.873] [Global WebSocket] Suppressed error to prevent crash: Unexpected server response: 404
[15:48:49.874] [PAI SDK] WebSocket closed, reconnecting (1/3)...
[15:49:00.082] [Global WebSocket] Suppressed error to prevent crash: Unexpected server response: 404
[15:49:00.082] [PAI SDK] WebSocket closed, reconnecting (1/3)...
[15:49:10.304] [Global WebSocket] Suppressed error to prevent crash: Unexpected server response: 404
[15:49:10.305] [PAI SDK] WebSocket closed, reconnecting (1/3)...
[15:49:20.508] [Global WebSocket] Suppressed error to prevent crash: Unexpected server response: 404
[15:49:20.509] [PAI SDK] WebSocket closed, reconnecting (1/3)...
[15:49:30.712] [Global WebSocket] Suppressed error to prevent crash: Unexpected server response: 404
[15:49:30.713] [PAI SDK] WebSocket closed, reconnecting (1/3)...
[15:49:40.904] [Global WebSocket] Suppressed error to prevent crash: Unexpected server response: 404
[15:49:40.905] [PAI SDK] WebSocket closed, reconnecting (1/3)...
[15:49:51.096] [Global WebSocket] Suppressed error to prevent crash: Unexpected server response: 404
[15:49:51.096] [PAI SDK] WebSocket closed, reconnecting (1/3)...
[15:50:01.292] [Global WebSocket] Suppressed error to prevent crash: Unexpected server response: 404
[15:50:01.292] [PAI SDK] WebSocket closed, reconnecting (1/3)...
[15:50:11.489] [Global WebSocket] Suppressed error to prevent crash: Unexpected server response: 404
[15:50:11.490] [PAI SDK] WebSocket closed, reconnecting (1/3)...
[15:50:21.677] [Global WebSocket] Suppressed error to prevent crash: Unexpected server response: 404
[15:50:21.678] [PAI SDK] WebSocket closed, reconnecting (1/3)...
[15:50:31.870] [Global WebSocket] Suppressed error to prevent crash: Unexpected server response: 404
[15:50:31.871] [PAI SDK] WebSocket closed, reconnecting (1/3)...
[15:50:42.052] [Global WebSocket] Suppressed error to prevent crash: Unexpected server response: 404
[15:50:42.052] [PAI SDK] WebSocket closed, reconnecting (1/3)...
[15:50:52.231] [Global WebSocket] Suppressed error to prevent crash: Unexpected server response: 404
[15:50:52.231] [PAI SDK] WebSocket closed, reconnecting (1/3)...
[15:51:02.423] [Global WebSocket] Suppressed error to prevent crash: Unexpected server response: 404
[15:51:02.423] [PAI SDK] WebSocket closed, reconnecting (1/3)...
[15:51:12.621] [Global WebSocket] Suppressed error to prevent crash: Unexpected server response: 404
[15:51:12.621] [PAI SDK] WebSocket closed, reconnecting (1/3)...
[15:51:22.805] [Global WebSocket] Suppressed error to prevent crash: Unexpected server response: 404
[15:51:22.806] [PAI SDK] WebSocket closed, reconnecting (1/3)...
[15:51:32.992] [Global WebSocket] Suppressed error to prevent crash: Unexpected server response: 404
[15:51:32.993] [PAI SDK] WebSocket closed, reconnecting (1/3)...
[15:51:43.182] [Global WebSocket] Suppressed error to prevent crash: Unexpected server response: 404
[15:51:43.183] [PAI SDK] WebSocket closed, reconnecting (1/3)...
[15:51:53.381] [Global WebSocket] Suppressed error to prevent crash: Unexpected server response: 404
[15:51:53.381] [PAI SDK] WebSocket closed, reconnecting (1/3)...
[15:52:03.619] [Global WebSocket] Suppressed error to prevent crash: Unexpected server response: 404
[15:52:03.620] [PAI SDK] WebSocket closed, reconnecting (1/3)...
[15:52:13.805] [Global WebSocket] Suppressed error to prevent crash: Unexpected server response: 404
[15:52:13.805] [PAI SDK] WebSocket closed, reconnecting (1/3)...
[15:52:24.000] [Global WebSocket] Suppressed error to prevent crash: Unexpected server response: 404
[15:52:24.000] [PAI SDK] WebSocket closed, reconnecting (1/3)...
[15:52:34.181] [Global WebSocket] Suppressed error to prevent crash: Unexpected server response: 404
[15:52:34.182] [PAI SDK] WebSocket closed, reconnecting (1/3)...
[15:52:44.475] [Global WebSocket] Suppressed error to prevent crash: Unexpected server response: 404
[15:52:44.475] [PAI SDK] WebSocket closed, reconnecting (1/3)...
[15:52:54.678] [Global WebSocket] Suppressed error to prevent crash: Unexpected server response: 404
[15:52:54.679] [PAI SDK] WebSocket closed, reconnecting (1/3)...
[15:53:04.979] [Global WebSocket] Suppressed error to prevent crash: Unexpected server response: 404
[15:53:04.980] [PAI SDK] WebSocket closed, reconnecting (1/3)...
[15:53:15.181] [Global WebSocket] Suppressed error to prevent crash: Unexpected server response: 404
[15:53:15.181] [PAI SDK] WebSocket closed, reconnecting (1/3)...
[15:53:25.529] [Global WebSocket] Suppressed error to prevent crash: Unexpected server response: 404
[15:53:25.529] [PAI SDK] WebSocket closed, reconnecting (1/3)...
[15:53:35.716] [Global WebSocket] Suppressed error to prevent crash: Unexpected server response: 404
[15:53:35.716] [PAI SDK] WebSocket closed, reconnecting (1/3)...
[15:53:46.002] [Global WebSocket] Suppressed error to prevent crash: Unexpected server response: 404
[15:53:46.002] [PAI SDK] WebSocket closed, reconnecting (1/3)...
[15:53:56.199] [Global WebSocket] Suppressed error to prevent crash: Unexpected server response: 404
[15:53:56.200] [PAI SDK] WebSocket closed, reconnecting (1/3)...
[15:54:06.552] [Global WebSocket] Suppressed error to prevent crash: Unexpected server response: 404
[15:54:06.552] [PAI SDK] WebSocket closed, reconnecting (1/3)...
[15:54:16.738] [Global WebSocket] Suppressed error to prevent crash: Unexpected server response: 404
[15:54:16.739] [PAI SDK] WebSocket closed, reconnecting (1/3)...
[15:54:27.083] [Global WebSocket] Suppressed error to prevent crash: Unexpected server response: 404
[15:54:27.083] [PAI SDK] WebSocket closed, reconnecting (1/3)...
[15:54:37.284] [Global WebSocket] Suppressed error to prevent crash: Unexpected server response: 404
[15:54:37.285] [PAI SDK] WebSocket closed, reconnecting (1/3)...
[15:54:47.554] [Global WebSocket] Suppressed error to prevent crash: Unexpected server response: 404
[15:54:47.554] [PAI SDK] WebSocket closed, reconnecting (1/3)...
[15:54:57.744] [Global WebSocket] Suppressed error to prevent crash: Unexpected server response: 404
[15:54:57.744] [PAI SDK] WebSocket closed, reconnecting (1/3)...
[15:55:08.011] [Global WebSocket] Suppressed error to prevent crash: Unexpected server response: 404
[15:55:08.012] [PAI SDK] WebSocket closed, reconnecting (1/3)...
[15:55:18.204] [Global WebSocket] Suppressed error to prevent crash: Unexpected server response: 404
[15:55:18.204] [PAI SDK] WebSocket closed, reconnecting (1/3)...
[15:55:28.535] [Global WebSocket] Suppressed error to prevent crash: Unexpected server response: 404
[15:55:28.536] [PAI SDK] WebSocket closed, reconnecting (1/3)...
[15:55:38.723] [Global WebSocket] Suppressed error to prevent crash: Unexpected server response: 404
[15:55:38.723] [PAI SDK] WebSocket closed, reconnecting (1/3)...
[15:55:49.079] [Global WebSocket] Suppressed error to prevent crash: Unexpected server response: 404
[15:55:49.080] [PAI SDK] WebSocket closed, reconnecting (1/3)...
[15:55:59.260] [Global WebSocket] Suppressed error to prevent crash: Unexpected server response: 404
[15:55:59.260] [PAI SDK] WebSocket closed, reconnecting (1/3)...
[15:56:09.546] [Global WebSocket] Suppressed error to prevent crash: Unexpected server response: 404
[15:56:09.547] [PAI SDK] WebSocket closed, reconnecting (1/3)...
[15:56:19.725] [Global WebSocket] Suppressed error to prevent crash: Unexpected server response: 404
[15:56:19.725] [PAI SDK] WebSocket closed, reconnecting (1/3)...
[15:56:30.083] [Global WebSocket] Suppressed error to prevent crash: Unexpected server response: 404
[15:56:30.083] [PAI SDK] WebSocket closed, reconnecting (1/3)...
[15:56:40.290] [Global WebSocket] Suppressed error to prevent crash: Unexpected server response: 404
[15:56:40.290] [PAI SDK] WebSocket closed, reconnecting (1/3)...
[15:56:50.590] [Global WebSocket] Suppressed error to prevent crash: Unexpected server response: 404
[15:56:50.590] [PAI SDK] WebSocket closed, reconnecting (1/3)...
[15:57:00.771] [Global WebSocket] Suppressed error to prevent crash: Unexpected server response: 404
[15:57:00.771] [PAI SDK] WebSocket closed, reconnecting (1/3)...
[15:57:11.059] [Global WebSocket] Suppressed error to prevent crash: Unexpected server response: 404
[15:57:11.060] [PAI SDK] WebSocket closed, reconnecting (1/3)...
[15:57:21.261] [Global WebSocket] Suppressed error to prevent crash: Unexpected server response: 404
[15:57:21.261] [PAI SDK] WebSocket closed, reconnecting (1/3)...
[15:57:31.515] [Global WebSocket] Suppressed error to prevent crash: Unexpected server response: 404
[15:57:31.515] [PAI SDK] WebSocket closed, reconnecting (1/3)...
[15:57:41.729] [Global WebSocket] Suppressed error to prevent crash: Unexpected server response: 404
[15:57:41.729] [PAI SDK] WebSocket closed, reconnecting (1/3)...
[15:57:51.924] [Global WebSocket] Suppressed error to prevent crash: Unexpected server response: 404
[15:57:51.925] [PAI SDK] WebSocket closed, reconnecting (1/3)...
[15:58:02.127] [Global WebSocket] Suppressed error to prevent crash: Unexpected server response: 404
[15:58:02.128] [PAI SDK] WebSocket closed, reconnecting (1/3)...
[15:58:12.439] [Global WebSocket] Suppressed error to prevent crash: Unexpected server response: 404
[15:58:12.440] [PAI SDK] WebSocket closed, reconnecting (1/3)...
[15:58:22.634] [Global WebSocket] Suppressed error to prevent crash: Unexpected server response: 404
[15:58:22.635] [PAI SDK] WebSocket closed, reconnecting (1/3)...
[15:58:32.914] [Global WebSocket] Suppressed error to prevent crash: Unexpected server response: 404
[15:58:32.915] [PAI SDK] WebSocket closed, reconnecting (1/3)...
[15:58:43.118] [Global WebSocket] Suppressed error to prevent crash: Unexpected server response: 404
[15:58:43.118] [PAI SDK] WebSocket closed, reconnecting (1/3)...
[15:58:53.424] [Global WebSocket] Suppressed error to prevent crash: Unexpected server response: 404
[15:58:53.424] [PAI SDK] WebSocket closed, reconnecting (1/3)...
[15:59:03.615] [Global WebSocket] Suppressed error to prevent crash: Unexpected server response: 404
[15:59:03.615] [PAI SDK] WebSocket closed, reconnecting (1/3)...
[15:59:13.903] [Global WebSocket] Suppressed error to prevent crash: Unexpected server response: 404
[15:59:13.903] [PAI SDK] WebSocket closed, reconnecting (1/3)...
[15:59:24.111] [Global WebSocket] Suppressed error to prevent crash: Unexpected server response: 404
[15:59:24.111] [PAI SDK] WebSocket closed, reconnecting (1/3)...
[15:59:34.424] [Global WebSocket] Suppressed error to prevent crash: Unexpected server response: 404
[15:59:34.424] [PAI SDK] WebSocket closed, reconnecting (1/3)...
[15:59:44.623] [Global WebSocket] Suppressed error to prevent crash: Unexpected server response: 404
[15:59:44.624] [PAI SDK] WebSocket closed, reconnecting (1/3)...
[15:59:54.960] [Global WebSocket] Suppressed error to prevent crash: Unexpected server response: 404
[15:59:54.960] [PAI SDK] WebSocket closed, reconnecting (1/3)...
[16:00:05.153] [Global WebSocket] Suppressed error to prevent crash: Unexpected server response: 404
[16:00:05.153] [PAI SDK] WebSocket closed, reconnecting (1/3)...
[16:00:15.451] [Global WebSocket] Suppressed error to prevent crash: Unexpected server response: 404
[16:00:15.452] [PAI SDK] WebSocket closed, reconnecting (1/3)...
[16:00:25.646] [Global WebSocket] Suppressed error to prevent crash: Unexpected server response: 404
[16:00:25.646] [PAI SDK] WebSocket closed, reconnecting (1/3)...
[16:00:35.934] [Global WebSocket] Suppressed error to prevent crash: Unexpected server response: 404
[16:00:35.935] [PAI SDK] WebSocket closed, reconnecting (1/3)...
[16:00:46.135] [Global WebSocket] Suppressed error to prevent crash: Unexpected server response: 404
[16:00:46.136] [PAI SDK] WebSocket closed, reconnecting (1/3)...
[16:00:56.444] [Global WebSocket] Suppressed error to prevent crash: Unexpected server response: 404
[16:00:56.444] [PAI SDK] WebSocket closed, reconnecting (1/3)...
[16:01:06.632] [Global WebSocket] Suppressed error to prevent crash: Unexpected server response: 404
[16:01:06.632] [PAI SDK] WebSocket closed, reconnecting (1/3)...
[16:01:16.893] [Global WebSocket] Suppressed error to prevent crash: Unexpected server response: 404
[16:01:16.893] [PAI SDK] WebSocket closed, reconnecting (1/3)...
[16:01:27.091] [Global WebSocket] Suppressed error to prevent crash: Unexpected server response: 404
[16:01:27.091] [PAI SDK] WebSocket closed, reconnecting (1/3)...
[16:01:37.343] [Global WebSocket] Suppressed error to prevent crash: Unexpected server response: 404
[16:01:37.343] [PAI SDK] WebSocket closed, reconnecting (1/3)...
[16:01:47.636] [Global WebSocket] Suppressed error to prevent crash: Unexpected server response: 404
[16:01:47.637] [PAI SDK] WebSocket closed, reconnecting (1/3)...
[16:01:57.820] [Global WebSocket] Suppressed error to prevent crash: Unexpected server response: 404
[16:01:57.820] [PAI SDK] WebSocket closed, reconnecting (1/3)...
[16:02:08.022] [Global WebSocket] Suppressed error to prevent crash: Unexpected server response: 404
[16:02:08.023] [PAI SDK] WebSocket closed, reconnecting (1/3)...
[16:02:18.235] [Global WebSocket] Suppressed error to prevent crash: Unexpected server response: 404
[16:02:18.235] [PAI SDK] WebSocket closed, reconnecting (1/3)...
[16:02:28.420] [Global WebSocket] Suppressed error to prevent crash: Unexpected server response: 404
[16:02:28.421] [PAI SDK] WebSocket closed, reconnecting (1/3)...
[16:02:38.646] [Global WebSocket] Suppressed error to prevent crash: Unexpected server response: 404
[16:02:38.647] [PAI SDK] WebSocket closed, reconnecting (1/3)...
[16:02:48.846] [Global WebSocket] Suppressed error to prevent crash: Unexpected server response: 404
[16:02:48.846] [PAI SDK] WebSocket closed, reconnecting (1/3)...
[16:02:59.041] [Global WebSocket] Suppressed error to prevent crash: Unexpected server response: 404
[16:02:59.041] [PAI SDK] WebSocket closed, reconnecting (1/3)...
[16:03:09.228] [Global WebSocket] Suppressed error to prevent crash: Unexpected server response: 404
[16:03:09.228] [PAI SDK] WebSocket closed, reconnecting (1/3)...
[16:03:19.435] [Global WebSocket] Suppressed error to prevent crash: Unexpected server response: 404
[16:03:19.435] [PAI SDK] WebSocket closed, reconnecting (1/3)...
[16:03:29.741] [Global WebSocket] Suppressed error to prevent crash: Unexpected server response: 404
[16:03:29.741] [PAI SDK] WebSocket closed, reconnecting (1/3)...
[16:03:39.938] [Global WebSocket] Suppressed error to prevent crash: Unexpected server response: 404
[16:03:39.938] [PAI SDK] WebSocket closed, reconnecting (1/3)...
[16:03:50.131] [Global WebSocket] Suppressed error to prevent crash: Unexpected server response: 404
[16:03:50.132] [PAI SDK] WebSocket closed, reconnecting (1/3)...
[16:04:00.318] [Global WebSocket] Suppressed error to prevent crash: Unexpected server response: 404
[16:04:00.319] [PAI SDK] WebSocket closed, reconnecting (1/3)...
[16:04:10.512] [Global WebSocket] Suppressed error to prevent crash: Unexpected server response: 404
[16:04:10.512] [PAI SDK] WebSocket closed, reconnecting (1/3)...
[16:04:20.708] [Global WebSocket] Suppressed error to prevent crash: Unexpected server response: 404
[16:04:20.709] [PAI SDK] WebSocket closed, reconnecting (1/3)...
[16:04:30.893] [Global WebSocket] Suppressed error to prevent crash: Unexpected server response: 404
[16:04:30.893] [PAI SDK] WebSocket closed, reconnecting (1/3)...
[16:04:41.090] [Global WebSocket] Suppressed error to prevent crash: Unexpected server response: 404
[16:04:41.090] [PAI SDK] WebSocket closed, reconnecting (1/3)...
[16:04:51.290] [Global WebSocket] Suppressed error to prevent crash: Unexpected server response: 404
[16:04:51.290] [PAI SDK] WebSocket closed, reconnecting (1/3)...
[16:05:01.490] [Global WebSocket] Suppressed error to prevent crash: Unexpected server response: 404
[16:05:01.491] [PAI SDK] WebSocket closed, reconnecting (1/3)...
[16:05:11.689] [Global WebSocket] Suppressed error to prevent crash: Unexpected server response: 404
[16:05:11.689] [PAI SDK] WebSocket closed, reconnecting (1/3)...
[16:05:21.899] [Global WebSocket] Suppressed error to prevent crash: Unexpected server response: 404
[16:05:21.899] [PAI SDK] WebSocket closed, reconnecting (1/3)...
[16:05:32.089] [Global WebSocket] Suppressed error to prevent crash: Unexpected server response: 404
[16:05:32.090] [PAI SDK] WebSocket closed, reconnecting (1/3)...
[16:05:42.291] [Global WebSocket] Suppressed error to prevent crash: Unexpected server response: 404
[16:05:42.292] [PAI SDK] WebSocket closed, reconnecting (1/3)...
[16:05:52.480] [Global WebSocket] Suppressed error to prevent crash: Unexpected server response: 404
[16:05:52.481] [PAI SDK] WebSocket closed, reconnecting (1/3)...
[16:06:02.691] [Global WebSocket] Suppressed error to prevent crash: Unexpected server response: 404
[16:06:02.692] [PAI SDK] WebSocket closed, reconnecting (1/3)...
[16:06:12.899] [Global WebSocket] Suppressed error to prevent crash: Unexpected server response: 404
[16:06:12.900] [PAI SDK] WebSocket closed, reconnecting (1/3)...
[16:06:23.080] [Global WebSocket] Suppressed error to prevent crash: Unexpected server response: 404
[16:06:23.081] [PAI SDK] WebSocket closed, reconnecting (1/3)...
[16:06:33.356] [Global WebSocket] Suppressed error to prevent crash: Unexpected server response: 404
[16:06:33.357] [PAI SDK] WebSocket closed, reconnecting (1/3)...
[16:06:43.546] [Global WebSocket] Suppressed error to prevent crash: Unexpected server response: 404
[16:06:43.547] [PAI SDK] WebSocket closed, reconnecting (1/3)...
[16:06:53.830] [Global WebSocket] Suppressed error to prevent crash: Unexpected server response: 404
[16:06:53.831] [PAI SDK] WebSocket closed, reconnecting (1/3)...
[16:07:04.008] [Global WebSocket] Suppressed error to prevent crash: Unexpected server response: 404
[16:07:04.009] [PAI SDK] WebSocket closed, reconnecting (1/3)...
[16:07:14.355] [Global WebSocket] Suppressed error to prevent crash: Unexpected server response: 404
[16:07:14.355] [PAI SDK] WebSocket closed, reconnecting (1/3)...
[16:07:24.538] [Global WebSocket] Suppressed error to prevent crash: Unexpected server response: 404
[16:07:24.538] [PAI SDK] WebSocket closed, reconnecting (1/3)...
[16:07:34.848] [Global WebSocket] Suppressed error to prevent crash: Unexpected server response: 404
[16:07:34.848] [PAI SDK] WebSocket closed, reconnecting (1/3)...
[16:07:45.040] [Global WebSocket] Suppressed error to prevent crash: Unexpected server response: 404
[16:07:45.040] [PAI SDK] WebSocket closed, reconnecting (1/3)...
[16:07:55.377] [Global WebSocket] Suppressed error to prevent crash: Unexpected server response: 404
[16:07:55.378] [PAI SDK] WebSocket closed, reconnecting (1/3)...
[16:08:05.561] [Global WebSocket] Suppressed error to prevent crash: Unexpected server response: 404
[16:08:05.561] [PAI SDK] WebSocket closed, reconnecting (1/3)...
[16:08:15.885] [Global WebSocket] Suppressed error to prevent crash: Unexpected server response: 404
[16:08:15.885] [PAI SDK] WebSocket closed, reconnecting (1/3)...
[16:08:26.085] [Global WebSocket] Suppressed error to prevent crash: Unexpected server response: 404
[16:08:26.085] [PAI SDK] WebSocket closed, reconnecting (1/3)...
[16:08:36.362] [Global WebSocket] Suppressed error to prevent crash: Unexpected server response: 404
[16:08:36.363] [PAI SDK] WebSocket closed, reconnecting (1/3)...
[16:08:46.548] [Global WebSocket] Suppressed error to prevent crash: Unexpected server response: 404
[16:08:46.548] [PAI SDK] WebSocket closed, reconnecting (1/3)...
[16:08:56.832] [Global WebSocket] Suppressed error to prevent crash: Unexpected server response: 404
[16:08:56.832] [PAI SDK] WebSocket closed, reconnecting (1/3)...
[16:09:07.012] [Global WebSocket] Suppressed error to prevent crash: Unexpected server response: 404
[16:09:07.012] [PAI SDK] WebSocket closed, reconnecting (1/3)...
[16:09:17.267] [Global WebSocket] Suppressed error to prevent crash: Unexpected server response: 404
[16:09:17.267] [PAI SDK] WebSocket closed, reconnecting (1/3)...
[16:09:27.451] [Global WebSocket] Suppressed error to prevent crash: Unexpected server response: 404
[16:09:27.452] [PAI SDK] WebSocket closed, reconnecting (1/3)...
[16:09:37.762] [Global WebSocket] Suppressed error to prevent crash: Unexpected server response: 404
[16:09:37.763] [PAI SDK] WebSocket closed, reconnecting (1/3)...
[16:09:47.956] [Global WebSocket] Suppressed error to prevent crash: Unexpected server response: 404
[16:09:47.956] [PAI SDK] WebSocket closed, reconnecting (1/3)...
[16:09:58.238] [Global WebSocket] Suppressed error to prevent crash: Unexpected server response: 404
[16:09:58.239] [PAI SDK] WebSocket closed, reconnecting (1/3)...
[16:10:08.452] [Global WebSocket] Suppressed error to prevent crash: Unexpected server response: 404
[16:10:08.453] [PAI SDK] WebSocket closed, reconnecting (1/3)...
[16:10:18.742] [Global WebSocket] Suppressed error to prevent crash: Unexpected server response: 404
[16:10:18.742] [PAI SDK] WebSocket closed, reconnecting (1/3)...
[16:10:28.930] [Global WebSocket] Suppressed error to prevent crash: Unexpected server response: 404
[16:10:28.930] [PAI SDK] WebSocket closed, reconnecting (1/3)...
[16:10:39.239] [Global WebSocket] Suppressed error to prevent crash: Unexpected server response: 404
[16:10:39.240] [PAI SDK] WebSocket closed, reconnecting (1/3)...
[16:10:49.444] [Global WebSocket] Suppressed error to prevent crash: Unexpected server response: 404
[16:10:49.444] [PAI SDK] WebSocket closed, reconnecting (1/3)...
[16:10:59.768] [Global WebSocket] Suppressed error to prevent crash: Unexpected server response: 404
[16:10:59.768] [PAI SDK] WebSocket closed, reconnecting (1/3)...
[16:11:09.969] [Global WebSocket] Suppressed error to prevent crash: Unexpected server response: 404
[16:11:09.970] [PAI SDK] WebSocket closed, reconnecting (1/3)...
[16:11:20.204] [Global WebSocket] Suppressed error to prevent crash: Unexpected server response: 404
[16:11:20.205] [PAI SDK] WebSocket closed, reconnecting (1/3)...
[16:11:30.404] [Global WebSocket] Suppressed error to prevent crash: Unexpected server response: 404
[16:11:30.405] [PAI SDK] WebSocket closed, reconnecting (1/3)...
[16:11:40.737] [Global WebSocket] Suppressed error to prevent crash: Unexpected server response: 404
[16:11:40.737] [PAI SDK] WebSocket closed, reconnecting (1/3)...
[16:11:50.949] [Global WebSocket] Suppressed error to prevent crash: Unexpected server response: 404
[16:11:50.949] [PAI SDK] WebSocket closed, reconnecting (1/3)...
[16:12:01.188] [Global WebSocket] Suppressed error to prevent crash: Unexpected server response: 404
[16:12:01.189] [PAI SDK] WebSocket closed, reconnecting (1/3)...
[16:12:11.388] [Global WebSocket] Suppressed error to prevent crash: Unexpected server response: 404
[16:12:11.389] [PAI SDK] WebSocket closed, reconnecting (1/3)...
[16:12:21.593] [Global WebSocket] Suppressed error to prevent crash: Unexpected server response: 404
[16:12:21.593] [PAI SDK] WebSocket closed, reconnecting (1/3)...
[16:12:31.817] [Global WebSocket] Suppressed error to prevent crash: Unexpected server response: 404
[16:12:31.817] [PAI SDK] WebSocket closed, reconnecting (1/3)...
[16:12:42.013] [Global WebSocket] Suppressed error to prevent crash: Unexpected server response: 404
[16:12:42.014] [PAI SDK] WebSocket closed, reconnecting (1/3)...
[16:12:52.208] [Global WebSocket] Suppressed error to prevent crash: Unexpected server response: 404
[16:12:52.209] [PAI SDK] WebSocket closed, reconnecting (1/3)...
[16:13:02.403] [Global WebSocket] Suppressed error to prevent crash: Unexpected server response: 404
[16:13:02.404] [PAI SDK] WebSocket closed, reconnecting (1/3)...
[16:13:12.609] [Global WebSocket] Suppressed error to prevent crash: Unexpected server response: 404
[16:13:12.610] [PAI SDK] WebSocket closed, reconnecting (1/3)...
[16:13:22.788] [Global WebSocket] Suppressed error to prevent crash: Unexpected server response: 404
[16:13:22.789] [PAI SDK] WebSocket closed, reconnecting (1/3)...
[16:13:32.986] [Global WebSocket] Suppressed error to prevent crash: Unexpected server response: 404
[16:13:32.986] [PAI SDK] WebSocket closed, reconnecting (1/3)...
[16:13:43.178] [Global WebSocket] Suppressed error to prevent crash: Unexpected server response: 404
[16:13:43.178] [PAI SDK] WebSocket closed, reconnecting (1/3)...
[16:13:53.369] [Global WebSocket] Suppressed error to prevent crash: Unexpected server response: 404
[16:13:53.369] [PAI SDK] WebSocket closed, reconnecting (1/3)...
[16:14:03.681] [Global WebSocket] Suppressed error to prevent crash: Unexpected server response: 404
[16:14:03.681] [PAI SDK] WebSocket closed, reconnecting (1/3)...
[16:14:13.876] [Global WebSocket] Suppressed error to prevent crash: Unexpected server response: 404
[16:14:13.877] [PAI SDK] WebSocket closed, reconnecting (1/3)...
[16:14:24.168] [Global WebSocket] Suppressed error to prevent crash: Unexpected server response: 404
[16:14:24.169] [PAI SDK] WebSocket closed, reconnecting (1/3)...
[16:14:34.355] [Global WebSocket] Suppressed error to prevent crash: Unexpected server response: 404
[16:14:34.355] [PAI SDK] WebSocket closed, reconnecting (1/3)...
[16:14:44.682] [Global WebSocket] Suppressed error to prevent crash: Unexpected server response: 404
[16:14:44.682] [PAI SDK] WebSocket closed, reconnecting (1/3)...
[16:14:54.871] [Global WebSocket] Suppressed error to prevent crash: Unexpected server response: 404
[16:14:54.872] [PAI SDK] WebSocket closed, reconnecting (1/3)...
[16:15:05.179] [Global WebSocket] Suppressed error to prevent crash: Unexpected server response: 404
[16:15:05.180] [PAI SDK] WebSocket closed, reconnecting (1/3)...
[16:15:15.357] [Global WebSocket] Suppressed error to prevent crash: Unexpected server response: 404
[16:15:15.358] [PAI SDK] WebSocket closed, reconnecting (1/3)...
[16:15:25.643] [Global WebSocket] Suppressed error to prevent crash: Unexpected server response: 404
[16:15:25.643] [PAI SDK] WebSocket closed, reconnecting (1/3)...
[16:15:35.874] [Global WebSocket] Suppressed error to prevent crash: Unexpected server response: 404
[16:15:35.875] [PAI SDK] WebSocket closed, reconnecting (1/3)...
[16:15:46.126] [Global WebSocket] Suppressed error to prevent crash: Unexpected server response: 404
[16:15:46.126] [PAI SDK] WebSocket closed, reconnecting (1/3)...
[16:15:56.334] [Global WebSocket] Suppressed error to prevent crash: Unexpected server response: 404
[16:15:56.334] [PAI SDK] WebSocket closed, reconnecting (1/3)...
[16:16:06.666] [Global WebSocket] Suppressed error to prevent crash: Unexpected server response: 404
[16:16:06.666] [PAI SDK] WebSocket closed, reconnecting (1/3)...
[16:16:16.866] [Global WebSocket] Suppressed error to prevent crash: Unexpected server response: 404
[16:16:16.866] [PAI SDK] WebSocket closed, reconnecting (1/3)...
[16:16:27.190] [Global WebSocket] Suppressed error to prevent crash: Unexpected server response: 404
[16:16:27.190] [PAI SDK] WebSocket closed, reconnecting (1/3)...
[16:16:37.373] [Global WebSocket] Suppressed error to prevent crash: Unexpected server response: 404
[16:16:37.374] [PAI SDK] WebSocket closed, reconnecting (1/3)...
[16:16:47.690] [Global WebSocket] Suppressed error to prevent crash: Unexpected server response: 404
[16:16:47.691] [PAI SDK] WebSocket closed, reconnecting (1/3)...
[16:16:57.887] [Global WebSocket] Suppressed error to prevent crash: Unexpected server response: 404
[16:16:57.888] [PAI SDK] WebSocket closed, reconnecting (1/3)...
[16:17:08.173] [Global WebSocket] Suppressed error to prevent crash: Unexpected server response: 404
[16:17:08.173] [PAI SDK] WebSocket closed, reconnecting (1/3)...
[16:17:18.373] [Global WebSocket] Suppressed error to prevent crash: Unexpected server response: 404
[16:17:18.374] [PAI SDK] WebSocket closed, reconnecting (1/3)...
[16:17:28.654] [Global WebSocket] Suppressed error to prevent crash: Unexpected server response: 404
[16:17:28.654] [PAI SDK] WebSocket closed, reconnecting (1/3)...
[16:17:38.848] [Global WebSocket] Suppressed error to prevent crash: Unexpected server response: 404
[16:17:38.849] [PAI SDK] WebSocket closed, reconnecting (1/3)...
[16:17:49.105] [Global WebSocket] Suppressed error to prevent crash: Unexpected server response: 404
[16:17:49.106] [PAI SDK] WebSocket closed, reconnecting (1/3)...
[16:17:59.283] [Global WebSocket] Suppressed error to prevent crash: Unexpected server response: 404
[16:17:59.283] [PAI SDK] WebSocket closed, reconnecting (1/3)...
[16:18:09.573] [Global WebSocket] Suppressed error to prevent crash: Unexpected server response: 404
[16:18:09.574] [PAI SDK] WebSocket closed, reconnecting (1/3)...
[16:18:19.756] [Global WebSocket] Suppressed error to prevent crash: Unexpected server response: 404
[16:18:19.756] [PAI SDK] WebSocket closed, reconnecting (1/3)...
[16:18:30.018] [Global WebSocket] Suppressed error to prevent crash: Unexpected server response: 404
[16:18:30.019] [PAI SDK] WebSocket closed, reconnecting (1/3)...
[16:18:40.205] [Global WebSocket] Suppressed error to prevent crash: Unexpected server response: 404
[16:18:40.205] [PAI SDK] WebSocket closed, reconnecting (1/3)...
[16:18:50.453] [Global WebSocket] Suppressed error to prevent crash: Unexpected server response: 404
[16:18:50.453] [PAI SDK] WebSocket closed, reconnecting (1/3)...
[16:19:00.650] [Global WebSocket] Suppressed error to prevent crash: Unexpected server response: 404
[16:19:00.651] [PAI SDK] WebSocket closed, reconnecting (1/3)...
[16:19:10.827] [Global WebSocket] Suppressed error to prevent crash: Unexpected server response: 404
[16:19:10.828] [PAI SDK] WebSocket closed, reconnecting (1/3)...
[16:19:21.022] [Global WebSocket] Suppressed error to prevent crash: Unexpected server response: 404
[16:19:21.023] [PAI SDK] WebSocket closed, reconnecting (1/3)...
[16:19:31.225] [Global WebSocket] Suppressed error to prevent crash: Unexpected server response: 404
[16:19:31.226] [PAI SDK] WebSocket closed, reconnecting (1/3)...
[16:19:41.422] [Global WebSocket] Suppressed error to prevent crash: Unexpected server response: 404
[16:19:41.422] [PAI SDK] WebSocket closed, reconnecting (1/3)...
[16:19:51.612] [Global WebSocket] Suppressed error to prevent crash: Unexpected server response: 404
[16:19:51.613] [PAI SDK] WebSocket closed, reconnecting (1/3)...
[16:20:01.810] [Global WebSocket] Suppressed error to prevent crash: Unexpected server response: 404
[16:20:01.811] [PAI SDK] WebSocket closed, reconnecting (1/3)...
[16:20:12.000] [Global WebSocket] Suppressed error to prevent crash: Unexpected server response: 404
[16:20:12.001] [PAI SDK] WebSocket closed, reconnecting (1/3)...
[16:20:22.188] [Global WebSocket] Suppressed error to prevent crash: Unexpected server response: 404
[16:20:22.188] [PAI SDK] WebSocket closed, reconnecting (1/3)...
[16:20:32.391] [Global WebSocket] Suppressed error to prevent crash: Unexpected server response: 404
[16:20:32.392] [PAI SDK] WebSocket closed, reconnecting (1/3)...
[16:20:42.582] [Global WebSocket] Suppressed error to prevent crash: Unexpected server response: 404
[16:20:42.582] [PAI SDK] WebSocket closed, reconnecting (1/3)...
[16:20:52.761] [Global WebSocket] Suppressed error to prevent crash: Unexpected server response: 404
[16:20:52.761] [PAI SDK] WebSocket closed, reconnecting (1/3)...
[16:21:02.950] [Global WebSocket] Suppressed error to prevent crash: Unexpected server response: 404
[16:21:02.951] [PAI SDK] WebSocket closed, reconnecting (1/3)...
[16:21:13.144] [Global WebSocket] Suppressed error to prevent crash: Unexpected server response: 404
[16:21:13.144] [PAI SDK] WebSocket closed, reconnecting (1/3)...
[16:21:23.321] [Global WebSocket] Suppressed error to prevent crash: Unexpected server response: 404
[16:21:23.322] [PAI SDK] WebSocket closed, reconnecting (1/3)...
[16:21:33.527] [Global WebSocket] Suppressed error to prevent crash: Unexpected server response: 404
[16:21:33.527] [PAI SDK] WebSocket closed, reconnecting (1/3)...
[16:21:43.719] [Global WebSocket] Suppressed error to prevent crash: Unexpected server response: 404
[16:21:43.720] [PAI SDK] WebSocket closed, reconnecting (1/3)...
[16:21:53.919] [Global WebSocket] Suppressed error to prevent crash: Unexpected server response: 404
[16:21:53.920] [PAI SDK] WebSocket closed, reconnecting (1/3)...
[16:22:04.118] [Global WebSocket] Suppressed error to prevent crash: Unexpected server response: 404
[16:22:04.118] [PAI SDK] WebSocket closed, reconnecting (1/3)...
[16:22:14.325] [Global WebSocket] Suppressed error to prevent crash: Unexpected server response: 404
[16:22:14.326] [PAI SDK] WebSocket closed, reconnecting (1/3)...
[16:22:24.525] [Global WebSocket] Suppressed error to prevent crash: Unexpected server response: 404
[16:22:24.525] [PAI SDK] WebSocket closed, reconnecting (1/3)...
[16:22:34.729] [Global WebSocket] Suppressed error to prevent crash: Unexpected server response: 404
[16:22:34.730] [PAI SDK] WebSocket closed, reconnecting (1/3)...
[16:22:44.935] [Global WebSocket] Suppressed error to prevent crash: Unexpected server response: 404
[16:22:44.935] [PAI SDK] WebSocket closed, reconnecting (1/3)...
[16:22:55.140] [Global WebSocket] Suppressed error to prevent crash: Unexpected server response: 404
[16:22:55.140] [PAI SDK] WebSocket closed, reconnecting (1/3)...
[16:23:05.339] [Global WebSocket] Suppressed error to prevent crash: Unexpected server response: 404
[16:23:05.340] [PAI SDK] WebSocket closed, reconnecting (1/3)...
[16:23:15.544] [Global WebSocket] Suppressed error to prevent crash: Unexpected server response: 404
[16:23:15.545] [PAI SDK] WebSocket closed, reconnecting (1/3)...
[16:23:25.722] [Global WebSocket] Suppressed error to prevent crash: Unexpected server response: 404
[16:23:25.723] [PAI SDK] WebSocket closed, reconnecting (1/3)...
[16:23:35.918] [Global WebSocket] Suppressed error to prevent crash: Unexpected server response: 404
[16:23:35.918] [PAI SDK] WebSocket closed, reconnecting (1/3)...
[16:23:46.098] [Global WebSocket] Suppressed error to prevent crash: Unexpected server response: 404
[16:23:46.099] [PAI SDK] WebSocket closed, reconnecting (1/3)...
[16:23:56.305] [Global WebSocket] Suppressed error to prevent crash: Unexpected server response: 404
[16:23:56.306] [PAI SDK] WebSocket closed, reconnecting (1/3)...
[16:24:06.512] [Global WebSocket] Suppressed error to prevent crash: Unexpected server response: 404
[16:24:06.512] [PAI SDK] WebSocket closed, reconnecting (1/3)...
[16:24:16.707] [Global WebSocket] Suppressed error to prevent crash: Unexpected server response: 404
[16:24:16.708] [PAI SDK] WebSocket closed, reconnecting (1/3)...
[16:24:26.894] [Global WebSocket] Suppressed error to prevent crash: Unexpected server response: 404
[16:24:26.895] [PAI SDK] WebSocket closed, reconnecting (1/3)...
[16:24:37.069] [Global WebSocket] Suppressed error to prevent crash: Unexpected server response: 404
[16:24:37.069] [PAI SDK] WebSocket closed, reconnecting (1/3)...
[16:24:47.258] [Global WebSocket] Suppressed error to prevent crash: Unexpected server response: 404
[16:24:47.258] [PAI SDK] WebSocket closed, reconnecting (1/3)...
[16:24:57.450] [Global WebSocket] Suppressed error to prevent crash: Unexpected server response: 404
[16:24:57.450] [PAI SDK] WebSocket closed, reconnecting (1/3)...
[16:25:07.634] [Global WebSocket] Suppressed error to prevent crash: Unexpected server response: 404
[16:25:07.635] [PAI SDK] WebSocket closed, reconnecting (1/3)...
[16:25:17.823] [Global WebSocket] Suppressed error to prevent crash: Unexpected server response: 404
[16:25:17.824] [PAI SDK] WebSocket closed, reconnecting (1/3)...
[16:25:28.038] [Global WebSocket] Suppressed error to prevent crash: Unexpected server response: 404
[16:25:28.038] [PAI SDK] WebSocket closed, reconnecting (1/3)...
[16:25:38.240] [Global WebSocket] Suppressed error to prevent crash: Unexpected server response: 404
[16:25:38.240] [PAI SDK] WebSocket closed, reconnecting (1/3)...
[16:25:48.423] [Global WebSocket] Suppressed error to prevent crash: Unexpected server response: 404
[16:25:48.424] [PAI SDK] WebSocket closed, reconnecting (1/3)...
[16:25:58.613] [Global WebSocket] Suppressed error to prevent crash: Unexpected server response: 404
[16:25:58.613] [PAI SDK] WebSocket closed, reconnecting (1/3)...
[16:26:08.808] [Global WebSocket] Suppressed error to prevent crash: Unexpected server response: 404
[16:26:08.808] [PAI SDK] WebSocket closed, reconnecting (1/3)...
[16:26:19.002] [Global WebSocket] Suppressed error to prevent crash: Unexpected server response: 404
[16:26:19.002] [PAI SDK] WebSocket closed, reconnecting (1/3)...
[16:26:29.289] [Global WebSocket] Suppressed error to prevent crash: Unexpected server response: 404
[16:26:29.290] [PAI SDK] WebSocket closed, reconnecting (1/3)...
[16:26:39.477] [Global WebSocket] Suppressed error to prevent crash: Unexpected server response: 404
[16:26:39.478] [PAI SDK] WebSocket closed, reconnecting (1/3)...
[16:26:49.753] [Global WebSocket] Suppressed error to prevent crash: Unexpected server response: 404
[16:26:49.753] [PAI SDK] WebSocket closed, reconnecting (1/3)...
[16:26:59.946] [Global WebSocket] Suppressed error to prevent crash: Unexpected server response: 404
[16:26:59.947] [PAI SDK] WebSocket closed, reconnecting (1/3)...
[16:27:10.233] [Global WebSocket] Suppressed error to prevent crash: Unexpected server response: 404
[16:27:10.233] [PAI SDK] WebSocket closed, reconnecting (1/3)...
[16:27:20.432] [Global WebSocket] Suppressed error to prevent crash: Unexpected server response: 404
[16:27:20.433] [PAI SDK] WebSocket closed, reconnecting (1/3)...
[16:27:30.801] [Global WebSocket] Suppressed error to prevent crash: Unexpected server response: 404
[16:27:30.802] [PAI SDK] WebSocket closed, reconnecting (1/3)...
[16:27:41.017] [Global WebSocket] Suppressed error to prevent crash: Unexpected server response: 404
[16:27:41.017] [PAI SDK] WebSocket closed, reconnecting (1/3)...
[16:27:51.325] [Global WebSocket] Suppressed error to prevent crash: Unexpected server response: 404
[16:27:51.325] [PAI SDK] WebSocket closed, reconnecting (1/3)...
[16:28:01.512] [Global WebSocket] Suppressed error to prevent crash: Unexpected server response: 404
[16:28:01.512] [PAI SDK] WebSocket closed, reconnecting (1/3)...
[16:28:11.831] [Global WebSocket] Suppressed error to prevent crash: Unexpected server response: 404
[16:28:11.832] [PAI SDK] WebSocket closed, reconnecting (1/3)...
[16:28:22.036] [Global WebSocket] Suppressed error to prevent crash: Unexpected server response: 404
[16:28:22.037] [PAI SDK] WebSocket closed, reconnecting (1/3)...
[16:28:32.288] [Global WebSocket] Suppressed error to prevent crash: Unexpected server response: 404
[16:28:32.289] [PAI SDK] WebSocket closed, reconnecting (1/3)...
[16:28:42.485] [Global WebSocket] Suppressed error to prevent crash: Unexpected server response: 404
[16:28:42.485] [PAI SDK] WebSocket closed, reconnecting (1/3)...
[16:28:52.747] [Global WebSocket] Suppressed error to prevent crash: Unexpected server response: 404
[16:28:52.747] [PAI SDK] WebSocket closed, reconnecting (1/3)...
[16:29:02.937] [Global WebSocket] Suppressed error to prevent crash: Unexpected server response: 404
[16:29:02.938] [PAI SDK] WebSocket closed, reconnecting (1/3)...
[16:29:13.253] [Global WebSocket] Suppressed error to prevent crash: Unexpected server response: 404
[16:29:13.253] [PAI SDK] WebSocket closed, reconnecting (1/3)...
[16:29:23.457] [Global WebSocket] Suppressed error to prevent crash: Unexpected server response: 404
[16:29:23.459] [PAI SDK] WebSocket closed, reconnecting (1/3)...
[16:29:33.766] [Global WebSocket] Suppressed error to prevent crash: Unexpected server response: 404
[16:29:33.767] [PAI SDK] WebSocket closed, reconnecting (1/3)...
[16:29:43.955] [Global WebSocket] Suppressed error to prevent crash: Unexpected server response: 404
[16:29:43.956] [PAI SDK] WebSocket closed, reconnecting (1/3)...
[16:29:54.285] [Global WebSocket] Suppressed error to prevent crash: Unexpected server response: 404
[16:29:54.286] [PAI SDK] WebSocket closed, reconnecting (1/3)...
[16:30:04.479] [Global WebSocket] Suppressed error to prevent crash: Unexpected server response: 404
[16:30:04.480] [PAI SDK] WebSocket closed, reconnecting (1/3)...
[16:30:14.744] [Global WebSocket] Suppressed error to prevent crash: Unexpected server response: 404
[16:30:14.745] [PAI SDK] WebSocket closed, reconnecting (1/3)...
[16:30:24.935] [Global WebSocket] Suppressed error to prevent crash: Unexpected server response: 404
[16:30:24.935] [PAI SDK] WebSocket closed, reconnecting (1/3)...
[16:30:35.192] [Global WebSocket] Suppressed error to prevent crash: Unexpected server response: 404
[16:30:35.193] [PAI SDK] WebSocket closed, reconnecting (1/3)...
[16:30:45.386] [Global WebSocket] Suppressed error to prevent crash: Unexpected server response: 404
[16:30:45.387] [PAI SDK] WebSocket closed, reconnecting (1/3)...
[16:30:55.673] [Global WebSocket] Suppressed error to prevent crash: Unexpected server response: 404
[16:30:55.673] [PAI SDK] WebSocket closed, reconnecting (1/3)...
[16:31:05.857] [Global WebSocket] Suppressed error to prevent crash: Unexpected server response: 404
[16:31:05.858] [PAI SDK] WebSocket closed, reconnecting (1/3)...
[16:31:16.189] [Global WebSocket] Suppressed error to prevent crash: Unexpected server response: 404
[16:31:16.189] [PAI SDK] WebSocket closed, reconnecting (1/3)...
[16:31:26.388] [Global WebSocket] Suppressed error to prevent crash: Unexpected server response: 404
[16:31:26.389] [PAI SDK] WebSocket closed, reconnecting (1/3)...
[16:31:36.712] [Global WebSocket] Suppressed error to prevent crash: Unexpected server response: 404
[16:31:36.712] [PAI SDK] WebSocket closed, reconnecting (1/3)...
[16:31:46.908] [Global WebSocket] Suppressed error to prevent crash: Unexpected server response: 404
[16:31:46.909] [PAI SDK] WebSocket closed, reconnecting (1/3)...
[16:31:57.194] [Global WebSocket] Suppressed error to prevent crash: Unexpected server response: 404
[16:31:57.194] [PAI SDK] WebSocket closed, reconnecting (1/3)...
[16:32:07.386] [Global WebSocket] Suppressed error to prevent crash: Unexpected server response: 404
[16:32:07.387] [PAI SDK] WebSocket closed, reconnecting (1/3)...
[16:32:17.715] [Global WebSocket] Suppressed error to prevent crash: Unexpected server response: 404
[16:32:17.716] [PAI SDK] WebSocket closed, reconnecting (1/3)...
[16:32:27.896] [Global WebSocket] Suppressed error to prevent crash: Unexpected server response: 404
[16:32:27.897] [PAI SDK] WebSocket closed, reconnecting (1/3)...
[16:32:38.188] [Global WebSocket] Suppressed error to prevent crash: Unexpected server response: 404
[16:32:38.189] [PAI SDK] WebSocket closed, reconnecting (1/3)...
[16:32:48.390] [Global WebSocket] Suppressed error to prevent crash: Unexpected server response: 404
[16:32:48.391] [PAI SDK] WebSocket closed, reconnecting (1/3)...
[16:32:58.729] [Global WebSocket] Suppressed error to prevent crash: Unexpected server response: 404
[16:32:58.729] [PAI SDK] WebSocket closed, reconnecting (1/3)...
[16:33:08.925] [Global WebSocket] Suppressed error to prevent crash: Unexpected server response: 404
[16:33:08.926] [PAI SDK] WebSocket closed, reconnecting (1/3)...
[16:33:19.226] [Global WebSocket] Suppressed error to prevent crash: Unexpected server response: 404
[16:33:19.227] [PAI SDK] WebSocket closed, reconnecting (1/3)...
[16:33:29.416] [Global WebSocket] Suppressed error to prevent crash: Unexpected server response: 404
[16:33:29.417] [PAI SDK] WebSocket closed, reconnecting (1/3)...
[16:33:39.695] [Global WebSocket] Suppressed error to prevent crash: Unexpected server response: 404
[16:33:39.696] [PAI SDK] WebSocket closed, reconnecting (1/3)...
[16:33:49.894] [Global WebSocket] Suppressed error to prevent crash: Unexpected server response: 404
[16:33:49.895] [PAI SDK] WebSocket closed, reconnecting (1/3)...
[16:34:00.222] [Global WebSocket] Suppressed error to prevent crash: Unexpected server response: 404
[16:34:00.223] [PAI SDK] WebSocket closed, reconnecting (1/3)...
[16:34:10.416] [Global WebSocket] Suppressed error to prevent crash: Unexpected server response: 404
[16:34:10.416] [PAI SDK] WebSocket closed, reconnecting (1/3)...
[16:34:20.744] [Global WebSocket] Suppressed error to prevent crash: Unexpected server response: 404
[16:34:20.745] [PAI SDK] WebSocket closed, reconnecting (1/3)...
[16:34:30.939] [Global WebSocket] Suppressed error to prevent crash: Unexpected server response: 404
[16:34:30.939] [PAI SDK] WebSocket closed, reconnecting (1/3)...
[16:34:41.243] [Global WebSocket] Suppressed error to prevent crash: Unexpected server response: 404
[16:34:41.244] [PAI SDK] WebSocket closed, reconnecting (1/3)...
[16:34:51.438] [Global WebSocket] Suppressed error to prevent crash: Unexpected server response: 404
[16:34:51.439] [PAI SDK] WebSocket closed, reconnecting (1/3)...
[16:35:01.712] [Global WebSocket] Suppressed error to prevent crash: Unexpected server response: 404
[16:35:01.712] [PAI SDK] WebSocket closed, reconnecting (1/3)...
[16:35:11.918] [Global WebSocket] Suppressed error to prevent crash: Unexpected server response: 404
[16:35:11.919] [PAI SDK] WebSocket closed, reconnecting (1/3)...
[16:35:22.164] [Global WebSocket] Suppressed error to prevent crash: Unexpected server response: 404
[16:35:22.164] [PAI SDK] WebSocket closed, reconnecting (1/3)...
[16:35:32.359] [Global WebSocket] Suppressed error to prevent crash: Unexpected server response: 404
[16:35:32.360] [PAI SDK] WebSocket closed, reconnecting (1/3)...
[16:35:42.539] [Global WebSocket] Suppressed error to prevent crash: Unexpected server response: 404
[16:35:42.540] [PAI SDK] WebSocket closed, reconnecting (1/3)...
[16:35:52.754] [Global WebSocket] Suppressed error to prevent crash: Unexpected server response: 404
[16:35:52.754] [PAI SDK] WebSocket closed, reconnecting (1/3)...
[16:36:02.956] [Global WebSocket] Suppressed error to prevent crash: Unexpected server response: 404
[16:36:02.956] [PAI SDK] WebSocket closed, reconnecting (1/3)...
[16:36:13.156] [Global WebSocket] Suppressed error to prevent crash: Unexpected server response: 404
[16:36:13.156] [PAI SDK] WebSocket closed, reconnecting (1/3)...
[16:36:23.349] [Global WebSocket] Suppressed error to prevent crash: Unexpected server response: 404
[16:36:23.350] [PAI SDK] WebSocket closed, reconnecting (1/3)...
[16:36:33.544] [Global WebSocket] Suppressed error to prevent crash: Unexpected server response: 404
[16:36:33.544] [PAI SDK] WebSocket closed, reconnecting (1/3)...
[16:36:43.737] [Global WebSocket] Suppressed error to prevent crash: Unexpected server response: 404
[16:36:43.737] [PAI SDK] WebSocket closed, reconnecting (1/3)...
[16:36:53.935] [Global WebSocket] Suppressed error to prevent crash: Unexpected server response: 404
[16:36:53.936] [PAI SDK] WebSocket closed, reconnecting (1/3)...
[16:37:04.120] [Global WebSocket] Suppressed error to prevent crash: Unexpected server response: 404
[16:37:04.121] [PAI SDK] WebSocket closed, reconnecting (1/3)...
[16:37:14.307] [Global WebSocket] Suppressed error to prevent crash: Unexpected server response: 404
[16:37:14.308] [PAI SDK] WebSocket closed, reconnecting (1/3)...
[16:37:24.497] [Global WebSocket] Suppressed error to prevent crash: Unexpected server response: 404
[16:37:24.498] [PAI SDK] WebSocket closed, reconnecting (1/3)...
[16:37:34.700] [Global WebSocket] Suppressed error to prevent crash: Unexpected server response: 404
[16:37:34.700] [PAI SDK] WebSocket closed, reconnecting (1/3)...
[16:37:44.880] [Global WebSocket] Suppressed error to prevent crash: Unexpected server response: 404
[16:37:44.880] [PAI SDK] WebSocket closed, reconnecting (1/3)...
[16:37:55.082] [Global WebSocket] Suppressed error to prevent crash: Unexpected server response: 404
[16:37:55.083] [PAI SDK] WebSocket closed, reconnecting (1/3)...
[16:38:05.275] [Global WebSocket] Suppressed error to prevent crash: Unexpected server response: 404
[16:38:05.275] [PAI SDK] WebSocket closed, reconnecting (1/3)...
[16:38:15.473] [Global WebSocket] Suppressed error to prevent crash: Unexpected server response: 404
[16:38:15.474] [PAI SDK] WebSocket closed, reconnecting (1/3)...
[16:38:25.666] [Global WebSocket] Suppressed error to prevent crash: Unexpected server response: 404
[16:38:25.667] [PAI SDK] WebSocket closed, reconnecting (1/3)...
[16:38:35.860] [Global WebSocket] Suppressed error to prevent crash: Unexpected server response: 404
[16:38:35.860] [PAI SDK] WebSocket closed, reconnecting (1/3)...
[16:38:46.069] [Global WebSocket] Suppressed error to prevent crash: Unexpected server response: 404
[16:38:46.069] [PAI SDK] WebSocket closed, reconnecting (1/3)...
[16:38:56.270] [Global WebSocket] Suppressed error to prevent crash: Unexpected server response: 404
[16:38:56.271] [PAI SDK] WebSocket closed, reconnecting (1/3)...
[16:39:06.461] [Global WebSocket] Suppressed error to prevent crash: Unexpected server response: 404
[16:39:06.461] [PAI SDK] WebSocket closed, reconnecting (1/3)...
[16:39:16.648] [Global WebSocket] Suppressed error to prevent crash: Unexpected server response: 404
[16:39:16.648] [PAI SDK] WebSocket closed, reconnecting (1/3)...
[16:39:26.837] [Global WebSocket] Suppressed error to prevent crash: Unexpected server response: 404
[16:39:26.837] [PAI SDK] WebSocket closed, reconnecting (1/3)...
[16:39:37.022] [Global WebSocket] Suppressed error to prevent crash: Unexpected server response: 404
[16:39:37.023] [PAI SDK] WebSocket closed, reconnecting (1/3)...
[16:39:47.209] [Global WebSocket] Suppressed error to prevent crash: Unexpected server response: 404
[16:39:47.210] [PAI SDK] WebSocket closed, reconnecting (1/3)...
[16:39:57.410] [Global WebSocket] Suppressed error to prevent crash: Unexpected server response: 404
[16:39:57.410] [PAI SDK] WebSocket closed, reconnecting (1/3)...
[16:40:07.603] [Global WebSocket] Suppressed error to prevent crash: Unexpected server response: 404
[16:40:07.603] [PAI SDK] WebSocket closed, reconnecting (1/3)...
[16:40:17.799] [Global WebSocket] Suppressed error to prevent crash: Unexpected server response: 404
[16:40:17.799] [PAI SDK] WebSocket closed, reconnecting (1/3)...
[16:40:27.997] [Global WebSocket] Suppressed error to prevent crash: Unexpected server response: 404
[16:40:27.998] [PAI SDK] WebSocket closed, reconnecting (1/3)...
[16:40:38.190] [Global WebSocket] Suppressed error to prevent crash: Unexpected server response: 404
[16:40:38.190] [PAI SDK] WebSocket closed, reconnecting (1/3)...
[16:40:48.373] [Global WebSocket] Suppressed error to prevent crash: Unexpected server response: 404
[16:40:48.374] [PAI SDK] WebSocket closed, reconnecting (1/3)...
[16:40:58.581] [Global WebSocket] Suppressed error to prevent crash: Unexpected server response: 404
[16:40:58.582] [PAI SDK] WebSocket closed, reconnecting (1/3)...
[16:41:08.774] [Global WebSocket] Suppressed error to prevent crash: Unexpected server response: 404
[16:41:08.774] [PAI SDK] WebSocket closed, reconnecting (1/3)...
[16:41:18.961] [Global WebSocket] Suppressed error to prevent crash: Unexpected server response: 404
[16:41:18.962] [PAI SDK] WebSocket closed, reconnecting (1/3)...
[16:41:29.155] [Global WebSocket] Suppressed error to prevent crash: Unexpected server response: 404
[16:41:29.156] [PAI SDK] WebSocket closed, reconnecting (1/3)...
[16:41:39.345] [Global WebSocket] Suppressed error to prevent crash: Unexpected server response: 404
[16:41:39.346] [PAI SDK] WebSocket closed, reconnecting (1/3)...
[16:41:49.540] [Global WebSocket] Suppressed error to prevent crash: Unexpected server response: 404
[16:41:49.541] [PAI SDK] WebSocket closed, reconnecting (1/3)...
[16:41:59.732] [Global WebSocket] Suppressed error to prevent crash: Unexpected server response: 404
[16:41:59.733] [PAI SDK] WebSocket closed, reconnecting (1/3)...
[16:42:09.939] [Global WebSocket] Suppressed error to prevent crash: Unexpected server response: 404
[16:42:09.939] [PAI SDK] WebSocket closed, reconnecting (1/3)...
[16:42:20.139] [Global WebSocket] Suppressed error to prevent crash: Unexpected server response: 404
[16:42:20.139] [PAI SDK] WebSocket closed, reconnecting (1/3)...
[16:42:30.337] [Global WebSocket] Suppressed error to prevent crash: Unexpected server response: 404
[16:42:30.338] [PAI SDK] WebSocket closed, reconnecting (1/3)...
[16:42:40.527] [Global WebSocket] Suppressed error to prevent crash: Unexpected server response: 404
[16:42:40.528] [PAI SDK] WebSocket closed, reconnecting (1/3)...
[16:42:50.712] [Global WebSocket] Suppressed error to prevent crash: Unexpected server response: 404
[16:42:50.713] [PAI SDK] WebSocket closed, reconnecting (1/3)...
[16:43:00.914] [Global WebSocket] Suppressed error to prevent crash: Unexpected server response: 404
[16:43:00.914] [PAI SDK] WebSocket closed, reconnecting (1/3)...
[16:43:11.128] [Global WebSocket] Suppressed error to prevent crash: Unexpected server response: 404
[16:43:11.128] [PAI SDK] WebSocket closed, reconnecting (1/3)...
[16:43:21.312] [Global WebSocket] Suppressed error to prevent crash: Unexpected server response: 404
[16:43:21.313] [PAI SDK] WebSocket closed, reconnecting (1/3)...
[16:43:31.506] [Global WebSocket] Suppressed error to prevent crash: Unexpected server response: 404
[16:43:31.507] [PAI SDK] WebSocket closed, reconnecting (1/3)...
[16:43:41.692] [Global WebSocket] Suppressed error to prevent crash: Unexpected server response: 404
[16:43:41.693] [PAI SDK] WebSocket closed, reconnecting (1/3)...
[16:43:51.897] [Global WebSocket] Suppressed error to prevent crash: Unexpected server response: 404
[16:43:51.898] [PAI SDK] WebSocket closed, reconnecting (1/3)...
[16:44:02.104] [Global WebSocket] Suppressed error to prevent crash: Unexpected server response: 404
[16:44:02.105] [PAI SDK] WebSocket closed, reconnecting (1/3)...
[16:44:12.303] [Global WebSocket] Suppressed error to prevent crash: Unexpected server response: 404
[16:44:12.304] [PAI SDK] WebSocket closed, reconnecting (1/3)...
[16:44:22.490] [Global WebSocket] Suppressed error to prevent crash: Unexpected server response: 404
[16:44:22.490] [PAI SDK] WebSocket closed, reconnecting (1/3)...
[16:44:32.693] [Global WebSocket] Suppressed error to prevent crash: Unexpected server response: 404
[16:44:32.693] [PAI SDK] WebSocket closed, reconnecting (1/3)...
[16:44:42.883] [Global WebSocket] Suppressed error to prevent crash: Unexpected server response: 404
[16:44:42.883] [PAI SDK] WebSocket closed, reconnecting (1/3)...
[16:44:53.074] [Global WebSocket] Suppressed error to prevent crash: Unexpected server response: 404
[16:44:53.075] [PAI SDK] WebSocket closed, reconnecting (1/3)...
[16:45:03.277] [Global WebSocket] Suppressed error to prevent crash: Unexpected server response: 404
[16:45:03.278] [PAI SDK] WebSocket closed, reconnecting (1/3)...
[16:45:13.475] [Global WebSocket] Suppressed error to prevent crash: Unexpected server response: 404
[16:45:13.476] [PAI SDK] WebSocket closed, reconnecting (1/3)...
[16:45:23.670] [Global WebSocket] Suppressed error to prevent crash: Unexpected server response: 404
[16:45:23.671] [PAI SDK] WebSocket closed, reconnecting (1/3)...
[16:45:33.874] [Global WebSocket] Suppressed error to prevent crash: Unexpected server response: 404
[16:45:33.875] [PAI SDK] WebSocket closed, reconnecting (1/3)...
[16:45:44.060] [Global WebSocket] Suppressed error to prevent crash: Unexpected server response: 404
[16:45:44.061] [PAI SDK] WebSocket closed, reconnecting (1/3)...
[16:45:54.255] [Global WebSocket] Suppressed error to prevent crash: Unexpected server response: 404
[16:45:54.255] [PAI SDK] WebSocket closed, reconnecting (1/3)...
[16:46:04.461] [Global WebSocket] Suppressed error to prevent crash: Unexpected server response: 404
[16:46:04.462] [PAI SDK] WebSocket closed, reconnecting (1/3)...
[16:46:14.819] [Global WebSocket] Suppressed error to prevent crash: Unexpected server response: 404
[16:46:14.819] [PAI SDK] WebSocket closed, reconnecting (1/3)...
[16:46:25.007] [Global WebSocket] Suppressed error to prevent crash: Unexpected server response: 404
[16:46:25.007] [PAI SDK] WebSocket closed, reconnecting (1/3)...
[16:46:35.290] [Global WebSocket] Suppressed error to prevent crash: Unexpected server response: 404
[16:46:35.291] [PAI SDK] WebSocket closed, reconnecting (1/3)...
[16:46:45.476] [Global WebSocket] Suppressed error to prevent crash: Unexpected server response: 404
[16:46:45.476] [PAI SDK] WebSocket closed, reconnecting (1/3)...
[16:46:55.808] [Global WebSocket] Suppressed error to prevent crash: Unexpected server response: 404
[16:46:55.809] [PAI SDK] WebSocket closed, reconnecting (1/3)...
[16:47:06.015] [Global WebSocket] Suppressed error to prevent crash: Unexpected server response: 404
[16:47:06.016] [PAI SDK] WebSocket closed, reconnecting (1/3)...
[16:47:16.303] [Global WebSocket] Suppressed error to prevent crash: Unexpected server response: 404
[16:47:16.304] [PAI SDK] WebSocket closed, reconnecting (1/3)...
[16:47:26.494] [Global WebSocket] Suppressed error to prevent crash: Unexpected server response: 404
[16:47:26.495] [PAI SDK] WebSocket closed, reconnecting (1/3)...
[16:47:36.754] [Global WebSocket] Suppressed error to prevent crash: Unexpected server response: 404
[16:47:36.755] [PAI SDK] WebSocket closed, reconnecting (1/3)...
[16:47:46.949] [Global WebSocket] Suppressed error to prevent crash: Unexpected server response: 404
[16:47:46.949] [PAI SDK] WebSocket closed, reconnecting (1/3)...
[16:47:57.239] [Global WebSocket] Suppressed error to prevent crash: Unexpected server response: 404
[16:47:57.240] [PAI SDK] WebSocket closed, reconnecting (1/3)...
[16:48:07.417] [Global WebSocket] Suppressed error to prevent crash: Unexpected server response: 404
[16:48:07.417] [PAI SDK] WebSocket closed, reconnecting (1/3)...
[16:48:17.615] [Global WebSocket] Suppressed error to prevent crash: Unexpected server response: 404
[16:48:17.616] [PAI SDK] WebSocket closed, reconnecting (1/3)...
[16:48:27.820] [Global WebSocket] Suppressed error to prevent crash: Unexpected server response: 404
[16:48:27.821] [PAI SDK] WebSocket closed, reconnecting (1/3)...
[16:48:38.012] [Global WebSocket] Suppressed error to prevent crash: Unexpected server response: 404
[16:48:38.013] [PAI SDK] WebSocket closed, reconnecting (1/3)...
[16:48:48.227] [Global WebSocket] Suppressed error to prevent crash: Unexpected server response: 404
[16:48:48.228] [PAI SDK] WebSocket closed, reconnecting (1/3)...
[16:48:58.424] [Global WebSocket] Suppressed error to prevent crash: Unexpected server response: 404
[16:48:58.424] [PAI SDK] WebSocket closed, reconnecting (1/3)...
[16:49:08.615] [Global WebSocket] Suppressed error to prevent crash: Unexpected server response: 404
[16:49:08.616] [PAI SDK] WebSocket closed, reconnecting (1/3)...
[16:49:18.813] [Global WebSocket] Suppressed error to prevent crash: Unexpected server response: 404
[16:49:18.814] [PAI SDK] WebSocket closed, reconnecting (1/3)...
[16:49:29.015] [Global WebSocket] Suppressed error to prevent crash: Unexpected server response: 404
[16:49:29.016] [PAI SDK] WebSocket closed, reconnecting (1/3)...
[16:49:39.268] [Global WebSocket] Suppressed error to prevent crash: Unexpected server response: 404
[16:49:39.268] [PAI SDK] WebSocket closed, reconnecting (1/3)...
[16:49:49.476] [Global WebSocket] Suppressed error to prevent crash: Unexpected server response: 404
[16:49:49.476] [PAI SDK] WebSocket closed, reconnecting (1/3)...
[16:49:59.651] [Global WebSocket] Suppressed error to prevent crash: Unexpected server response: 404
[16:49:59.652] [PAI SDK] WebSocket closed, reconnecting (1/3)...
[16:50:09.838] [Global WebSocket] Suppressed error to prevent crash: Unexpected server response: 404
[16:50:09.839] [PAI SDK] WebSocket closed, reconnecting (1/3)...
[16:50:20.023] [Global WebSocket] Suppressed error to prevent crash: Unexpected server response: 404
[16:50:20.024] [PAI SDK] WebSocket closed, reconnecting (1/3)...
[16:50:30.218] [Global WebSocket] Suppressed error to prevent crash: Unexpected server response: 404
[16:50:30.218] [PAI SDK] WebSocket closed, reconnecting (1/3)...
[16:50:40.413] [Global WebSocket] Suppressed error to prevent crash: Unexpected server response: 404
[16:50:40.414] [PAI SDK] WebSocket closed, reconnecting (1/3)...
[16:50:50.585] [Global WebSocket] Suppressed error to prevent crash: Unexpected server response: 404
[16:50:50.585] [PAI SDK] WebSocket closed, reconnecting (1/3)...
[16:51:00.777] [Global WebSocket] Suppressed error to prevent crash: Unexpected server response: 404
[16:51:00.778] [PAI SDK] WebSocket closed, reconnecting (1/3)...
[16:51:10.972] [Global WebSocket] Suppressed error to prevent crash: Unexpected server response: 404
[16:51:10.973] [PAI SDK] WebSocket closed, reconnecting (1/3)...
[16:51:21.173] [Global WebSocket] Suppressed error to prevent crash: Unexpected server response: 404
[16:51:21.174] [PAI SDK] WebSocket closed, reconnecting (1/3)...
[16:51:31.363] [Global WebSocket] Suppressed error to prevent crash: Unexpected server response: 404
[16:51:31.363] [PAI SDK] WebSocket closed, reconnecting (1/3)...
[16:51:41.552] [Global WebSocket] Suppressed error to prevent crash: Unexpected server response: 404
[16:51:41.553] [PAI SDK] WebSocket closed, reconnecting (1/3)...
[16:51:51.732] [Global WebSocket] Suppressed error to prevent crash: Unexpected server response: 404
[16:51:51.733] [PAI SDK] WebSocket closed, reconnecting (1/3)...
[16:52:01.922] [Global WebSocket] Suppressed error to prevent crash: Unexpected server response: 404
[16:52:01.922] [PAI SDK] WebSocket closed, reconnecting (1/3)...
[16:52:12.108] [Global WebSocket] Suppressed error to prevent crash: Unexpected server response: 404
[16:52:12.108] [PAI SDK] WebSocket closed, reconnecting (1/3)...
[16:52:22.334] [Global WebSocket] Suppressed error to prevent crash: Unexpected server response: 404
[16:52:22.334] [PAI SDK] WebSocket closed, reconnecting (1/3)...
[16:52:32.531] [Global WebSocket] Suppressed error to prevent crash: Unexpected server response: 404
[16:52:32.532] [PAI SDK] WebSocket closed, reconnecting (1/3)...
[16:52:42.734] [Global WebSocket] Suppressed error to prevent crash: Unexpected server response: 404
[16:52:42.734] [PAI SDK] WebSocket closed, reconnecting (1/3)...
[16:52:52.935] [Global WebSocket] Suppressed error to prevent crash: Unexpected server response: 404
[16:52:52.935] [PAI SDK] WebSocket closed, reconnecting (1/3)...
[16:53:03.126] [Global WebSocket] Suppressed error to prevent crash: Unexpected server response: 404
[16:53:03.127] [PAI SDK] WebSocket closed, reconnecting (1/3)...
[16:53:13.318] [Global WebSocket] Suppressed error to prevent crash: Unexpected server response: 404
[16:53:13.318] [PAI SDK] WebSocket closed, reconnecting (1/3)...
[16:53:23.522] [Global WebSocket] Suppressed error to prevent crash: Unexpected server response: 404
[16:53:23.523] [PAI SDK] WebSocket closed, reconnecting (1/3)...
[16:53:33.724] [Global WebSocket] Suppressed error to prevent crash: Unexpected server response: 404
[16:53:33.724] [PAI SDK] WebSocket closed, reconnecting (1/3)...
[16:53:43.907] [Global WebSocket] Suppressed error to prevent crash: Unexpected server response: 404
[16:53:43.908] [PAI SDK] WebSocket closed, reconnecting (1/3)...
[16:53:54.100] [Global WebSocket] Suppressed error to prevent crash: Unexpected server response: 404
[16:53:54.100] [PAI SDK] WebSocket closed, reconnecting (1/3)...
[16:54:04.302] [Global WebSocket] Suppressed error to prevent crash: Unexpected server response: 404
[16:54:04.303] [PAI SDK] WebSocket closed, reconnecting (1/3)...
[16:54:14.479] [Global WebSocket] Suppressed error to prevent crash: Unexpected server response: 404
[16:54:14.480] [PAI SDK] WebSocket closed, reconnecting (1/3)...
[16:54:24.677] [Global WebSocket] Suppressed error to prevent crash: Unexpected server response: 404
[16:54:24.677] [PAI SDK] WebSocket closed, reconnecting (1/3)...
[16:54:34.872] [Global WebSocket] Suppressed error to prevent crash: Unexpected server response: 404
[16:54:34.872] [PAI SDK] WebSocket closed, reconnecting (1/3)...
[16:54:45.074] [Global WebSocket] Suppressed error to prevent crash: Unexpected server response: 404
[16:54:45.075] [PAI SDK] WebSocket closed, reconnecting (1/3)...
[16:54:55.261] [Global WebSocket] Suppressed error to prevent crash: Unexpected server response: 404
[16:54:55.262] [PAI SDK] WebSocket closed, reconnecting (1/3)...
[16:55:05.448] [Global WebSocket] Suppressed error to prevent crash: Unexpected server response: 404
[16:55:05.449] [PAI SDK] WebSocket closed, reconnecting (1/3)...
[16:55:15.630] [Global WebSocket] Suppressed error to prevent crash: Unexpected server response: 404
[16:55:15.631] [PAI SDK] WebSocket closed, reconnecting (1/3)...
[16:55:25.814] [Global WebSocket] Suppressed error to prevent crash: Unexpected server response: 404
[16:55:25.814] [PAI SDK] WebSocket closed, reconnecting (1/3)...
[16:55:36.017] [Global WebSocket] Suppressed error to prevent crash: Unexpected server response: 404
[16:55:36.018] [PAI SDK] WebSocket closed, reconnecting (1/3)...
[16:55:46.213] [Global WebSocket] Suppressed error to prevent crash: Unexpected server response: 404
[16:55:46.214] [PAI SDK] WebSocket closed, reconnecting (1/3)...
[16:55:56.403] [Global WebSocket] Suppressed error to prevent crash: Unexpected server response: 404
[16:55:56.404] [PAI SDK] WebSocket closed, reconnecting (1/3)...
[16:56:06.586] [Global WebSocket] Suppressed error to prevent crash: Unexpected server response: 404
[16:56:06.587] [PAI SDK] WebSocket closed, reconnecting (1/3)...
[16:56:16.772] [Global WebSocket] Suppressed error to prevent crash: Unexpected server response: 404
[16:56:16.773] [PAI SDK] WebSocket closed, reconnecting (1/3)...
[16:56:26.970] [Global WebSocket] Suppressed error to prevent crash: Unexpected server response: 404
[16:56:26.971] [PAI SDK] WebSocket closed, reconnecting (1/3)...
[16:56:37.170] [Global WebSocket] Suppressed error to prevent crash: Unexpected server response: 404
[16:56:37.171] [PAI SDK] WebSocket closed, reconnecting (1/3)...
[16:56:47.354] [Global WebSocket] Suppressed error to prevent crash: Unexpected server response: 404
[16:56:47.354] [PAI SDK] WebSocket closed, reconnecting (1/3)...
[16:56:57.556] [Global WebSocket] Suppressed error to prevent crash: Unexpected server response: 404
[16:56:57.557] [PAI SDK] WebSocket closed, reconnecting (1/3)...
[16:57:07.740] [Global WebSocket] Suppressed error to prevent crash: Unexpected server response: 404
[16:57:07.740] [PAI SDK] WebSocket closed, reconnecting (1/3)...
[16:57:17.941] [Global WebSocket] Suppressed error to prevent crash: Unexpected server response: 404
[16:57:17.941] [PAI SDK] WebSocket closed, reconnecting (1/3)...
[16:57:28.145] [Global WebSocket] Suppressed error to prevent crash: Unexpected server response: 404
[16:57:28.146] [PAI SDK] WebSocket closed, reconnecting (1/3)...
[16:57:38.342] [Global WebSocket] Suppressed error to prevent crash: Unexpected server response: 404
[16:57:38.342] [PAI SDK] WebSocket closed, reconnecting (1/3)...
[16:57:48.546] [Global WebSocket] Suppressed error to prevent crash: Unexpected server response: 404
[16:57:48.547] [PAI SDK] WebSocket closed, reconnecting (1/3)...
[16:57:58.752] [Global WebSocket] Suppressed error to prevent crash: Unexpected server response: 404
[16:57:58.752] [PAI SDK] WebSocket closed, reconnecting (1/3)...
[16:58:08.936] [Global WebSocket] Suppressed error to prevent crash: Unexpected server response: 404
[16:58:08.936] [PAI SDK] WebSocket closed, reconnecting (1/3)...
[16:58:19.195] [Global WebSocket] Suppressed error to prevent crash: Unexpected server response: 404
[16:58:19.196] [PAI SDK] WebSocket closed, reconnecting (1/3)...
[16:58:29.391] [Global WebSocket] Suppressed error to prevent crash: Unexpected server response: 404
[16:58:29.391] [PAI SDK] WebSocket closed, reconnecting (1/3)...
[16:58:39.597] [Global WebSocket] Suppressed error to prevent crash: Unexpected server response: 404
[16:58:39.597] [PAI SDK] WebSocket closed, reconnecting (1/3)...
[16:58:49.794] [Global WebSocket] Suppressed error to prevent crash: Unexpected server response: 404
[16:58:49.794] [PAI SDK] WebSocket closed, reconnecting (1/3)...
[16:59:00.050] [Global WebSocket] Suppressed error to prevent crash: Unexpected server response: 404
[16:59:00.051] [PAI SDK] WebSocket closed, reconnecting (1/3)...
[16:59:10.253] [Global WebSocket] Suppressed error to prevent crash: Unexpected server response: 404
[16:59:10.254] [PAI SDK] WebSocket closed, reconnecting (1/3)...
[16:59:20.608] [Global WebSocket] Suppressed error to prevent crash: Unexpected server response: 404
[16:59:20.609] [PAI SDK] WebSocket closed, reconnecting (1/3)...
[16:59:30.807] [Global WebSocket] Suppressed error to prevent crash: Unexpected server response: 404
[16:59:30.807] [PAI SDK] WebSocket closed, reconnecting (1/3)...
[16:59:41.089] [Global WebSocket] Suppressed error to prevent crash: Unexpected server response: 404
[16:59:41.089] [PAI SDK] WebSocket closed, reconnecting (1/3)...
[16:59:51.277] [Global WebSocket] Suppressed error to prevent crash: Unexpected server response: 404
[16:59:51.277] [PAI SDK] WebSocket closed, reconnecting (1/3)...
[17:00:01.609] [Global WebSocket] Suppressed error to prevent crash: Unexpected server response: 404
[17:00:01.611] [PAI SDK] WebSocket closed, reconnecting (1/3)...
[17:00:11.803] [Global WebSocket] Suppressed error to prevent crash: Unexpected server response: 404
[17:00:11.803] [PAI SDK] WebSocket closed, reconnecting (1/3)...
[17:00:22.109] [Global WebSocket] Suppressed error to prevent crash: Unexpected server response: 404
[17:00:22.110] [PAI SDK] WebSocket closed, reconnecting (1/3)...
[17:00:32.304] [Global WebSocket] Suppressed error to prevent crash: Unexpected server response: 404
[17:00:32.304] [PAI SDK] WebSocket closed, reconnecting (1/3)...
[17:00:42.584] [Global WebSocket] Suppressed error to prevent crash: Unexpected server response: 404
[17:00:42.584] [PAI SDK] WebSocket closed, reconnecting (1/3)...
[17:00:52.770] [Global WebSocket] Suppressed error to prevent crash: Unexpected server response: 404
[17:00:52.771] [PAI SDK] WebSocket closed, reconnecting (1/3)...
[17:01:03.046] [Global WebSocket] Suppressed error to prevent crash: Unexpected server response: 404
[17:01:03.046] [PAI SDK] WebSocket closed, reconnecting (1/3)...
[17:01:13.234] [Global WebSocket] Suppressed error to prevent crash: Unexpected server response: 404
[17:01:13.234] [PAI SDK] WebSocket closed, reconnecting (1/3)...
[17:01:23.532] [Global WebSocket] Suppressed error to prevent crash: Unexpected server response: 404
[17:01:23.532] [PAI SDK] WebSocket closed, reconnecting (1/3)...
[17:01:33.739] [Global WebSocket] Suppressed error to prevent crash: Unexpected server response: 404
[17:01:33.739] [PAI SDK] WebSocket closed, reconnecting (1/3)...
[17:01:44.003] [Global WebSocket] Suppressed error to prevent crash: Unexpected server response: 404
[17:01:44.003] [PAI SDK] WebSocket closed, reconnecting (1/3)...
[17:01:54.184] [Global WebSocket] Suppressed error to prevent crash: Unexpected server response: 404
[17:01:54.184] [PAI SDK] WebSocket closed, reconnecting (1/3)...
[17:02:04.482] [Global WebSocket] Suppressed error to prevent crash: Unexpected server response: 404
[17:02:04.483] [PAI SDK] WebSocket closed, reconnecting (1/3)...
[17:02:14.679] [Global WebSocket] Suppressed error to prevent crash: Unexpected server response: 404
[17:02:14.680] [PAI SDK] WebSocket closed, reconnecting (1/3)...
[17:02:24.866] [Global WebSocket] Suppressed error to prevent crash: Unexpected server response: 404
[17:02:24.867] [PAI SDK] WebSocket closed, reconnecting (1/3)...
[17:02:35.048] [Global WebSocket] Suppressed error to prevent crash: Unexpected server response: 404
[17:02:35.049] [PAI SDK] WebSocket closed, reconnecting (1/3)...
[17:02:45.248] [Global WebSocket] Suppressed error to prevent crash: Unexpected server response: 404
[17:02:45.249] [PAI SDK] WebSocket closed, reconnecting (1/3)...
[17:02:55.485] [Global WebSocket] Suppressed error to prevent crash: Unexpected server response: 404
[17:02:55.486] [PAI SDK] WebSocket closed, reconnecting (1/3)...
[17:03:05.710] [Global WebSocket] Suppressed error to prevent crash: Unexpected server response: 404
[17:03:05.711] [PAI SDK] WebSocket closed, reconnecting (1/3)...
[17:03:15.918] [Global WebSocket] Suppressed error to prevent crash: Unexpected server response: 404
[17:03:15.918] [PAI SDK] WebSocket closed, reconnecting (1/3)...
[17:03:26.150] [Global WebSocket] Suppressed error to prevent crash: Unexpected server response: 404
[17:03:26.150] [PAI SDK] WebSocket closed, reconnecting (1/3)...
[17:03:36.358] [Global WebSocket] Suppressed error to prevent crash: Unexpected server response: 404
[17:03:36.359] [PAI SDK] WebSocket closed, reconnecting (1/3)...
[17:03:46.633] [Global WebSocket] Suppressed error to prevent crash: Unexpected server response: 404
[17:03:46.633] [PAI SDK] WebSocket closed, reconnecting (1/3)...
[17:03:56.829] [Global WebSocket] Suppressed error to prevent crash: Unexpected server response: 404
[17:03:56.830] [PAI SDK] WebSocket closed, reconnecting (1/3)...
[17:04:07.146] [Global WebSocket] Suppressed error to prevent crash: Unexpected server response: 404
[17:04:07.147] [PAI SDK] WebSocket closed, reconnecting (1/3)...
[17:04:17.337] [Global WebSocket] Suppressed error to prevent crash: Unexpected server response: 404
[17:04:17.337] [PAI SDK] WebSocket closed, reconnecting (1/3)...
[17:04:27.786] [Global WebSocket] Suppressed error to prevent crash: Unexpected server response: 404
[17:04:27.787] [PAI SDK] WebSocket closed, reconnecting (1/3)...
[17:04:37.980] [Global WebSocket] Suppressed error to prevent crash: Unexpected server response: 404
[17:04:37.981] [PAI SDK] WebSocket closed, reconnecting (1/3)...
[17:04:48.258] [Global WebSocket] Suppressed error to prevent crash: Unexpected server response: 404
[17:04:48.259] [PAI SDK] WebSocket closed, reconnecting (1/3)...
[17:04:58.445] [Global WebSocket] Suppressed error to prevent crash: Unexpected server response: 404
[17:04:58.446] [PAI SDK] WebSocket closed, reconnecting (1/3)...
[17:05:08.727] [Global WebSocket] Suppressed error to prevent crash: Unexpected server response: 404
[17:05:08.728] [PAI SDK] WebSocket closed, reconnecting (1/3)...
[17:05:18.920] [Global WebSocket] Suppressed error to prevent crash: Unexpected server response: 404
[17:05:18.920] [PAI SDK] WebSocket closed, reconnecting (1/3)...
[17:05:29.203] [Global WebSocket] Suppressed error to prevent crash: Unexpected server response: 404
[17:05:29.204] [PAI SDK] WebSocket closed, reconnecting (1/3)...
[17:05:39.411] [Global WebSocket] Suppressed error to prevent crash: Unexpected server response: 404
[17:05:39.412] [PAI SDK] WebSocket closed, reconnecting (1/3)...
[17:05:49.706] [Global WebSocket] Suppressed error to prevent crash: Unexpected server response: 404
[17:05:49.706] [PAI SDK] WebSocket closed, reconnecting (1/3)...
[17:05:59.907] [Global WebSocket] Suppressed error to prevent crash: Unexpected server response: 404
[17:05:59.908] [PAI SDK] WebSocket closed, reconnecting (1/3)...
[17:06:10.232] [Global WebSocket] Suppressed error to prevent crash: Unexpected server response: 404
[17:06:10.233] [PAI SDK] WebSocket closed, reconnecting (1/3)...
[17:06:20.420] [Global WebSocket] Suppressed error to prevent crash: Unexpected server response: 404
[17:06:20.421] [PAI SDK] WebSocket closed, reconnecting (1/3)...
[17:06:30.687] [Global WebSocket] Suppressed error to prevent crash: Unexpected server response: 404
[17:06:30.688] [PAI SDK] WebSocket closed, reconnecting (1/3)...
[17:06:40.890] [Global WebSocket] Suppressed error to prevent crash: Unexpected server response: 404
[17:06:40.891] [PAI SDK] WebSocket closed, reconnecting (1/3)...
[17:06:51.220] [Global WebSocket] Suppressed error to prevent crash: Unexpected server response: 404
[17:06:51.220] [PAI SDK] WebSocket closed, reconnecting (1/3)...
[17:07:01.414] [Global WebSocket] Suppressed error to prevent crash: Unexpected server response: 404
[17:07:01.414] [PAI SDK] WebSocket closed, reconnecting (1/3)...
[17:07:11.696] [Global WebSocket] Suppressed error to prevent crash: Unexpected server response: 404
[17:07:11.696] [PAI SDK] WebSocket closed, reconnecting (1/3)...
[17:07:21.874] [Global WebSocket] Suppressed error to prevent crash: Unexpected server response: 404
[17:07:21.875] [PAI SDK] WebSocket closed, reconnecting (1/3)...
[17:07:32.202] [Global WebSocket] Suppressed error to prevent crash: Unexpected server response: 404
[17:07:32.203] [PAI SDK] WebSocket closed, reconnecting (1/3)...
[17:07:42.397] [Global WebSocket] Suppressed error to prevent crash: Unexpected server response: 404
[17:07:42.398] [PAI SDK] WebSocket closed, reconnecting (1/3)...
[17:07:52.678] [Global WebSocket] Suppressed error to prevent crash: Unexpected server response: 404
[17:07:52.679] [PAI SDK] WebSocket closed, reconnecting (1/3)...
[17:08:02.861] [Global WebSocket] Suppressed error to prevent crash: Unexpected server response: 404
[17:08:02.862] [PAI SDK] WebSocket closed, reconnecting (1/3)...
[17:08:13.187] [Global WebSocket] Suppressed error to prevent crash: Unexpected server response: 404
[17:08:13.187] [PAI SDK] WebSocket closed, reconnecting (1/3)...
[17:08:23.388] [Global WebSocket] Suppressed error to prevent crash: Unexpected server response: 404
[17:08:23.389] [PAI SDK] WebSocket closed, reconnecting (1/3)...
[17:08:33.596] [Global WebSocket] Suppressed error to prevent crash: Unexpected server response: 404
[17:08:33.596] [PAI SDK] WebSocket closed, reconnecting (1/3)...
[17:08:43.795] [Global WebSocket] Suppressed error to prevent crash: Unexpected server response: 404
[17:08:43.795] [PAI SDK] WebSocket closed, reconnecting (1/3)...
[17:08:54.001] [Global WebSocket] Suppressed error to prevent crash: Unexpected server response: 404
[17:08:54.001] [PAI SDK] WebSocket closed, reconnecting (1/3)...
[17:09:04.185] [Global WebSocket] Suppressed error to prevent crash: Unexpected server response: 404
[17:09:04.186] [PAI SDK] WebSocket closed, reconnecting (1/3)...
[17:09:14.369] [Global WebSocket] Suppressed error to prevent crash: Unexpected server response: 404
[17:09:14.370] [PAI SDK] WebSocket closed, reconnecting (1/3)...
[17:09:24.570] [Global WebSocket] Suppressed error to prevent crash: Unexpected server response: 404
[17:09:24.570] [PAI SDK] WebSocket closed, reconnecting (1/3)...
[17:09:34.763] [Global WebSocket] Suppressed error to prevent crash: Unexpected server response: 404
[17:09:34.763] [PAI SDK] WebSocket closed, reconnecting (1/3)...
[17:09:44.963] [Global WebSocket] Suppressed error to prevent crash: Unexpected server response: 404
[17:09:44.963] [PAI SDK] WebSocket closed, reconnecting (1/3)...
[17:09:55.170] [Global WebSocket] Suppressed error to prevent crash: Unexpected server response: 404
[17:09:55.171] [PAI SDK] WebSocket closed, reconnecting (1/3)...
[17:10:05.350] [Global WebSocket] Suppressed error to prevent crash: Unexpected server response: 404
[17:10:05.351] [PAI SDK] WebSocket closed, reconnecting (1/3)...
[17:10:15.543] [Global WebSocket] Suppressed error to prevent crash: Unexpected server response: 404
[17:10:15.543] [PAI SDK] WebSocket closed, reconnecting (1/3)...
[17:10:25.740] [Global WebSocket] Suppressed error to prevent crash: Unexpected server response: 404
[17:10:25.740] [PAI SDK] WebSocket closed, reconnecting (1/3)...
[17:10:35.939] [Global WebSocket] Suppressed error to prevent crash: Unexpected server response: 404
[17:10:35.940] [PAI SDK] WebSocket closed, reconnecting (1/3)...
[17:10:46.133] [Global WebSocket] Suppressed error to prevent crash: Unexpected server response: 404
[17:10:46.134] [PAI SDK] WebSocket closed, reconnecting (1/3)...
[17:10:56.349] [Global WebSocket] Suppressed error to prevent crash: Unexpected server response: 404
[17:10:56.350] [PAI SDK] WebSocket closed, reconnecting (1/3)...
[17:11:06.715] [Global WebSocket] Suppressed error to prevent crash: Unexpected server response: 404
[17:11:06.715] [PAI SDK] WebSocket closed, reconnecting (1/3)...
[17:11:16.911] [Global WebSocket] Suppressed error to prevent crash: Unexpected server response: 404
[17:11:16.912] [PAI SDK] WebSocket closed, reconnecting (1/3)...
[17:11:27.119] [Global WebSocket] Suppressed error to prevent crash: Unexpected server response: 404
[17:11:27.120] [PAI SDK] WebSocket closed, reconnecting (1/3)...
[17:11:37.309] [Global WebSocket] Suppressed error to prevent crash: Unexpected server response: 404
[17:11:37.309] [PAI SDK] WebSocket closed, reconnecting (1/3)...
[17:11:47.517] [Global WebSocket] Suppressed error to prevent crash: Unexpected server response: 404
[17:11:47.517] [PAI SDK] WebSocket closed, reconnecting (1/3)...
[17:11:57.705] [Global WebSocket] Suppressed error to prevent crash: Unexpected server response: 404
[17:11:57.705] [PAI SDK] WebSocket closed, reconnecting (1/3)...
[17:12:07.944] [Global WebSocket] Suppressed error to prevent crash: Unexpected server response: 404
[17:12:07.944] [PAI SDK] WebSocket closed, reconnecting (1/3)...
[17:12:18.144] [Global WebSocket] Suppressed error to prevent crash: Unexpected server response: 404
[17:12:18.144] [PAI SDK] WebSocket closed, reconnecting (1/3)...
[17:12:28.364] [Global WebSocket] Suppressed error to prevent crash: Unexpected server response: 404
[17:12:28.364] [PAI SDK] WebSocket closed, reconnecting (1/3)...
[17:12:38.555] [Global WebSocket] Suppressed error to prevent crash: Unexpected server response: 404
[17:12:38.556] [PAI SDK] WebSocket closed, reconnecting (1/3)...
[17:12:48.869] [Global WebSocket] Suppressed error to prevent crash: Unexpected server response: 404
[17:12:48.869] [PAI SDK] WebSocket closed, reconnecting (1/3)...
[17:12:59.072] [Global WebSocket] Suppressed error to prevent crash: Unexpected server response: 404
[17:12:59.073] [PAI SDK] WebSocket closed, reconnecting (1/3)...
[17:13:09.350] [Global WebSocket] Suppressed error to prevent crash: Unexpected server response: 404
[17:13:09.350] [PAI SDK] WebSocket closed, reconnecting (1/3)...
[17:13:19.555] [Global WebSocket] Suppressed error to prevent crash: Unexpected server response: 404
[17:13:19.556] [PAI SDK] WebSocket closed, reconnecting (1/3)...
[17:13:29.858] [Global WebSocket] Suppressed error to prevent crash: Unexpected server response: 404
[17:13:29.859] [PAI SDK] WebSocket closed, reconnecting (1/3)...
[17:13:40.101] [Global WebSocket] Suppressed error to prevent crash: Unexpected server response: 404
[17:13:40.101] [PAI SDK] WebSocket closed, reconnecting (1/3)...
[17:13:50.427] [Global WebSocket] Suppressed error to prevent crash: Unexpected server response: 404
[17:13:50.427] [PAI SDK] WebSocket closed, reconnecting (1/3)...
[17:14:00.634] [Global WebSocket] Suppressed error to prevent crash: Unexpected server response: 404
[17:14:00.635] [PAI SDK] WebSocket closed, reconnecting (1/3)...
[17:14:10.900] [Global WebSocket] Suppressed error to prevent crash: Unexpected server response: 404
[17:14:10.901] [PAI SDK] WebSocket closed, reconnecting (1/3)...
[17:14:21.105] [Global WebSocket] Suppressed error to prevent crash: Unexpected server response: 404
[17:14:21.106] [PAI SDK] WebSocket closed, reconnecting (1/3)...
[17:14:31.401] [Global WebSocket] Suppressed error to prevent crash: Unexpected server response: 404
[17:14:31.401] [PAI SDK] WebSocket closed, reconnecting (1/3)...
[17:14:41.603] [Global WebSocket] Suppressed error to prevent crash: Unexpected server response: 404
[17:14:41.604] [PAI SDK] WebSocket closed, reconnecting (1/3)...
[17:14:51.888] [Global WebSocket] Suppressed error to prevent crash: Unexpected server response: 404
[17:14:51.888] [PAI SDK] WebSocket closed, reconnecting (1/3)...
[17:15:02.095] [Global WebSocket] Suppressed error to prevent crash: Unexpected server response: 404
[17:15:02.095] [PAI SDK] WebSocket closed, reconnecting (1/3)...
[17:15:12.354] [Global WebSocket] Suppressed error to prevent crash: Unexpected server response: 404
[17:15:12.354] [PAI SDK] WebSocket closed, reconnecting (1/3)...
[17:15:22.543] [Global WebSocket] Suppressed error to prevent crash: Unexpected server response: 404
[17:15:22.543] [PAI SDK] WebSocket closed, reconnecting (1/3)...
[17:15:32.821] [Global WebSocket] Suppressed error to prevent crash: Unexpected server response: 404
[17:15:32.822] [PAI SDK] WebSocket closed, reconnecting (1/3)...
[17:15:43.002] [Global WebSocket] Suppressed error to prevent crash: Unexpected server response: 404
[17:15:43.002] [PAI SDK] WebSocket closed, reconnecting (1/3)...
[17:15:53.312] [Global WebSocket] Suppressed error to prevent crash: Unexpected server response: 404
[17:15:53.313] [PAI SDK] WebSocket closed, reconnecting (1/3)...
[17:16:03.495] [Global WebSocket] Suppressed error to prevent crash: Unexpected server response: 404
[17:16:03.495] [PAI SDK] WebSocket closed, reconnecting (1/3)...
[17:16:13.821] [Global WebSocket] Suppressed error to prevent crash: Unexpected server response: 404
[17:16:13.822] [PAI SDK] WebSocket closed, reconnecting (1/3)...
[17:16:24.024] [Global WebSocket] Suppressed error to prevent crash: Unexpected server response: 404
[17:16:24.024] [PAI SDK] WebSocket closed, reconnecting (1/3)...
[17:16:34.293] [Global WebSocket] Suppressed error to prevent crash: Unexpected server response: 404
[17:16:34.293] [PAI SDK] WebSocket closed, reconnecting (1/3)...
[17:16:44.497] [Global WebSocket] Suppressed error to prevent crash: Unexpected server response: 404
[17:16:44.497] [PAI SDK] WebSocket closed, reconnecting (1/3)...
[17:16:54.796] [Global WebSocket] Suppressed error to prevent crash: Unexpected server response: 404
[17:16:54.796] [PAI SDK] WebSocket closed, reconnecting (1/3)...
[17:17:05.003] [Global WebSocket] Suppressed error to prevent crash: Unexpected server response: 404
[17:17:05.004] [PAI SDK] WebSocket closed, reconnecting (1/3)...
[17:17:15.216] [Global WebSocket] Suppressed error to prevent crash: Unexpected server response: 404
[17:17:15.217] [PAI SDK] WebSocket closed, reconnecting (1/3)...
[17:17:25.402] [Global WebSocket] Suppressed error to prevent crash: Unexpected server response: 404
[17:17:25.403] [PAI SDK] WebSocket closed, reconnecting (1/3)...
[17:17:35.597] [Global WebSocket] Suppressed error to prevent crash: Unexpected server response: 404
[17:17:35.597] [PAI SDK] WebSocket closed, reconnecting (1/3)...
[17:17:45.781] [Global WebSocket] Suppressed error to prevent crash: Unexpected server response: 404
[17:17:45.782] [PAI SDK] WebSocket closed, reconnecting (1/3)...
[17:17:55.958] [Global WebSocket] Suppressed error to prevent crash: Unexpected server response: 404
[17:17:55.959] [PAI SDK] WebSocket closed, reconnecting (1/3)...
[17:18:06.144] [Global WebSocket] Suppressed error to prevent crash: Unexpected server response: 404
[17:18:06.145] [PAI SDK] WebSocket closed, reconnecting (1/3)...
[17:18:16.474] [Global WebSocket] Suppressed error to prevent crash: Unexpected server response: 404
[17:18:16.474] [PAI SDK] WebSocket closed, reconnecting (1/3)...
[17:18:26.656] [Global WebSocket] Suppressed error to prevent crash: Unexpected server response: 404
[17:18:26.656] [PAI SDK] WebSocket closed, reconnecting (1/3)...
[17:18:37.005] [Global WebSocket] Suppressed error to prevent crash: Unexpected server response: 404
[17:18:37.005] [PAI SDK] WebSocket closed, reconnecting (1/3)...
[17:18:47.204] [Global WebSocket] Suppressed error to prevent crash: Unexpected server response: 404
[17:18:47.204] [PAI SDK] WebSocket closed, reconnecting (1/3)...
[17:18:57.454] [Global WebSocket] Suppressed error to prevent crash: Unexpected server response: 404
[17:18:57.454] [PAI SDK] WebSocket closed, reconnecting (1/3)...
[17:19:07.630] [Global WebSocket] Suppressed error to prevent crash: Unexpected server response: 404
[17:19:07.630] [PAI SDK] WebSocket closed, reconnecting (1/3)...
[17:19:17.882] [Global WebSocket] Suppressed error to prevent crash: Unexpected server response: 404
[17:19:17.882] [PAI SDK] WebSocket closed, reconnecting (1/3)...
[17:19:28.072] [Global WebSocket] Suppressed error to prevent crash: Unexpected server response: 404
[17:19:28.073] [PAI SDK] WebSocket closed, reconnecting (1/3)...
[17:19:38.416] [Global WebSocket] Suppressed error to prevent crash: Unexpected server response: 404
[17:19:38.416] [PAI SDK] WebSocket closed, reconnecting (1/3)...
[17:19:48.619] [Global WebSocket] Suppressed error to prevent crash: Unexpected server response: 404
[17:19:48.620] [PAI SDK] WebSocket closed, reconnecting (1/3)...
[17:19:58.922] [Global WebSocket] Suppressed error to prevent crash: Unexpected server response: 404
[17:19:58.922] [PAI SDK] WebSocket closed, reconnecting (1/3)...
[17:20:09.098] [Global WebSocket] Suppressed error to prevent crash: Unexpected server response: 404
[17:20:09.098] [PAI SDK] WebSocket closed, reconnecting (1/3)...
[17:20:19.433] [Global WebSocket] Suppressed error to prevent crash: Unexpected server response: 404
[17:20:19.434] [PAI SDK] WebSocket closed, reconnecting (1/3)...
[17:20:29.643] [Global WebSocket] Suppressed error to prevent crash: Unexpected server response: 404
[17:20:29.644] [PAI SDK] WebSocket closed, reconnecting (1/3)...
[17:20:39.945] [Global WebSocket] Suppressed error to prevent crash: Unexpected server response: 404
[17:20:39.945] [PAI SDK] WebSocket closed, reconnecting (1/3)...
[17:20:50.140] [Global WebSocket] Suppressed error to prevent crash: Unexpected server response: 404
[17:20:50.140] [PAI SDK] WebSocket closed, reconnecting (1/3)...
[17:21:00.465] [Global WebSocket] Suppressed error to prevent crash: Unexpected server response: 404
[17:21:00.465] [PAI SDK] WebSocket closed, reconnecting (1/3)...
[17:21:10.654] [Global WebSocket] Suppressed error to prevent crash: Unexpected server response: 404
[17:21:10.654] [PAI SDK] WebSocket closed, reconnecting (1/3)...
[17:21:20.915] [Global WebSocket] Suppressed error to prevent crash: Unexpected server response: 404
[17:21:20.916] [PAI SDK] WebSocket closed, reconnecting (1/3)...
[17:21:31.107] [Global WebSocket] Suppressed error to prevent crash: Unexpected server response: 404
[17:21:31.108] [PAI SDK] WebSocket closed, reconnecting (1/3)...
[17:21:41.291] [Global WebSocket] Suppressed error to prevent crash: Unexpected server response: 404
[17:21:41.291] [PAI SDK] WebSocket closed, reconnecting (1/3)...
[17:21:51.485] [Global WebSocket] Suppressed error to prevent crash: Unexpected server response: 404
[17:21:51.486] [PAI SDK] WebSocket closed, reconnecting (1/3)...
[17:22:01.672] [Global WebSocket] Suppressed error to prevent crash: Unexpected server response: 404
[17:22:01.672] [PAI SDK] WebSocket closed, reconnecting (1/3)...
[17:22:11.859] [Global WebSocket] Suppressed error to prevent crash: Unexpected server response: 404
[17:22:11.859] [PAI SDK] WebSocket closed, reconnecting (1/3)...
[17:22:22.054] [Global WebSocket] Suppressed error to prevent crash: Unexpected server response: 404
[17:22:22.055] [PAI SDK] WebSocket closed, reconnecting (1/3)...
[17:22:32.248] [Global WebSocket] Suppressed error to prevent crash: Unexpected server response: 404
[17:22:32.249] [PAI SDK] WebSocket closed, reconnecting (1/3)...
[17:22:42.450] [Global WebSocket] Suppressed error to prevent crash: Unexpected server response: 404
[17:22:42.450] [PAI SDK] WebSocket closed, reconnecting (1/3)...
[17:22:52.638] [Global WebSocket] Suppressed error to prevent crash: Unexpected server response: 404
[17:22:52.639] [PAI SDK] WebSocket closed, reconnecting (1/3)...
[17:23:02.839] [Global WebSocket] Suppressed error to prevent crash: Unexpected server response: 404
[17:23:02.839] [PAI SDK] WebSocket closed, reconnecting (1/3)...
[17:23:13.019] [Global WebSocket] Suppressed error to prevent crash: Unexpected server response: 404
[17:23:13.020] [PAI SDK] WebSocket closed, reconnecting (1/3)...
[17:23:23.229] [Global WebSocket] Suppressed error to prevent crash: Unexpected server response: 404
[17:23:23.230] [PAI SDK] WebSocket closed, reconnecting (1/3)...
[17:23:33.419] [Global WebSocket] Suppressed error to prevent crash: Unexpected server response: 404
[17:23:33.420] [PAI SDK] WebSocket closed, reconnecting (1/3)...
[17:23:43.639] [Global WebSocket] Suppressed error to prevent crash: Unexpected server response: 404
[17:23:43.640] [PAI SDK] WebSocket closed, reconnecting (1/3)...
[17:23:53.837] [Global WebSocket] Suppressed error to prevent crash: Unexpected server response: 404
[17:23:53.838] [PAI SDK] WebSocket closed, reconnecting (1/3)...
[17:24:04.032] [Global WebSocket] Suppressed error to prevent crash: Unexpected server response: 404
[17:24:04.032] [PAI SDK] WebSocket closed, reconnecting (1/3)...
[17:24:14.223] [Global WebSocket] Suppressed error to prevent crash: Unexpected server response: 404
[17:24:14.224] [PAI SDK] WebSocket closed, reconnecting (1/3)...
[17:24:24.422] [Global WebSocket] Suppressed error to prevent crash: Unexpected server response: 404
[17:24:24.423] [PAI SDK] WebSocket closed, reconnecting (1/3)...
[17:24:34.607] [Global WebSocket] Suppressed error to prevent crash: Unexpected server response: 404
[17:24:34.607] [PAI SDK] WebSocket closed, reconnecting (1/3)...
[17:24:44.820] [Global WebSocket] Suppressed error to prevent crash: Unexpected server response: 404
[17:24:44.821] [PAI SDK] WebSocket closed, reconnecting (1/3)...
[17:24:55.020] [Global WebSocket] Suppressed error to prevent crash: Unexpected server response: 404
[17:24:55.021] [PAI SDK] WebSocket closed, reconnecting (1/3)...
[17:25:05.213] [Global WebSocket] Suppressed error to prevent crash: Unexpected server response: 404
[17:25:05.213] [PAI SDK] WebSocket closed, reconnecting (1/3)...
[17:25:15.407] [Global WebSocket] Suppressed error to prevent crash: Unexpected server response: 404
[17:25:15.408] [PAI SDK] WebSocket closed, reconnecting (1/3)...
[17:25:25.604] [Global WebSocket] Suppressed error to prevent crash: Unexpected server response: 404
[17:25:25.605] [PAI SDK] WebSocket closed, reconnecting (1/3)...
[17:25:35.805] [Global WebSocket] Suppressed error to prevent crash: Unexpected server response: 404
[17:25:35.805] [PAI SDK] WebSocket closed, reconnecting (1/3)...
[17:25:46.015] [Global WebSocket] Suppressed error to prevent crash: Unexpected server response: 404
[17:25:46.015] [PAI SDK] WebSocket closed, reconnecting (1/3)...
[17:25:56.219] [Global WebSocket] Suppressed error to prevent crash: Unexpected server response: 404
[17:25:56.219] [PAI SDK] WebSocket closed, reconnecting (1/3)...
[17:26:06.418] [Global WebSocket] Suppressed error to prevent crash: Unexpected server response: 404
[17:26:06.419] [PAI SDK] WebSocket closed, reconnecting (1/3)...
[17:26:16.614] [Global WebSocket] Suppressed error to prevent crash: Unexpected server response: 404
[17:26:16.615] [PAI SDK] WebSocket closed, reconnecting (1/3)...
[17:26:26.804] [Global WebSocket] Suppressed error to prevent crash: Unexpected server response: 404
[17:26:26.804] [PAI SDK] WebSocket closed, reconnecting (1/3)...
[17:26:36.990] [Global WebSocket] Suppressed error to prevent crash: Unexpected server response: 404
[17:26:36.991] [PAI SDK] WebSocket closed, reconnecting (1/3)...
[17:26:47.200] [Global WebSocket] Suppressed error to prevent crash: Unexpected server response: 404
[17:26:47.200] [PAI SDK] WebSocket closed, reconnecting (1/3)...
[17:26:57.388] [Global WebSocket] Suppressed error to prevent crash: Unexpected server response: 404
[17:26:57.389] [PAI SDK] WebSocket closed, reconnecting (1/3)...
[17:27:07.598] [Global WebSocket] Suppressed error to prevent crash: Unexpected server response: 404
[17:27:07.598] [PAI SDK] WebSocket closed, reconnecting (1/3)...
[17:27:17.802] [Global WebSocket] Suppressed error to prevent crash: Unexpected server response: 404
[17:27:17.803] [PAI SDK] WebSocket closed, reconnecting (1/3)...
[17:27:27.994] [Global WebSocket] Suppressed error to prevent crash: Unexpected server response: 404
[17:27:27.995] [PAI SDK] WebSocket closed, reconnecting (1/3)...
[17:27:38.197] [Global WebSocket] Suppressed error to prevent crash: Unexpected server response: 404
[17:27:38.197] [PAI SDK] WebSocket closed, reconnecting (1/3)...
[17:27:48.378] [Global WebSocket] Suppressed error to prevent crash: Unexpected server response: 404
[17:27:48.379] [PAI SDK] WebSocket closed, reconnecting (1/3)...
[17:27:58.627] [Global WebSocket] Suppressed error to prevent crash: Unexpected server response: 404
[17:27:58.628] [PAI SDK] WebSocket closed, reconnecting (1/3)...
[17:28:08.822] [Global WebSocket] Suppressed error to prevent crash: Unexpected server response: 404
[17:28:08.823] [PAI SDK] WebSocket closed, reconnecting (1/3)...
[17:28:19.048] [Global WebSocket] Suppressed error to prevent crash: Unexpected server response: 404
[17:28:19.048] [PAI SDK] WebSocket closed, reconnecting (1/3)...
[17:28:29.250] [Global WebSocket] Suppressed error to prevent crash: Unexpected server response: 404
[17:28:29.250] [PAI SDK] WebSocket closed, reconnecting (1/3)...
[17:28:39.578] [Global WebSocket] Suppressed error to prevent crash: Unexpected server response: 404
[17:28:39.578] [PAI SDK] WebSocket closed, reconnecting (1/3)...
[17:28:49.773] [Global WebSocket] Suppressed error to prevent crash: Unexpected server response: 404
[17:28:49.773] [PAI SDK] WebSocket closed, reconnecting (1/3)...
[17:29:00.069] [Global WebSocket] Suppressed error to prevent crash: Unexpected server response: 404
[17:29:00.070] [PAI SDK] WebSocket closed, reconnecting (1/3)...
[17:29:10.252] [Global WebSocket] Suppressed error to prevent crash: Unexpected server response: 404
[17:29:10.252] [PAI SDK] WebSocket closed, reconnecting (1/3)...
[17:29:20.577] [Global WebSocket] Suppressed error to prevent crash: Unexpected server response: 404
[17:29:20.577] [PAI SDK] WebSocket closed, reconnecting (1/3)...
[17:29:30.756] [Global WebSocket] Suppressed error to prevent crash: Unexpected server response: 404
[17:29:30.757] [PAI SDK] WebSocket closed, reconnecting (1/3)...
[17:29:41.022] [Global WebSocket] Suppressed error to prevent crash: Unexpected server response: 404
[17:29:41.022] [PAI SDK] WebSocket closed, reconnecting (1/3)...
[17:29:51.227] [Global WebSocket] Suppressed error to prevent crash: Unexpected server response: 404
[17:29:51.227] [PAI SDK] WebSocket closed, reconnecting (1/3)...
[17:30:01.493] [Global WebSocket] Suppressed error to prevent crash: Unexpected server response: 404
[17:30:01.493] [PAI SDK] WebSocket closed, reconnecting (1/3)...
[17:30:11.682] [Global WebSocket] Suppressed error to prevent crash: Unexpected server response: 404
[17:30:11.683] [PAI SDK] WebSocket closed, reconnecting (1/3)...
[17:30:21.988] [Global WebSocket] Suppressed error to prevent crash: Unexpected server response: 404
[17:30:21.989] [PAI SDK] WebSocket closed, reconnecting (1/3)...
[17:30:32.186] [Global WebSocket] Suppressed error to prevent crash: Unexpected server response: 404
[17:30:32.186] [PAI SDK] WebSocket closed, reconnecting (1/3)...
[17:30:42.446] [Global WebSocket] Suppressed error to prevent crash: Unexpected server response: 404
[17:30:42.447] [PAI SDK] WebSocket closed, reconnecting (1/3)...
[17:30:52.642] [Global WebSocket] Suppressed error to prevent crash: Unexpected server response: 404
[17:30:52.643] [PAI SDK] WebSocket closed, reconnecting (1/3)...
[17:31:02.905] [Global WebSocket] Suppressed error to prevent crash: Unexpected server response: 404
[17:31:02.906] [PAI SDK] WebSocket closed, reconnecting (1/3)...
[17:31:13.109] [Global WebSocket] Suppressed error to prevent crash: Unexpected server response: 404
[17:31:13.110] [PAI SDK] WebSocket closed, reconnecting (1/3)...
[17:31:23.389] [Global WebSocket] Suppressed error to prevent crash: Unexpected server response: 404
[17:31:23.389] [PAI SDK] WebSocket closed, reconnecting (1/3)...
[17:31:33.608] [Global WebSocket] Suppressed error to prevent crash: Unexpected server response: 404
[17:31:33.609] [PAI SDK] WebSocket closed, reconnecting (1/3)...
[17:31:43.943] [Global WebSocket] Suppressed error to prevent crash: Unexpected server response: 404
[17:31:43.944] [PAI SDK] WebSocket closed, reconnecting (1/3)...
[17:31:54.139] [Global WebSocket] Suppressed error to prevent crash: Unexpected server response: 404
[17:31:54.139] [PAI SDK] WebSocket closed, reconnecting (1/3)...
[17:32:04.437] [Global WebSocket] Suppressed error to prevent crash: Unexpected server response: 404
[17:32:04.437] [PAI SDK] WebSocket closed, reconnecting (1/3)...
[17:32:14.628] [Global WebSocket] Suppressed error to prevent crash: Unexpected server response: 404
[17:32:14.629] [PAI SDK] WebSocket closed, reconnecting (1/3)...
[17:32:24.901] [Global WebSocket] Suppressed error to prevent crash: Unexpected server response: 404
[17:32:24.902] [PAI SDK] WebSocket closed, reconnecting (1/3)...
[17:32:35.103] [Global WebSocket] Suppressed error to prevent crash: Unexpected server response: 404
[17:32:35.103] [PAI SDK] WebSocket closed, reconnecting (1/3)...
[17:32:45.390] [Global WebSocket] Suppressed error to prevent crash: Unexpected server response: 404
[17:32:45.390] [PAI SDK] WebSocket closed, reconnecting (1/3)...
[17:32:55.604] [Global WebSocket] Suppressed error to prevent crash: Unexpected server response: 404
[17:32:55.604] [PAI SDK] WebSocket closed, reconnecting (1/3)...
[17:33:05.823] [Global WebSocket] Suppressed error to prevent crash: Unexpected server response: 404
[17:33:05.823] [PAI SDK] WebSocket closed, reconnecting (1/3)...
[17:33:16.006] [Global WebSocket] Suppressed error to prevent crash: Unexpected server response: 404
[17:33:16.007] [PAI SDK] WebSocket closed, reconnecting (1/3)...
[17:33:26.277] [Global WebSocket] Suppressed error to prevent crash: Unexpected server response: 404
[17:33:26.277] [PAI SDK] WebSocket closed, reconnecting (1/3)...
[17:33:36.485] [Global WebSocket] Suppressed error to prevent crash: Unexpected server response: 404
[17:33:36.486] [PAI SDK] WebSocket closed, reconnecting (1/3)...
[17:33:46.720] [Global WebSocket] Suppressed error to prevent crash: Unexpected server response: 404
[17:33:46.721] [PAI SDK] WebSocket closed, reconnecting (1/3)...
[17:33:56.909] [Global WebSocket] Suppressed error to prevent crash: Unexpected server response: 404
[17:33:56.910] [PAI SDK] WebSocket closed, reconnecting (1/3)...
[17:34:07.091] [Global WebSocket] Suppressed error to prevent crash: Unexpected server response: 404
[17:34:07.091] [PAI SDK] WebSocket closed, reconnecting (1/3)...
[17:34:17.281] [Global WebSocket] Suppressed error to prevent crash: Unexpected server response: 404
[17:34:17.282] [PAI SDK] WebSocket closed, reconnecting (1/3)...
[17:34:27.560] [Global WebSocket] Suppressed error to prevent crash: Unexpected server response: 404
[17:34:27.561] [PAI SDK] WebSocket closed, reconnecting (1/3)...
[17:34:37.768] [Global WebSocket] Suppressed error to prevent crash: Unexpected server response: 404
[17:34:37.768] [PAI SDK] WebSocket closed, reconnecting (1/3)...
[17:34:48.061] [Global WebSocket] Suppressed error to prevent crash: Unexpected server response: 404
[17:34:48.061] [PAI SDK] WebSocket closed, reconnecting (1/3)...
[17:34:58.244] [Global WebSocket] Suppressed error to prevent crash: Unexpected server response: 404
[17:34:58.245] [PAI SDK] WebSocket closed, reconnecting (1/3)...
[17:35:08.533] [Global WebSocket] Suppressed error to prevent crash: Unexpected server response: 404
[17:35:08.534] [PAI SDK] WebSocket closed, reconnecting (1/3)...
[17:35:18.720] [Global WebSocket] Suppressed error to prevent crash: Unexpected server response: 404
[17:35:18.720] [PAI SDK] WebSocket closed, reconnecting (1/3)...
[17:35:29.003] [Global WebSocket] Suppressed error to prevent crash: Unexpected server response: 404
[17:35:29.003] [PAI SDK] WebSocket closed, reconnecting (1/3)...
[17:35:39.194] [Global WebSocket] Suppressed error to prevent crash: Unexpected server response: 404
[17:35:39.194] [PAI SDK] WebSocket closed, reconnecting (1/3)...
[17:35:49.516] [Global WebSocket] Suppressed error to prevent crash: Unexpected server response: 404
[17:35:49.517] [PAI SDK] WebSocket closed, reconnecting (1/3)...
[17:35:59.724] [Global WebSocket] Suppressed error to prevent crash: Unexpected server response: 404
[17:35:59.724] [PAI SDK] WebSocket closed, reconnecting (1/3)...
[17:36:09.999] [Global WebSocket] Suppressed error to prevent crash: Unexpected server response: 404
[17:36:10.000] [PAI SDK] WebSocket closed, reconnecting (1/3)...
[17:36:20.185] [Global WebSocket] Suppressed error to prevent crash: Unexpected server response: 404
[17:36:20.185] [PAI SDK] WebSocket closed, reconnecting (1/3)...
[17:36:30.469] [Global WebSocket] Suppressed error to prevent crash: Unexpected server response: 404
[17:36:30.470] [PAI SDK] WebSocket closed, reconnecting (1/3)...
[17:36:40.655] [Global WebSocket] Suppressed error to prevent crash: Unexpected server response: 404
[17:36:40.655] [PAI SDK] WebSocket closed, reconnecting (1/3)...
[17:36:50.944] [Global WebSocket] Suppressed error to prevent crash: Unexpected server response: 404
[17:36:50.944] [PAI SDK] WebSocket closed, reconnecting (1/3)...
[17:37:01.148] [Global WebSocket] Suppressed error to prevent crash: Unexpected server response: 404
[17:37:01.149] [PAI SDK] WebSocket closed, reconnecting (1/3)...
[17:37:11.428] [Global WebSocket] Suppressed error to prevent crash: Unexpected server response: 404
[17:37:11.428] [PAI SDK] WebSocket closed, reconnecting (1/3)...
[17:37:21.632] [Global WebSocket] Suppressed error to prevent crash: Unexpected server response: 404
[17:37:21.633] [PAI SDK] WebSocket closed, reconnecting (1/3)...
[17:37:31.940] [Global WebSocket] Suppressed error to prevent crash: Unexpected server response: 404
[17:37:31.940] [PAI SDK] WebSocket closed, reconnecting (1/3)...
[17:37:42.141] [Global WebSocket] Suppressed error to prevent crash: Unexpected server response: 404
[17:37:42.141] [PAI SDK] WebSocket closed, reconnecting (1/3)...
[17:37:52.444] [Global WebSocket] Suppressed error to prevent crash: Unexpected server response: 404
[17:37:52.445] [PAI SDK] WebSocket closed, reconnecting (1/3)...
[17:38:02.638] [Global WebSocket] Suppressed error to prevent crash: Unexpected server response: 404
[17:38:02.639] [PAI SDK] WebSocket closed, reconnecting (1/3)...
[17:38:12.878] [Global WebSocket] Suppressed error to prevent crash: Unexpected server response: 404
[17:38:12.879] [PAI SDK] WebSocket closed, reconnecting (1/3)...
[17:38:23.080] [Global WebSocket] Suppressed error to prevent crash: Unexpected server response: 404
[17:38:23.081] [PAI SDK] WebSocket closed, reconnecting (1/3)...
[17:38:33.288] [Global WebSocket] Suppressed error to prevent crash: Unexpected server response: 404
[17:38:33.289] [PAI SDK] WebSocket closed, reconnecting (1/3)...
[17:38:43.467] [Global WebSocket] Suppressed error to prevent crash: Unexpected server response: 404
[17:38:43.468] [PAI SDK] WebSocket closed, reconnecting (1/3)...
[17:38:53.677] [Global WebSocket] Suppressed error to prevent crash: Unexpected server response: 404
[17:38:53.677] [PAI SDK] WebSocket closed, reconnecting (1/3)...
[17:39:03.859] [Global WebSocket] Suppressed error to prevent crash: Unexpected server response: 404
[17:39:03.860] [PAI SDK] WebSocket closed, reconnecting (1/3)...
[17:39:14.050] [Global WebSocket] Suppressed error to prevent crash: Unexpected server response: 404
[17:39:14.050] [PAI SDK] WebSocket closed, reconnecting (1/3)...
[17:39:24.239] [Global WebSocket] Suppressed error to prevent crash: Unexpected server response: 404
[17:39:24.240] [PAI SDK] WebSocket closed, reconnecting (1/3)...
[17:39:34.432] [Global WebSocket] Suppressed error to prevent crash: Unexpected server response: 404
[17:39:34.432] [PAI SDK] WebSocket closed, reconnecting (1/3)...
[17:39:44.632] [Global WebSocket] Suppressed error to prevent crash: Unexpected server response: 404
[17:39:44.632] [PAI SDK] WebSocket closed, reconnecting (1/3)...
[17:39:54.833] [Global WebSocket] Suppressed error to prevent crash: Unexpected server response: 404
[17:39:54.833] [PAI SDK] WebSocket closed, reconnecting (1/3)...
[17:40:05.036] [Global WebSocket] Suppressed error to prevent crash: Unexpected server response: 404
[17:40:05.037] [PAI SDK] WebSocket closed, reconnecting (1/3)...
[17:40:15.241] [Global WebSocket] Suppressed error to prevent crash: Unexpected server response: 404
[17:40:15.241] [PAI SDK] WebSocket closed, reconnecting (1/3)...
[17:40:25.425] [Global WebSocket] Suppressed error to prevent crash: Unexpected server response: 404
[17:40:25.426] [PAI SDK] WebSocket closed, reconnecting (1/3)...
[17:40:35.629] [Global WebSocket] Suppressed error to prevent crash: Unexpected server response: 404
[17:40:35.629] [PAI SDK] WebSocket closed, reconnecting (1/3)...
[17:40:45.829] [Global WebSocket] Suppressed error to prevent crash: Unexpected server response: 404
[17:40:45.830] [PAI SDK] WebSocket closed, reconnecting (1/3)...
[17:40:56.031] [Global WebSocket] Suppressed error to prevent crash: Unexpected server response: 404
[17:40:56.031] [PAI SDK] WebSocket closed, reconnecting (1/3)...
[17:41:06.211] [Global WebSocket] Suppressed error to prevent crash: Unexpected server response: 404
[17:41:06.212] [PAI SDK] WebSocket closed, reconnecting (1/3)...
[17:41:16.419] [Global WebSocket] Suppressed error to prevent crash: Unexpected server response: 404
[17:41:16.420] [PAI SDK] WebSocket closed, reconnecting (1/3)...
[17:41:26.594] [Global WebSocket] Suppressed error to prevent crash: Unexpected server response: 404
[17:41:26.594] [PAI SDK] WebSocket closed, reconnecting (1/3)...
[17:41:36.789] [Global WebSocket] Suppressed error to prevent crash: Unexpected server response: 404
[17:41:36.789] [PAI SDK] WebSocket closed, reconnecting (1/3)...
[17:41:46.971] [Global WebSocket] Suppressed error to prevent crash: Unexpected server response: 404
[17:41:46.972] [PAI SDK] WebSocket closed, reconnecting (1/3)...
[17:41:57.157] [Global WebSocket] Suppressed error to prevent crash: Unexpected server response: 404
[17:41:57.157] [PAI SDK] WebSocket closed, reconnecting (1/3)...
[17:42:07.351] [Global WebSocket] Suppressed error to prevent crash: Unexpected server response: 404
[17:42:07.352] [PAI SDK] WebSocket closed, reconnecting (1/3)...
[17:42:17.539] [Global WebSocket] Suppressed error to prevent crash: Unexpected server response: 404
[17:42:17.540] [PAI SDK] WebSocket closed, reconnecting (1/3)...
[17:42:27.725] [Global WebSocket] Suppressed error to prevent crash: Unexpected server response: 404
[17:42:27.726] [PAI SDK] WebSocket closed, reconnecting (1/3)...
[17:42:37.923] [Global WebSocket] Suppressed error to prevent crash: Unexpected server response: 404
[17:42:37.924] [PAI SDK] WebSocket closed, reconnecting (1/3)...
[17:42:48.128] [Global WebSocket] Suppressed error to prevent crash: Unexpected server response: 404
[17:42:48.129] [PAI SDK] WebSocket closed, reconnecting (1/3)...
[17:42:58.343] [Global WebSocket] Suppressed error to prevent crash: Unexpected server response: 404
[17:42:58.344] [PAI SDK] WebSocket closed, reconnecting (1/3)...
[17:43:08.566] [Global WebSocket] Suppressed error to prevent crash: Unexpected server response: 404
[17:43:08.567] [PAI SDK] WebSocket closed, reconnecting (1/3)...
[17:43:18.769] [Global WebSocket] Suppressed error to prevent crash: Unexpected server response: 404
[17:43:18.770] [PAI SDK] WebSocket closed, reconnecting (1/3)...
[17:43:28.961] [Global WebSocket] Suppressed error to prevent crash: Unexpected server response: 404
[17:43:28.962] [PAI SDK] WebSocket closed, reconnecting (1/3)...
[17:43:39.161] [Global WebSocket] Suppressed error to prevent crash: Unexpected server response: 404
[17:43:39.162] [PAI SDK] WebSocket closed, reconnecting (1/3)...
[17:43:49.363] [Global WebSocket] Suppressed error to prevent crash: Unexpected server response: 404
[17:43:49.364] [PAI SDK] WebSocket closed, reconnecting (1/3)...
[17:43:59.570] [Global WebSocket] Suppressed error to prevent crash: Unexpected server response: 404
[17:43:59.570] [PAI SDK] WebSocket closed, reconnecting (1/3)...
[17:44:09.774] [Global WebSocket] Suppressed error to prevent crash: Unexpected server response: 404
[17:44:09.774] [PAI SDK] WebSocket closed, reconnecting (1/3)...
[17:44:19.961] [Global WebSocket] Suppressed error to prevent crash: Unexpected server response: 404
[17:44:19.962] [PAI SDK] WebSocket closed, reconnecting (1/3)...
[17:44:30.146] [Global WebSocket] Suppressed error to prevent crash: Unexpected server response: 404
[17:44:30.146] [PAI SDK] WebSocket closed, reconnecting (1/3)...
[17:44:40.340] [Global WebSocket] Suppressed error to prevent crash: Unexpected server response: 404
[17:44:40.341] [PAI SDK] WebSocket closed, reconnecting (1/3)...
[17:44:50.537] [Global WebSocket] Suppressed error to prevent crash: Unexpected server response: 404
[17:44:50.538] [PAI SDK] WebSocket closed, reconnecting (1/3)...
[17:45:00.744] [Global WebSocket] Suppressed error to prevent crash: Unexpected server response: 404
[17:45:00.744] [PAI SDK] WebSocket closed, reconnecting (1/3)...
[17:45:10.942] [Global WebSocket] Suppressed error to prevent crash: Unexpected server response: 404
[17:45:10.943] [PAI SDK] WebSocket closed, reconnecting (1/3)...
[17:45:21.130] [Global WebSocket] Suppressed error to prevent crash: Unexpected server response: 404
[17:45:21.131] [PAI SDK] WebSocket closed, reconnecting (1/3)...
[17:45:31.309] [Global WebSocket] Suppressed error to prevent crash: Unexpected server response: 404
[17:45:31.310] [PAI SDK] WebSocket closed, reconnecting (1/3)...
[17:45:41.504] [Global WebSocket] Suppressed error to prevent crash: Unexpected server response: 404
[17:45:41.505] [PAI SDK] WebSocket closed, reconnecting (1/3)...
[17:45:51.718] [Global WebSocket] Suppressed error to prevent crash: Unexpected server response: 404
[17:45:51.718] [PAI SDK] WebSocket closed, reconnecting (1/3)...
[17:46:01.923] [Global WebSocket] Suppressed error to prevent crash: Unexpected server response: 404
[17:46:01.924] [PAI SDK] WebSocket closed, reconnecting (1/3)...
[17:46:12.120] [Global WebSocket] Suppressed error to prevent crash: Unexpected server response: 404
[17:46:12.121] [PAI SDK] WebSocket closed, reconnecting (1/3)...
[17:46:22.320] [Global WebSocket] Suppressed error to prevent crash: Unexpected server response: 404
[17:46:22.320] [PAI SDK] WebSocket closed, reconnecting (1/3)...
[17:46:32.517] [Global WebSocket] Suppressed error to prevent crash: Unexpected server response: 404
[17:46:32.518] [PAI SDK] WebSocket closed, reconnecting (1/3)...
[17:46:42.717] [Global WebSocket] Suppressed error to prevent crash: Unexpected server response: 404
[17:46:42.717] [PAI SDK] WebSocket closed, reconnecting (1/3)...
[17:46:52.915] [Global WebSocket] Suppressed error to prevent crash: Unexpected server response: 404
[17:46:52.915] [PAI SDK] WebSocket closed, reconnecting (1/3)...
[17:47:03.092] [Global WebSocket] Suppressed error to prevent crash: Unexpected server response: 404
[17:47:03.092] [PAI SDK] WebSocket closed, reconnecting (1/3)...
[17:47:13.280] [Global WebSocket] Suppressed error to prevent crash: Unexpected server response: 404
[17:47:13.280] [PAI SDK] WebSocket closed, reconnecting (1/3)...
[17:47:23.467] [Global WebSocket] Suppressed error to prevent crash: Unexpected server response: 404
[17:47:23.467] [PAI SDK] WebSocket closed, reconnecting (1/3)...
[17:47:33.664] [Global WebSocket] Suppressed error to prevent crash: Unexpected server response: 404
[17:47:33.665] [PAI SDK] WebSocket closed, reconnecting (1/3)...
[17:47:43.869] [Global WebSocket] Suppressed error to prevent crash: Unexpected server response: 404
[17:47:43.870] [PAI SDK] WebSocket closed, reconnecting (1/3)...
[17:47:54.063] [Global WebSocket] Suppressed error to prevent crash: Unexpected server response: 404
[17:47:54.063] [PAI SDK] WebSocket closed, reconnecting (1/3)...
[17:48:04.255] [Global WebSocket] Suppressed error to prevent crash: Unexpected server response: 404
[17:48:04.256] [PAI SDK] WebSocket closed, reconnecting (1/3)...
[17:48:14.450] [Global WebSocket] Suppressed error to prevent crash: Unexpected server response: 404
[17:48:14.450] [PAI SDK] WebSocket closed, reconnecting (1/3)...
[17:48:24.678] [Global WebSocket] Suppressed error to prevent crash: Unexpected server response: 404
[17:48:24.678] [PAI SDK] WebSocket closed, reconnecting (1/3)...
[17:48:34.925] [Global WebSocket] Suppressed error to prevent crash: Unexpected server response: 404
[17:48:34.926] [PAI SDK] WebSocket closed, reconnecting (1/3)...
[17:48:45.117] [Global WebSocket] Suppressed error to prevent crash: Unexpected server response: 404
[17:48:45.118] [PAI SDK] WebSocket closed, reconnecting (1/3)...
[17:48:55.374] [Global WebSocket] Suppressed error to prevent crash: Unexpected server response: 404
[17:48:55.375] [PAI SDK] WebSocket closed, reconnecting (1/3)...
[17:49:05.570] [Global WebSocket] Suppressed error to prevent crash: Unexpected server response: 404
[17:49:05.571] [PAI SDK] WebSocket closed, reconnecting (1/3)...
[17:49:15.884] [Global WebSocket] Suppressed error to prevent crash: Unexpected server response: 404
[17:49:15.884] [PAI SDK] WebSocket closed, reconnecting (1/3)...
[17:49:26.074] [Global WebSocket] Suppressed error to prevent crash: Unexpected server response: 404
[17:49:26.075] [PAI SDK] WebSocket closed, reconnecting (1/3)...
[17:49:36.414] [Global WebSocket] Suppressed error to prevent crash: Unexpected server response: 404
[17:49:36.415] [PAI SDK] WebSocket closed, reconnecting (1/3)...
[17:49:46.680] [Global WebSocket] Suppressed error to prevent crash: Unexpected server response: 404
[17:49:46.680] [PAI SDK] WebSocket closed, reconnecting (1/3)...
[17:49:56.983] [Global WebSocket] Suppressed error to prevent crash: Unexpected server response: 404
[17:49:56.984] [PAI SDK] WebSocket closed, reconnecting (1/3)...
[17:50:07.179] [Global WebSocket] Suppressed error to prevent crash: Unexpected server response: 404
[17:50:07.180] [PAI SDK] WebSocket closed, reconnecting (1/3)...
[17:50:17.503] [Global WebSocket] Suppressed error to prevent crash: Unexpected server response: 404
[17:50:17.503] [PAI SDK] WebSocket closed, reconnecting (1/3)...
[17:50:27.692] [Global WebSocket] Suppressed error to prevent crash: Unexpected server response: 404
[17:50:27.693] [PAI SDK] WebSocket closed, reconnecting (1/3)...
[17:50:37.873] [Global WebSocket] Suppressed error to prevent crash: Unexpected server response: 404
[17:50:37.873] [PAI SDK] WebSocket closed, reconnecting (1/3)...
[17:50:48.069] [Global WebSocket] Suppressed error to prevent crash: Unexpected server response: 404
[17:50:48.070] [PAI SDK] WebSocket closed, reconnecting (1/3)...
[17:50:58.265] [Global WebSocket] Suppressed error to prevent crash: Unexpected server response: 404
[17:50:58.266] [PAI SDK] WebSocket closed, reconnecting (1/3)...
[17:51:08.453] [Global WebSocket] Suppressed error to prevent crash: Unexpected server response: 404
[17:51:08.453] [PAI SDK] WebSocket closed, reconnecting (1/3)...
[17:51:18.637] [Global WebSocket] Suppressed error to prevent crash: Unexpected server response: 404
[17:51:18.638] [PAI SDK] WebSocket closed, reconnecting (1/3)...
[17:51:28.827] [Global WebSocket] Suppressed error to prevent crash: Unexpected server response: 404
[17:51:28.828] [PAI SDK] WebSocket closed, reconnecting (1/3)...
[17:51:39.017] [Global WebSocket] Suppressed error to prevent crash: Unexpected server response: 404
[17:51:39.018] [PAI SDK] WebSocket closed, reconnecting (1/3)...
[17:51:49.198] [Global WebSocket] Suppressed error to prevent crash: Unexpected server response: 404
[17:51:49.198] [PAI SDK] WebSocket closed, reconnecting (1/3)...
[17:51:59.398] [Global WebSocket] Suppressed error to prevent crash: Unexpected server response: 404
[17:51:59.398] [PAI SDK] WebSocket closed, reconnecting (1/3)...
[17:52:09.591] [Global WebSocket] Suppressed error to prevent crash: Unexpected server response: 404
[17:52:09.591] [PAI SDK] WebSocket closed, reconnecting (1/3)...
[17:52:19.790] [Global WebSocket] Suppressed error to prevent crash: Unexpected server response: 404
[17:52:19.791] [PAI SDK] WebSocket closed, reconnecting (1/3)...
[17:52:29.998] [Global WebSocket] Suppressed error to prevent crash: Unexpected server response: 404
[17:52:29.999] [PAI SDK] WebSocket closed, reconnecting (1/3)...
[17:52:40.189] [Global WebSocket] Suppressed error to prevent crash: Unexpected server response: 404
[17:52:40.190] [PAI SDK] WebSocket closed, reconnecting (1/3)...
[17:52:50.394] [Global WebSocket] Suppressed error to prevent crash: Unexpected server response: 404
[17:52:50.394] [PAI SDK] WebSocket closed, reconnecting (1/3)...
[17:53:00.596] [Global WebSocket] Suppressed error to prevent crash: Unexpected server response: 404
[17:53:00.597] [PAI SDK] WebSocket closed, reconnecting (1/3)...
[17:53:10.784] [Global WebSocket] Suppressed error to prevent crash: Unexpected server response: 404
[17:53:10.784] [PAI SDK] WebSocket closed, reconnecting (1/3)...
[17:53:20.964] [Global WebSocket] Suppressed error to prevent crash: Unexpected server response: 404
[17:53:20.964] [PAI SDK] WebSocket closed, reconnecting (1/3)...
[17:53:31.152] [Global WebSocket] Suppressed error to prevent crash: Unexpected server response: 404
[17:53:31.152] [PAI SDK] WebSocket closed, reconnecting (1/3)...
[17:53:41.346] [Global WebSocket] Suppressed error to prevent crash: Unexpected server response: 404
[17:53:41.347] [PAI SDK] WebSocket closed, reconnecting (1/3)...
[17:53:51.553] [Global WebSocket] Suppressed error to prevent crash: Unexpected server response: 404
[17:53:51.554] [PAI SDK] WebSocket closed, reconnecting (1/3)...
[17:54:01.759] [Global WebSocket] Suppressed error to prevent crash: Unexpected server response: 404
[17:54:01.760] [PAI SDK] WebSocket closed, reconnecting (1/3)...
[17:54:11.947] [Global WebSocket] Suppressed error to prevent crash: Unexpected server response: 404
[17:54:11.947] [PAI SDK] WebSocket closed, reconnecting (1/3)...
[17:54:22.129] [Global WebSocket] Suppressed error to prevent crash: Unexpected server response: 404
[17:54:22.130] [PAI SDK] WebSocket closed, reconnecting (1/3)...
[17:54:32.314] [Global WebSocket] Suppressed error to prevent crash: Unexpected server response: 404
[17:54:32.314] [PAI SDK] WebSocket closed, reconnecting (1/3)...
[17:54:42.516] [Global WebSocket] Suppressed error to prevent crash: Unexpected server response: 404
[17:54:42.517] [PAI SDK] WebSocket closed, reconnecting (1/3)...
[17:54:52.714] [Global WebSocket] Suppressed error to prevent crash: Unexpected server response: 404
[17:54:52.714] [PAI SDK] WebSocket closed, reconnecting (1/3)...
[17:55:02.897] [Global WebSocket] Suppressed error to prevent crash: Unexpected server response: 404
[17:55:02.897] [PAI SDK] WebSocket closed, reconnecting (1/3)...
[17:55:13.097] [Global WebSocket] Suppressed error to prevent crash: Unexpected server response: 404
[17:55:13.097] [PAI SDK] WebSocket closed, reconnecting (1/3)...
[17:55:23.279] [Global WebSocket] Suppressed error to prevent crash: Unexpected server response: 404
[17:55:23.280] [PAI SDK] WebSocket closed, reconnecting (1/3)...
[17:55:33.470] [Global WebSocket] Suppressed error to prevent crash: Unexpected server response: 404
[17:55:33.471] [PAI SDK] WebSocket closed, reconnecting (1/3)...
[17:55:43.668] [Global WebSocket] Suppressed error to prevent crash: Unexpected server response: 404
[17:55:43.669] [PAI SDK] WebSocket closed, reconnecting (1/3)...
[17:55:53.863] [Global WebSocket] Suppressed error to prevent crash: Unexpected server response: 404
[17:55:53.864] [PAI SDK] WebSocket closed, reconnecting (1/3)...
[17:56:04.060] [Global WebSocket] Suppressed error to prevent crash: Unexpected server response: 404
[17:56:04.060] [PAI SDK] WebSocket closed, reconnecting (1/3)...
[17:56:14.260] [Global WebSocket] Suppressed error to prevent crash: Unexpected server response: 404
[17:56:14.261] [PAI SDK] WebSocket closed, reconnecting (1/3)...
[17:56:24.438] [Global WebSocket] Suppressed error to prevent crash: Unexpected server response: 404
[17:56:24.439] [PAI SDK] WebSocket closed, reconnecting (1/3)...
[17:56:34.632] [Global WebSocket] Suppressed error to prevent crash: Unexpected server response: 404
[17:56:34.634] [PAI SDK] WebSocket closed, reconnecting (1/3)...
[17:56:44.822] [Global WebSocket] Suppressed error to prevent crash: Unexpected server response: 404
[17:56:44.822] [PAI SDK] WebSocket closed, reconnecting (1/3)...
[17:56:55.033] [Global WebSocket] Suppressed error to prevent crash: Unexpected server response: 404
[17:56:55.033] [PAI SDK] WebSocket closed, reconnecting (1/3)...
[17:57:05.211] [Global WebSocket] Suppressed error to prevent crash: Unexpected server response: 404
[17:57:05.211] [PAI SDK] WebSocket closed, reconnecting (1/3)...
[17:57:15.420] [Global WebSocket] Suppressed error to prevent crash: Unexpected server response: 404
[17:57:15.421] [PAI SDK] WebSocket closed, reconnecting (1/3)...
[17:57:25.600] [Global WebSocket] Suppressed error to prevent crash: Unexpected server response: 404
[17:57:25.601] [PAI SDK] WebSocket closed, reconnecting (1/3)...
[17:57:35.805] [Global WebSocket] Suppressed error to prevent crash: Unexpected server response: 404
[17:57:35.805] [PAI SDK] WebSocket closed, reconnecting (1/3)...
[17:57:46.002] [Global WebSocket] Suppressed error to prevent crash: Unexpected server response: 404
[17:57:46.002] [PAI SDK] WebSocket closed, reconnecting (1/3)...
[17:57:56.208] [Global WebSocket] Suppressed error to prevent crash: Unexpected server response: 404
[17:57:56.208] [PAI SDK] WebSocket closed, reconnecting (1/3)...
[17:58:06.411] [Global WebSocket] Suppressed error to prevent crash: Unexpected server response: 404
[17:58:06.412] [PAI SDK] WebSocket closed, reconnecting (1/3)...
[17:58:16.600] [Global WebSocket] Suppressed error to prevent crash: Unexpected server response: 404
[17:58:16.601] [PAI SDK] WebSocket closed, reconnecting (1/3)...
[17:58:26.800] [Global WebSocket] Suppressed error to prevent crash: Unexpected server response: 404
[17:58:26.800] [PAI SDK] WebSocket closed, reconnecting (1/3)...
[17:58:37.018] [Global WebSocket] Suppressed error to prevent crash: Unexpected server response: 404
[17:58:37.018] [PAI SDK] WebSocket closed, reconnecting (1/3)...
[17:58:47.238] [Global WebSocket] Suppressed error to prevent crash: Unexpected server response: 404
[17:58:47.238] [PAI SDK] WebSocket closed, reconnecting (1/3)...
[17:58:57.438] [Global WebSocket] Suppressed error to prevent crash: Unexpected server response: 404
[17:58:57.439] [PAI SDK] WebSocket closed, reconnecting (1/3)...
[17:59:07.722] [Global WebSocket] Suppressed error to prevent crash: Unexpected server response: 404
[17:59:07.723] [PAI SDK] WebSocket closed, reconnecting (1/3)...
[17:59:17.933] [Global WebSocket] Suppressed error to prevent crash: Unexpected server response: 404
[17:59:17.933] [PAI SDK] WebSocket closed, reconnecting (1/3)...
[17:59:28.225] [Global WebSocket] Suppressed error to prevent crash: Unexpected server response: 404
[17:59:28.226] [PAI SDK] WebSocket closed, reconnecting (1/3)...
[17:59:38.405] [Global WebSocket] Suppressed error to prevent crash: Unexpected server response: 404
[17:59:38.406] [PAI SDK] WebSocket closed, reconnecting (1/3)...
[17:59:48.755] [Global WebSocket] Suppressed error to prevent crash: Unexpected server response: 404
[17:59:48.755] [PAI SDK] WebSocket closed, reconnecting (1/3)...
[17:59:58.953] [Global WebSocket] Suppressed error to prevent crash: Unexpected server response: 404
[17:59:58.953] [PAI SDK] WebSocket closed, reconnecting (1/3)...
[18:00:09.287] [Global WebSocket] Suppressed error to prevent crash: Unexpected server response: 404
[18:00:09.288] [PAI SDK] WebSocket closed, reconnecting (1/3)...
[18:00:19.463] [Global WebSocket] Suppressed error to prevent crash: Unexpected server response: 404
[18:00:19.463] [PAI SDK] WebSocket closed, reconnecting (1/3)...
[18:00:29.752] [Global WebSocket] Suppressed error to prevent crash: Unexpected server response: 404
[18:00:29.752] [PAI SDK] WebSocket closed, reconnecting (1/3)...
[18:00:39.947] [Global WebSocket] Suppressed error to prevent crash: Unexpected server response: 404
[18:00:39.948] [PAI SDK] WebSocket closed, reconnecting (1/3)...
[18:00:50.249] [Global WebSocket] Suppressed error to prevent crash: Unexpected server response: 404
[18:00:50.250] [PAI SDK] WebSocket closed, reconnecting (1/3)...
[18:01:00.450] [Global WebSocket] Suppressed error to prevent crash: Unexpected server response: 404
[18:01:00.451] [PAI SDK] WebSocket closed, reconnecting (1/3)...
[18:01:10.733] [Global WebSocket] Suppressed error to prevent crash: Unexpected server response: 404
[18:01:10.734] [PAI SDK] WebSocket closed, reconnecting (1/3)...
[18:01:20.930] [Global WebSocket] Suppressed error to prevent crash: Unexpected server response: 404
[18:01:20.930] [PAI SDK] WebSocket closed, reconnecting (1/3)...
[18:01:31.233] [Global WebSocket] Suppressed error to prevent crash: Unexpected server response: 404
[18:01:31.233] [PAI SDK] WebSocket closed, reconnecting (1/3)...
[18:01:41.425] [Global WebSocket] Suppressed error to prevent crash: Unexpected server response: 404
[18:01:41.426] [PAI SDK] WebSocket closed, reconnecting (1/3)...
[18:01:51.783] [Global WebSocket] Suppressed error to prevent crash: Unexpected server response: 404
[18:01:51.783] [PAI SDK] WebSocket closed, reconnecting (1/3)...
[18:02:02.015] [Global WebSocket] Suppressed error to prevent crash: Unexpected server response: 404
[18:02:02.016] [PAI SDK] WebSocket closed, reconnecting (1/3)...
[18:02:12.344] [Global WebSocket] Suppressed error to prevent crash: Unexpected server response: 404
[18:02:12.344] [PAI SDK] WebSocket closed, reconnecting (1/3)...
[18:02:22.540] [Global WebSocket] Suppressed error to prevent crash: Unexpected server response: 404
[18:02:22.540] [PAI SDK] WebSocket closed, reconnecting (1/3)...
[18:02:32.837] [Global WebSocket] Suppressed error to prevent crash: Unexpected server response: 404
[18:02:32.837] [PAI SDK] WebSocket closed, reconnecting (1/3)...
[18:02:43.035] [Global WebSocket] Suppressed error to prevent crash: Unexpected server response: 404
[18:02:43.035] [PAI SDK] WebSocket closed, reconnecting (1/3)...
[18:02:53.328] [Global WebSocket] Suppressed error to prevent crash: Unexpected server response: 404
[18:02:53.328] [PAI SDK] WebSocket closed, reconnecting (1/3)...
[18:03:03.585] [Global WebSocket] Suppressed error to prevent crash: Unexpected server response: 404
[18:03:03.586] [PAI SDK] WebSocket closed, reconnecting (1/3)...
[18:03:13.868] [Global WebSocket] Suppressed error to prevent crash: Unexpected server response: 404
[18:03:13.868] [PAI SDK] WebSocket closed, reconnecting (1/3)...
[18:03:24.059] [Global WebSocket] Suppressed error to prevent crash: Unexpected server response: 404
[18:03:24.060] [PAI SDK] WebSocket closed, reconnecting (1/3)...
[18:03:34.267] [Global WebSocket] Suppressed error to prevent crash: Unexpected server response: 404
[18:03:34.267] [PAI SDK] WebSocket closed, reconnecting (1/3)...
[18:03:44.459] [Global WebSocket] Suppressed error to prevent crash: Unexpected server response: 404
[18:03:44.459] [PAI SDK] WebSocket closed, reconnecting (1/3)...
[18:03:54.656] [Global WebSocket] Suppressed error to prevent crash: Unexpected server response: 404
[18:03:54.657] [PAI SDK] WebSocket closed, reconnecting (1/3)...
[18:04:04.855] [Global WebSocket] Suppressed error to prevent crash: Unexpected server response: 404
[18:04:04.856] [PAI SDK] WebSocket closed, reconnecting (1/3)...
[18:04:15.059] [Global WebSocket] Suppressed error to prevent crash: Unexpected server response: 404
[18:04:15.059] [PAI SDK] WebSocket closed, reconnecting (1/3)...
[18:04:25.260] [Global WebSocket] Suppressed error to prevent crash: Unexpected server response: 404
[18:04:25.260] [PAI SDK] WebSocket closed, reconnecting (1/3)...
[18:04:35.470] [Global WebSocket] Suppressed error to prevent crash: Unexpected server response: 404
[18:04:35.470] [PAI SDK] WebSocket closed, reconnecting (1/3)...
[18:04:45.651] [Global WebSocket] Suppressed error to prevent crash: Unexpected server response: 404
[18:04:45.651] [PAI SDK] WebSocket closed, reconnecting (1/3)...
[18:04:55.847] [Global WebSocket] Suppressed error to prevent crash: Unexpected server response: 404
[18:04:55.848] [PAI SDK] WebSocket closed, reconnecting (1/3)...
[18:05:06.061] [Global WebSocket] Suppressed error to prevent crash: Unexpected server response: 404
[18:05:06.062] [PAI SDK] WebSocket closed, reconnecting (1/3)...
[18:05:16.269] [Global WebSocket] Suppressed error to prevent crash: Unexpected server response: 404
[18:05:16.270] [PAI SDK] WebSocket closed, reconnecting (1/3)...
[18:05:26.467] [Global WebSocket] Suppressed error to prevent crash: Unexpected server response: 404
[18:05:26.468] [PAI SDK] WebSocket closed, reconnecting (1/3)...
[18:05:36.664] [Global WebSocket] Suppressed error to prevent crash: Unexpected server response: 404
[18:05:36.664] [PAI SDK] WebSocket closed, reconnecting (1/3)...
[18:05:46.854] [Global WebSocket] Suppressed error to prevent crash: Unexpected server response: 404
[18:05:46.855] [PAI SDK] WebSocket closed, reconnecting (1/3)...
[18:05:57.058] [Global WebSocket] Suppressed error to prevent crash: Unexpected server response: 404
[18:05:57.058] [PAI SDK] WebSocket closed, reconnecting (1/3)...
[18:06:07.254] [Global WebSocket] Suppressed error to prevent crash: Unexpected server response: 404
[18:06:07.255] [PAI SDK] WebSocket closed, reconnecting (1/3)...
[18:06:17.450] [Global WebSocket] Suppressed error to prevent crash: Unexpected server response: 404
[18:06:17.451] [PAI SDK] WebSocket closed, reconnecting (1/3)...
[18:06:27.640] [Global WebSocket] Suppressed error to prevent crash: Unexpected server response: 404
[18:06:27.640] [PAI SDK] WebSocket closed, reconnecting (1/3)...
[18:06:37.932] [Global WebSocket] Suppressed error to prevent crash: Unexpected server response: 404
[18:06:37.933] [PAI SDK] WebSocket closed, reconnecting (1/3)...
[18:06:48.119] [Global WebSocket] Suppressed error to prevent crash: Unexpected server response: 404
[18:06:48.119] [PAI SDK] WebSocket closed, reconnecting (1/3)...
[18:06:58.433] [Global WebSocket] Suppressed error to prevent crash: Unexpected server response: 404
[18:06:58.433] [PAI SDK] WebSocket closed, reconnecting (1/3)...
[18:07:08.618] [Global WebSocket] Suppressed error to prevent crash: Unexpected server response: 404
[18:07:08.619] [PAI SDK] WebSocket closed, reconnecting (1/3)...
[18:07:18.943] [Global WebSocket] Suppressed error to prevent crash: Unexpected server response: 404
[18:07:18.944] [PAI SDK] WebSocket closed, reconnecting (1/3)...
[18:07:29.136] [Global WebSocket] Suppressed error to prevent crash: Unexpected server response: 404
[18:07:29.137] [PAI SDK] WebSocket closed, reconnecting (1/3)...
[18:07:39.451] [Global WebSocket] Suppressed error to prevent crash: Unexpected server response: 404
[18:07:39.452] [PAI SDK] WebSocket closed, reconnecting (1/3)...
[18:07:49.637] [Global WebSocket] Suppressed error to prevent crash: Unexpected server response: 404
[18:07:49.638] [PAI SDK] WebSocket closed, reconnecting (1/3)...
[18:07:59.937] [Global WebSocket] Suppressed error to prevent crash: Unexpected server response: 404
[18:07:59.938] [PAI SDK] WebSocket closed, reconnecting (1/3)...
[18:08:10.148] [Global WebSocket] Suppressed error to prevent crash: Unexpected server response: 404
[18:08:10.149] [PAI SDK] WebSocket closed, reconnecting (1/3)...
[18:08:20.451] [Global WebSocket] Suppressed error to prevent crash: Unexpected server response: 404
[18:08:20.451] [PAI SDK] WebSocket closed, reconnecting (1/3)...
[18:08:30.670] [Global WebSocket] Suppressed error to prevent crash: Unexpected server response: 404
[18:08:30.671] [PAI SDK] WebSocket closed, reconnecting (1/3)...
[18:08:41.012] [Global WebSocket] Suppressed error to prevent crash: Unexpected server response: 404
[18:08:41.013] [PAI SDK] WebSocket closed, reconnecting (1/3)...
[18:08:51.222] [Global WebSocket] Suppressed error to prevent crash: Unexpected server response: 404
[18:08:51.222] [PAI SDK] WebSocket closed, reconnecting (1/3)...
[18:09:01.441] [Global WebSocket] Suppressed error to prevent crash: Unexpected server response: 404
[18:09:01.441] [PAI SDK] WebSocket closed, reconnecting (1/3)...
[18:09:11.645] [Global WebSocket] Suppressed error to prevent crash: Unexpected server response: 404
[18:09:11.646] [PAI SDK] WebSocket closed, reconnecting (1/3)...
[18:09:21.859] [Global WebSocket] Suppressed error to prevent crash: Unexpected server response: 404
[18:09:21.859] [PAI SDK] WebSocket closed, reconnecting (1/3)...
[18:09:32.043] [Global WebSocket] Suppressed error to prevent crash: Unexpected server response: 404
[18:09:32.044] [PAI SDK] WebSocket closed, reconnecting (1/3)...
[18:09:42.235] [Global WebSocket] Suppressed error to prevent crash: Unexpected server response: 404
[18:09:42.236] [PAI SDK] WebSocket closed, reconnecting (1/3)...
[18:09:52.422] [Global WebSocket] Suppressed error to prevent crash: Unexpected server response: 404
[18:09:52.423] [PAI SDK] WebSocket closed, reconnecting (1/3)...
[18:10:02.629] [Global WebSocket] Suppressed error to prevent crash: Unexpected server response: 404
[18:10:02.630] [PAI SDK] WebSocket closed, reconnecting (1/3)...
[18:10:12.823] [Global WebSocket] Suppressed error to prevent crash: Unexpected server response: 404
[18:10:12.823] [PAI SDK] WebSocket closed, reconnecting (1/3)...
[18:10:23.005] [Global WebSocket] Suppressed error to prevent crash: Unexpected server response: 404
[18:10:23.005] [PAI SDK] WebSocket closed, reconnecting (1/3)...
[18:10:33.192] [Global WebSocket] Suppressed error to prevent crash: Unexpected server response: 404
[18:10:33.192] [PAI SDK] WebSocket closed, reconnecting (1/3)...
[18:10:43.387] [Global WebSocket] Suppressed error to prevent crash: Unexpected server response: 404
[18:10:43.388] [PAI SDK] WebSocket closed, reconnecting (1/3)...
[18:10:53.656] [Global WebSocket] Suppressed error to prevent crash: Unexpected server response: 404
[18:10:53.657] [PAI SDK] WebSocket closed, reconnecting (1/3)...
[18:11:03.838] [Global WebSocket] Suppressed error to prevent crash: Unexpected server response: 404
[18:11:03.839] [PAI SDK] WebSocket closed, reconnecting (1/3)...
[18:11:14.039] [Global WebSocket] Suppressed error to prevent crash: Unexpected server response: 404
[18:11:14.040] [PAI SDK] WebSocket closed, reconnecting (1/3)...
[18:11:24.228] [Global WebSocket] Suppressed error to prevent crash: Unexpected server response: 404
[18:11:24.229] [PAI SDK] WebSocket closed, reconnecting (1/3)...
[18:11:34.428] [Global WebSocket] Suppressed error to prevent crash: Unexpected server response: 404
[18:11:34.428] [PAI SDK] WebSocket closed, reconnecting (1/3)...
[18:11:44.620] [Global WebSocket] Suppressed error to prevent crash: Unexpected server response: 404
[18:11:44.621] [PAI SDK] WebSocket closed, reconnecting (1/3)...
[18:11:54.815] [Global WebSocket] Suppressed error to prevent crash: Unexpected server response: 404
[18:11:54.816] [PAI SDK] WebSocket closed, reconnecting (1/3)...
[18:12:05.012] [Global WebSocket] Suppressed error to prevent crash: Unexpected server response: 404
[18:12:05.012] [PAI SDK] WebSocket closed, reconnecting (1/3)...
[18:12:15.193] [Global WebSocket] Suppressed error to prevent crash: Unexpected server response: 404
[18:12:15.193] [PAI SDK] WebSocket closed, reconnecting (1/3)...
[18:12:25.382] [Global WebSocket] Suppressed error to prevent crash: Unexpected server response: 404
[18:12:25.383] [PAI SDK] WebSocket closed, reconnecting (1/3)...
[18:12:35.593] [Global WebSocket] Suppressed error to prevent crash: Unexpected server response: 404
[18:12:35.593] [PAI SDK] WebSocket closed, reconnecting (1/3)...
[18:12:45.778] [Global WebSocket] Suppressed error to prevent crash: Unexpected server response: 404
[18:12:45.778] [PAI SDK] WebSocket closed, reconnecting (1/3)...
[18:12:55.974] [Global WebSocket] Suppressed error to prevent crash: Unexpected server response: 404
[18:12:55.974] [PAI SDK] WebSocket closed, reconnecting (1/3)...
[18:13:06.173] [Global WebSocket] Suppressed error to prevent crash: Unexpected server response: 404
[18:13:06.174] [PAI SDK] WebSocket closed, reconnecting (1/3)...
[18:13:16.368] [Global WebSocket] Suppressed error to prevent crash: Unexpected server response: 404
[18:13:16.369] [PAI SDK] WebSocket closed, reconnecting (1/3)...
[18:13:26.606] [Global WebSocket] Suppressed error to prevent crash: Unexpected server response: 404
[18:13:26.607] [PAI SDK] WebSocket closed, reconnecting (1/3)...
[18:13:36.802] [Global WebSocket] Suppressed error to prevent crash: Unexpected server response: 404
[18:13:36.802] [PAI SDK] WebSocket closed, reconnecting (1/3)...
[18:13:47.000] [Global WebSocket] Suppressed error to prevent crash: Unexpected server response: 404
[18:13:47.000] [PAI SDK] WebSocket closed, reconnecting (1/3)...
[18:13:57.198] [Global WebSocket] Suppressed error to prevent crash: Unexpected server response: 404
[18:13:57.198] [PAI SDK] WebSocket closed, reconnecting (1/3)...
[18:14:07.397] [Global WebSocket] Suppressed error to prevent crash: Unexpected server response: 404
[18:14:07.398] [PAI SDK] WebSocket closed, reconnecting (1/3)...
[18:14:17.616] [Global WebSocket] Suppressed error to prevent crash: Unexpected server response: 404
[18:14:17.617] [PAI SDK] WebSocket closed, reconnecting (1/3)...
[18:14:27.817] [Global WebSocket] Suppressed error to prevent crash: Unexpected server response: 404
[18:14:27.818] [PAI SDK] WebSocket closed, reconnecting (1/3)...
[18:14:38.009] [Global WebSocket] Suppressed error to prevent crash: Unexpected server response: 404
[18:14:38.010] [PAI SDK] WebSocket closed, reconnecting (1/3)...
[18:14:48.197] [Global WebSocket] Suppressed error to prevent crash: Unexpected server response: 404
[18:14:48.198] [PAI SDK] WebSocket closed, reconnecting (1/3)...
[18:14:58.394] [Global WebSocket] Suppressed error to prevent crash: Unexpected server response: 404
[18:14:58.394] [PAI SDK] WebSocket closed, reconnecting (1/3)...
[18:15:08.594] [Global WebSocket] Suppressed error to prevent crash: Unexpected server response: 404
[18:15:08.594] [PAI SDK] WebSocket closed, reconnecting (1/3)...
[18:15:18.798] [Global WebSocket] Suppressed error to prevent crash: Unexpected server response: 404
[18:15:18.799] [PAI SDK] WebSocket closed, reconnecting (1/3)...
[18:15:28.984] [Global WebSocket] Suppressed error to prevent crash: Unexpected server response: 404
[18:15:28.985] [PAI SDK] WebSocket closed, reconnecting (1/3)...
[18:15:39.193] [Global WebSocket] Suppressed error to prevent crash: Unexpected server response: 404
[18:15:39.193] [PAI SDK] WebSocket closed, reconnecting (1/3)...
[18:15:49.381] [Global WebSocket] Suppressed error to prevent crash: Unexpected server response: 404
[18:15:49.382] [PAI SDK] WebSocket closed, reconnecting (1/3)...
[18:15:59.578] [Global WebSocket] Suppressed error to prevent crash: Unexpected server response: 404
[18:15:59.579] [PAI SDK] WebSocket closed, reconnecting (1/3)...
[18:16:09.771] [Global WebSocket] Suppressed error to prevent crash: Unexpected server response: 404
[18:16:09.771] [PAI SDK] WebSocket closed, reconnecting (1/3)...
[18:16:19.979] [Global WebSocket] Suppressed error to prevent crash: Unexpected server response: 404
[18:16:19.980] [PAI SDK] WebSocket closed, reconnecting (1/3)...
[18:16:30.177] [Global WebSocket] Suppressed error to prevent crash: Unexpected server response: 404
[18:16:30.178] [PAI SDK] WebSocket closed, reconnecting (1/3)...
[18:16:40.367] [Global WebSocket] Suppressed error to prevent crash: Unexpected server response: 404
[18:16:40.368] [PAI SDK] WebSocket closed, reconnecting (1/3)...
[18:16:50.552] [Global WebSocket] Suppressed error to prevent crash: Unexpected server response: 404
[18:16:50.552] [PAI SDK] WebSocket closed, reconnecting (1/3)...
[18:17:00.848] [Global WebSocket] Suppressed error to prevent crash: Unexpected server response: 404
[18:17:00.849] [PAI SDK] WebSocket closed, reconnecting (1/3)...
[18:17:11.058] [Global WebSocket] Suppressed error to prevent crash: Unexpected server response: 404
[18:17:11.059] [PAI SDK] WebSocket closed, reconnecting (1/3)...
[18:17:21.352] [Global WebSocket] Suppressed error to prevent crash: Unexpected server response: 404
[18:17:21.352] [PAI SDK] WebSocket closed, reconnecting (1/3)...
[18:17:31.538] [Global WebSocket] Suppressed error to prevent crash: Unexpected server response: 404
[18:17:31.539] [PAI SDK] WebSocket closed, reconnecting (1/3)...
[18:17:41.869] [Global WebSocket] Suppressed error to prevent crash: Unexpected server response: 404
[18:17:41.870] [PAI SDK] WebSocket closed, reconnecting (1/3)...
[18:17:52.071] [Global WebSocket] Suppressed error to prevent crash: Unexpected server response: 404
[18:17:52.072] [PAI SDK] WebSocket closed, reconnecting (1/3)...
[18:18:02.362] [Global WebSocket] Suppressed error to prevent crash: Unexpected server response: 404
[18:18:02.363] [PAI SDK] WebSocket closed, reconnecting (1/3)...
[18:18:12.547] [Global WebSocket] Suppressed error to prevent crash: Unexpected server response: 404
[18:18:12.548] [PAI SDK] WebSocket closed, reconnecting (1/3)...
[18:18:22.875] [Global WebSocket] Suppressed error to prevent crash: Unexpected server response: 404
[18:18:22.876] [PAI SDK] WebSocket closed, reconnecting (1/3)...
[18:18:33.079] [Global WebSocket] Suppressed error to prevent crash: Unexpected server response: 404
[18:18:33.079] [PAI SDK] WebSocket closed, reconnecting (1/3)...
[18:18:43.382] [Global WebSocket] Suppressed error to prevent crash: Unexpected server response: 404
[18:18:43.383] [PAI SDK] WebSocket closed, reconnecting (1/3)...
[18:18:53.585] [Global WebSocket] Suppressed error to prevent crash: Unexpected server response: 404
[18:18:53.585] [PAI SDK] WebSocket closed, reconnecting (1/3)...
[18:19:03.901] [Global WebSocket] Suppressed error to prevent crash: Unexpected server response: 404
[18:19:03.902] [PAI SDK] WebSocket closed, reconnecting (1/3)...
[18:19:14.098] [Global WebSocket] Suppressed error to prevent crash: Unexpected server response: 404
[18:19:14.098] [PAI SDK] WebSocket closed, reconnecting (1/3)...
[18:19:24.401] [Global WebSocket] Suppressed error to prevent crash: Unexpected server response: 404
[18:19:24.402] [PAI SDK] WebSocket closed, reconnecting (1/3)...
[18:19:34.586] [Global WebSocket] Suppressed error to prevent crash: Unexpected server response: 404
[18:19:34.586] [PAI SDK] WebSocket closed, reconnecting (1/3)...
[18:19:44.906] [Global WebSocket] Suppressed error to prevent crash: Unexpected server response: 404
[18:19:44.906] [PAI SDK] WebSocket closed, reconnecting (1/3)...
[18:19:55.104] [Global WebSocket] Suppressed error to prevent crash: Unexpected server response: 404
[18:19:55.104] [PAI SDK] WebSocket closed, reconnecting (1/3)...
[18:20:05.385] [Global WebSocket] Suppressed error to prevent crash: Unexpected server response: 404
[18:20:05.386] [PAI SDK] WebSocket closed, reconnecting (1/3)...
[18:20:15.573] [Global WebSocket] Suppressed error to prevent crash: Unexpected server response: 404
[18:20:15.574] [PAI SDK] WebSocket closed, reconnecting (1/3)...
[18:20:25.897] [Global WebSocket] Suppressed error to prevent crash: Unexpected server response: 404
[18:20:25.898] [PAI SDK] WebSocket closed, reconnecting (1/3)...
[18:20:36.101] [Global WebSocket] Suppressed error to prevent crash: Unexpected server response: 404
[18:20:36.102] [PAI SDK] WebSocket closed, reconnecting (1/3)...
[18:20:46.376] [Global WebSocket] Suppressed error to prevent crash: Unexpected server response: 404
[18:20:46.377] [PAI SDK] WebSocket closed, reconnecting (1/3)...
[18:20:56.578] [Global WebSocket] Suppressed error to prevent crash: Unexpected server response: 404
[18:20:56.579] [PAI SDK] WebSocket closed, reconnecting (1/3)...
[18:21:06.900] [Global WebSocket] Suppressed error to prevent crash: Unexpected server response: 404
[18:21:06.901] [PAI SDK] WebSocket closed, reconnecting (1/3)...
[18:21:17.101] [Global WebSocket] Suppressed error to prevent crash: Unexpected server response: 404
[18:21:17.102] [PAI SDK] WebSocket closed, reconnecting (1/3)...
[18:21:27.407] [Global WebSocket] Suppressed error to prevent crash: Unexpected server response: 404
[18:21:27.408] [PAI SDK] WebSocket closed, reconnecting (1/3)...
[18:21:37.585] [Global WebSocket] Suppressed error to prevent crash: Unexpected server response: 404
[18:21:37.586] [PAI SDK] WebSocket closed, reconnecting (1/3)...
[18:21:47.925] [Global WebSocket] Suppressed error to prevent crash: Unexpected server response: 404
[18:21:47.926] [PAI SDK] WebSocket closed, reconnecting (1/3)...
[18:21:58.124] [Global WebSocket] Suppressed error to prevent crash: Unexpected server response: 404
[18:21:58.125] [PAI SDK] WebSocket closed, reconnecting (1/3)...
[18:22:08.399] [Global WebSocket] Suppressed error to prevent crash: Unexpected server response: 404
[18:22:08.399] [PAI SDK] WebSocket closed, reconnecting (1/3)...
[18:22:18.591] [Global WebSocket] Suppressed error to prevent crash: Unexpected server response: 404
[18:22:18.591] [PAI SDK] WebSocket closed, reconnecting (1/3)...
[18:22:28.873] [Global WebSocket] Suppressed error to prevent crash: Unexpected server response: 404
[18:22:28.874] [PAI SDK] WebSocket closed, reconnecting (1/3)...
[18:22:39.066] [Global WebSocket] Suppressed error to prevent crash: Unexpected server response: 404
[18:22:39.066] [PAI SDK] WebSocket closed, reconnecting (1/3)...
[18:22:49.391] [Global WebSocket] Suppressed error to prevent crash: Unexpected server response: 404
[18:22:49.392] [PAI SDK] WebSocket closed, reconnecting (1/3)...
[18:22:59.592] [Global WebSocket] Suppressed error to prevent crash: Unexpected server response: 404
[18:22:59.593] [PAI SDK] WebSocket closed, reconnecting (1/3)...
[18:23:09.866] [Global WebSocket] Suppressed error to prevent crash: Unexpected server response: 404
[18:23:09.866] [PAI SDK] WebSocket closed, reconnecting (1/3)...
[18:23:20.060] [Global WebSocket] Suppressed error to prevent crash: Unexpected server response: 404
[18:23:20.061] [PAI SDK] WebSocket closed, reconnecting (1/3)...
[18:23:30.368] [Global WebSocket] Suppressed error to prevent crash: Unexpected server response: 404
[18:23:30.368] [PAI SDK] WebSocket closed, reconnecting (1/3)...
[18:23:40.566] [Global WebSocket] Suppressed error to prevent crash: Unexpected server response: 404
[18:23:40.566] [PAI SDK] WebSocket closed, reconnecting (1/3)...
[18:23:50.900] [Global WebSocket] Suppressed error to prevent crash: Unexpected server response: 404
[18:23:50.900] [PAI SDK] WebSocket closed, reconnecting (1/3)...
[18:24:01.119] [Global WebSocket] Suppressed error to prevent crash: Unexpected server response: 404
[18:24:01.120] [PAI SDK] WebSocket closed, reconnecting (1/3)...
[18:24:11.386] [Global WebSocket] Suppressed error to prevent crash: Unexpected server response: 404
[18:24:11.387] [PAI SDK] WebSocket closed, reconnecting (1/3)...
[18:24:21.572] [Global WebSocket] Suppressed error to prevent crash: Unexpected server response: 404
[18:24:21.573] [PAI SDK] WebSocket closed, reconnecting (1/3)...
[18:24:31.907] [Global WebSocket] Suppressed error to prevent crash: Unexpected server response: 404
[18:24:31.908] [PAI SDK] WebSocket closed, reconnecting (1/3)...
[18:24:42.094] [Global WebSocket] Suppressed error to prevent crash: Unexpected server response: 404
[18:24:42.095] [PAI SDK] WebSocket closed, reconnecting (1/3)...
[18:24:52.399] [Global WebSocket] Suppressed error to prevent crash: Unexpected server response: 404
[18:24:52.400] [PAI SDK] WebSocket closed, reconnecting (1/3)...
[18:25:02.610] [Global WebSocket] Suppressed error to prevent crash: Unexpected server response: 404
[18:25:02.610] [PAI SDK] WebSocket closed, reconnecting (1/3)...
[18:25:12.875] [Global WebSocket] Suppressed error to prevent crash: Unexpected server response: 404
[18:25:12.875] [PAI SDK] WebSocket closed, reconnecting (1/3)...
[18:25:23.056] [Global WebSocket] Suppressed error to prevent crash: Unexpected server response: 404
[18:25:23.056] [PAI SDK] WebSocket closed, reconnecting (1/3)...
[18:25:33.330] [Global WebSocket] Suppressed error to prevent crash: Unexpected server response: 404
[18:25:33.331] [PAI SDK] WebSocket closed, reconnecting (1/3)...
[18:25:43.525] [Global WebSocket] Suppressed error to prevent crash: Unexpected server response: 404
[18:25:43.525] [PAI SDK] WebSocket closed, reconnecting (1/3)...
[18:25:53.878] [Global WebSocket] Suppressed error to prevent crash: Unexpected server response: 404
[18:25:53.878] [PAI SDK] WebSocket closed, reconnecting (1/3)...
[18:26:04.098] [Global WebSocket] Suppressed error to prevent crash: Unexpected server response: 404
[18:26:04.099] [PAI SDK] WebSocket closed, reconnecting (1/3)...
[18:26:14.383] [Global WebSocket] Suppressed error to prevent crash: Unexpected server response: 404
[18:26:14.384] [PAI SDK] WebSocket closed, reconnecting (1/3)...
[18:26:24.598] [Global WebSocket] Suppressed error to prevent crash: Unexpected server response: 404
[18:26:24.599] [PAI SDK] WebSocket closed, reconnecting (1/3)...
[18:26:34.937] [Global WebSocket] Suppressed error to prevent crash: Unexpected server response: 404
[18:26:34.938] [PAI SDK] WebSocket closed, reconnecting (1/3)...
[18:26:45.129] [Global WebSocket] Suppressed error to prevent crash: Unexpected server response: 404
[18:26:45.129] [PAI SDK] WebSocket closed, reconnecting (1/3)...
[18:26:55.484] [Global WebSocket] Suppressed error to prevent crash: Unexpected server response: 404
[18:26:55.484] [PAI SDK] WebSocket closed, reconnecting (1/3)...
[18:27:05.677] [Global WebSocket] Suppressed error to prevent crash: Unexpected server response: 404
[18:27:05.677] [PAI SDK] WebSocket closed, reconnecting (1/3)...
[18:27:15.918] [Global WebSocket] Suppressed error to prevent crash: Unexpected server response: 404
[18:27:15.919] [PAI SDK] WebSocket closed, reconnecting (1/3)...
[18:27:26.118] [Global WebSocket] Suppressed error to prevent crash: Unexpected server response: 404
[18:27:26.119] [PAI SDK] WebSocket closed, reconnecting (1/3)...
[18:27:36.387] [Global WebSocket] Suppressed error to prevent crash: Unexpected server response: 404
[18:27:36.387] [PAI SDK] WebSocket closed, reconnecting (1/3)...
[18:27:46.584] [Global WebSocket] Suppressed error to prevent crash: Unexpected server response: 404
[18:27:46.585] [PAI SDK] WebSocket closed, reconnecting (1/3)...
[18:27:56.831] [Global WebSocket] Suppressed error to prevent crash: Unexpected server response: 404
[18:27:56.832] [PAI SDK] WebSocket closed, reconnecting (1/3)...
[18:28:07.045] [Global WebSocket] Suppressed error to prevent crash: Unexpected server response: 404
[18:28:07.046] [PAI SDK] WebSocket closed, reconnecting (1/3)...
[18:28:17.288] [Global WebSocket] Suppressed error to prevent crash: Unexpected server response: 404
[18:28:17.288] [PAI SDK] WebSocket closed, reconnecting (1/3)...
[18:28:27.477] [Global WebSocket] Suppressed error to prevent crash: Unexpected server response: 404
[18:28:27.478] [PAI SDK] WebSocket closed, reconnecting (1/3)...
[18:28:37.711] [Global WebSocket] Suppressed error to prevent crash: Unexpected server response: 404
[18:28:37.711] [PAI SDK] WebSocket closed, reconnecting (1/3)...
[18:28:47.909] [Global WebSocket] Suppressed error to prevent crash: Unexpected server response: 404
[18:28:47.910] [PAI SDK] WebSocket closed, reconnecting (1/3)...
[18:28:58.131] [Global WebSocket] Suppressed error to prevent crash: Unexpected server response: 404
[18:28:58.132] [PAI SDK] WebSocket closed, reconnecting (1/3)...
[18:29:08.327] [Global WebSocket] Suppressed error to prevent crash: Unexpected server response: 404
[18:29:08.327] [PAI SDK] WebSocket closed, reconnecting (1/3)...
[18:29:18.601] [Global WebSocket] Suppressed error to prevent crash: Unexpected server response: 404
[18:29:18.602] [PAI SDK] WebSocket closed, reconnecting (1/3)...
[18:29:28.808] [Global WebSocket] Suppressed error to prevent crash: Unexpected server response: 404
[18:29:28.809] [PAI SDK] WebSocket closed, reconnecting (1/3)...
[18:29:39.004] [Global WebSocket] Suppressed error to prevent crash: Unexpected server response: 404
[18:29:39.004] [PAI SDK] WebSocket closed, reconnecting (1/3)...
[18:29:49.206] [Global WebSocket] Suppressed error to prevent crash: Unexpected server response: 404
[18:29:49.206] [PAI SDK] WebSocket closed, reconnecting (1/3)...
[18:29:59.411] [Global WebSocket] Suppressed error to prevent crash: Unexpected server response: 404
[18:29:59.412] [PAI SDK] WebSocket closed, reconnecting (1/3)...
[18:30:09.641] [Global WebSocket] Suppressed error to prevent crash: Unexpected server response: 404
[18:30:09.642] [PAI SDK] WebSocket closed, reconnecting (1/3)...
[18:30:19.841] [Global WebSocket] Suppressed error to prevent crash: Unexpected server response: 404
[18:30:19.842] [PAI SDK] WebSocket closed, reconnecting (1/3)...
[18:30:30.052] [Global WebSocket] Suppressed error to prevent crash: Unexpected server response: 404
[18:30:30.052] [PAI SDK] WebSocket closed, reconnecting (1/3)...
[18:30:40.242] [Global WebSocket] Suppressed error to prevent crash: Unexpected server response: 404
[18:30:40.243] [PAI SDK] WebSocket closed, reconnecting (1/3)...
[18:30:50.428] [Global WebSocket] Suppressed error to prevent crash: Unexpected server response: 404
[18:30:50.428] [PAI SDK] WebSocket closed, reconnecting (1/3)...
[18:31:00.644] [Global WebSocket] Suppressed error to prevent crash: Unexpected server response: 404
[18:31:00.644] [PAI SDK] WebSocket closed, reconnecting (1/3)...
[18:31:10.832] [Global WebSocket] Suppressed error to prevent crash: Unexpected server response: 404
[18:31:10.832] [PAI SDK] WebSocket closed, reconnecting (1/3)...
[18:31:21.035] [Global WebSocket] Suppressed error to prevent crash: Unexpected server response: 404
[18:31:21.036] [PAI SDK] WebSocket closed, reconnecting (1/3)...
[18:31:31.235] [Global WebSocket] Suppressed error to prevent crash: Unexpected server response: 404
[18:31:31.236] [PAI SDK] WebSocket closed, reconnecting (1/3)...
[18:31:41.449] [Global WebSocket] Suppressed error to prevent crash: Unexpected server response: 404
[18:31:41.449] [PAI SDK] WebSocket closed, reconnecting (1/3)...
[18:31:51.645] [Global WebSocket] Suppressed error to prevent crash: Unexpected server response: 404
[18:31:51.645] [PAI SDK] WebSocket closed, reconnecting (1/3)...
[18:32:01.855] [Global WebSocket] Suppressed error to prevent crash: Unexpected server response: 404
[18:32:01.856] [PAI SDK] WebSocket closed, reconnecting (1/3)...
[18:32:12.045] [Global WebSocket] Suppressed error to prevent crash: Unexpected server response: 404
[18:32:12.045] [PAI SDK] WebSocket closed, reconnecting (1/3)...
[18:32:22.237] [Global WebSocket] Suppressed error to prevent crash: Unexpected server response: 404
[18:32:22.238] [PAI SDK] WebSocket closed, reconnecting (1/3)...
[18:32:32.427] [Global WebSocket] Suppressed error to prevent crash: Unexpected server response: 404
[18:32:32.428] [PAI SDK] WebSocket closed, reconnecting (1/3)...
[18:32:42.617] [Global WebSocket] Suppressed error to prevent crash: Unexpected server response: 404
[18:32:42.618] [PAI SDK] WebSocket closed, reconnecting (1/3)...
[18:32:52.810] [Global WebSocket] Suppressed error to prevent crash: Unexpected server response: 404
[18:32:52.810] [PAI SDK] WebSocket closed, reconnecting (1/3)...
[18:33:03.006] [Global WebSocket] Suppressed error to prevent crash: Unexpected server response: 404
[18:33:03.007] [PAI SDK] WebSocket closed, reconnecting (1/3)...
[18:33:13.206] [Global WebSocket] Suppressed error to prevent crash: Unexpected server response: 404
[18:33:13.207] [PAI SDK] WebSocket closed, reconnecting (1/3)...
[18:33:23.404] [Global WebSocket] Suppressed error to prevent crash: Unexpected server response: 404
[18:33:23.404] [PAI SDK] WebSocket closed, reconnecting (1/3)...
[18:33:33.603] [Global WebSocket] Suppressed error to prevent crash: Unexpected server response: 404
[18:33:33.603] [PAI SDK] WebSocket closed, reconnecting (1/3)...
[18:33:43.783] [Global WebSocket] Suppressed error to prevent crash: Unexpected server response: 404
[18:33:43.783] [PAI SDK] WebSocket closed, reconnecting (1/3)...
[18:33:53.983] [Global WebSocket] Suppressed error to prevent crash: Unexpected server response: 404
[18:33:53.983] [PAI SDK] WebSocket closed, reconnecting (1/3)...
[18:34:04.178] [Global WebSocket] Suppressed error to prevent crash: Unexpected server response: 404
[18:34:04.178] [PAI SDK] WebSocket closed, reconnecting (1/3)...
[18:34:14.370] [Global WebSocket] Suppressed error to prevent crash: Unexpected server response: 404
[18:34:14.371] [PAI SDK] WebSocket closed, reconnecting (1/3)...
[18:34:24.574] [Global WebSocket] Suppressed error to prevent crash: Unexpected server response: 404
[18:34:24.575] [PAI SDK] WebSocket closed, reconnecting (1/3)...
[18:34:34.759] [Global WebSocket] Suppressed error to prevent crash: Unexpected server response: 404
[18:34:34.759] [PAI SDK] WebSocket closed, reconnecting (1/3)...
[18:34:44.950] [Global WebSocket] Suppressed error to prevent crash: Unexpected server response: 404
[18:34:44.951] [PAI SDK] WebSocket closed, reconnecting (1/3)...
[18:34:55.142] [Global WebSocket] Suppressed error to prevent crash: Unexpected server response: 404
[18:34:55.142] [PAI SDK] WebSocket closed, reconnecting (1/3)...
[18:35:05.349] [Global WebSocket] Suppressed error to prevent crash: Unexpected server response: 404
[18:35:05.350] [PAI SDK] WebSocket closed, reconnecting (1/3)...
[18:35:15.538] [Global WebSocket] Suppressed error to prevent crash: Unexpected server response: 404
[18:35:15.538] [PAI SDK] WebSocket closed, reconnecting (1/3)...
[18:35:25.728] [Global WebSocket] Suppressed error to prevent crash: Unexpected server response: 404
[18:35:25.728] [PAI SDK] WebSocket closed, reconnecting (1/3)...
[18:35:35.924] [Global WebSocket] Suppressed error to prevent crash: Unexpected server response: 404
[18:35:35.925] [PAI SDK] WebSocket closed, reconnecting (1/3)...
[18:35:46.122] [Global WebSocket] Suppressed error to prevent crash: Unexpected server response: 404
[18:35:46.123] [PAI SDK] WebSocket closed, reconnecting (1/3)...
[18:35:56.324] [Global WebSocket] Suppressed error to prevent crash: Unexpected server response: 404
[18:35:56.324] [PAI SDK] WebSocket closed, reconnecting (1/3)...
[18:36:06.521] [Global WebSocket] Suppressed error to prevent crash: Unexpected server response: 404
[18:36:06.521] [PAI SDK] WebSocket closed, reconnecting (1/3)...
[18:36:16.732] [Global WebSocket] Suppressed error to prevent crash: Unexpected server response: 404
[18:36:16.733] [PAI SDK] WebSocket closed, reconnecting (1/3)...
[18:36:26.927] [Global WebSocket] Suppressed error to prevent crash: Unexpected server response: 404
[18:36:26.928] [PAI SDK] WebSocket closed, reconnecting (1/3)...
[18:36:37.121] [Global WebSocket] Suppressed error to prevent crash: Unexpected server response: 404
[18:36:37.121] [PAI SDK] WebSocket closed, reconnecting (1/3)...
[18:36:47.326] [Global WebSocket] Suppressed error to prevent crash: Unexpected server response: 404
[18:36:47.327] [PAI SDK] WebSocket closed, reconnecting (1/3)...
[18:36:57.526] [Global WebSocket] Suppressed error to prevent crash: Unexpected server response: 404
[18:36:57.527] [PAI SDK] WebSocket closed, reconnecting (1/3)...
[18:37:07.725] [Global WebSocket] Suppressed error to prevent crash: Unexpected server response: 404
[18:37:07.726] [PAI SDK] WebSocket closed, reconnecting (1/3)...
[18:37:17.917] [Global WebSocket] Suppressed error to prevent crash: Unexpected server response: 404
[18:37:17.917] [PAI SDK] WebSocket closed, reconnecting (1/3)...
[18:37:28.098] [Global WebSocket] Suppressed error to prevent crash: Unexpected server response: 404
[18:37:28.099] [PAI SDK] WebSocket closed, reconnecting (1/3)...
[18:37:38.301] [Global WebSocket] Suppressed error to prevent crash: Unexpected server response: 404
[18:37:38.301] [PAI SDK] WebSocket closed, reconnecting (1/3)...
[18:37:48.507] [Global WebSocket] Suppressed error to prevent crash: Unexpected server response: 404
[18:37:48.507] [PAI SDK] WebSocket closed, reconnecting (1/3)...
[18:37:58.711] [Global WebSocket] Suppressed error to prevent crash: Unexpected server response: 404
[18:37:58.711] [PAI SDK] WebSocket closed, reconnecting (1/3)...
[18:38:08.891] [Global WebSocket] Suppressed error to prevent crash: Unexpected server response: 404
[18:38:08.892] [PAI SDK] WebSocket closed, reconnecting (1/3)...
[18:38:19.137] [Global WebSocket] Suppressed error to prevent crash: Unexpected server response: 404
[18:38:19.138] [PAI SDK] WebSocket closed, reconnecting (1/3)...
[18:38:29.335] [Global WebSocket] Suppressed error to prevent crash: Unexpected server response: 404
[18:38:29.335] [PAI SDK] WebSocket closed, reconnecting (1/3)...
[18:38:39.538] [Global WebSocket] Suppressed error to prevent crash: Unexpected server response: 404
[18:38:39.538] [PAI SDK] WebSocket closed, reconnecting (1/3)...
[18:38:49.800] [Global WebSocket] Suppressed error to prevent crash: Unexpected server response: 404
[18:38:49.801] [PAI SDK] WebSocket closed, reconnecting (1/3)...
[18:38:59.997] [Global WebSocket] Suppressed error to prevent crash: Unexpected server response: 404
[18:38:59.997] [PAI SDK] WebSocket closed, reconnecting (1/3)...
[18:39:10.288] [Global WebSocket] Suppressed error to prevent crash: Unexpected server response: 404
[18:39:10.289] [PAI SDK] WebSocket closed, reconnecting (1/3)...
[18:39:20.492] [Global WebSocket] Suppressed error to prevent crash: Unexpected server response: 404
[18:39:20.492] [PAI SDK] WebSocket closed, reconnecting (1/3)...
[18:39:30.805] [Global WebSocket] Suppressed error to prevent crash: Unexpected server response: 404
[18:39:30.806] [PAI SDK] WebSocket closed, reconnecting (1/3)...
[18:39:41.003] [Global WebSocket] Suppressed error to prevent crash: Unexpected server response: 404
[18:39:41.003] [PAI SDK] WebSocket closed, reconnecting (1/3)...
[18:39:51.243] [Global WebSocket] Suppressed error to prevent crash: Unexpected server response: 404
[18:39:51.243] [PAI SDK] WebSocket closed, reconnecting (1/3)...
[18:40:01.434] [Global WebSocket] Suppressed error to prevent crash: Unexpected server response: 404
[18:40:01.435] [PAI SDK] WebSocket closed, reconnecting (1/3)...
[18:40:11.645] [Global WebSocket] Suppressed error to prevent crash: Unexpected server response: 404
[18:40:11.645] [PAI SDK] WebSocket closed, reconnecting (1/3)...
[18:40:21.827] [Global WebSocket] Suppressed error to prevent crash: Unexpected server response: 404
[18:40:21.827] [PAI SDK] WebSocket closed, reconnecting (1/3)...
[18:40:32.013] [Global WebSocket] Suppressed error to prevent crash: Unexpected server response: 404
[18:40:32.014] [PAI SDK] WebSocket closed, reconnecting (1/3)...
[18:40:42.213] [Global WebSocket] Suppressed error to prevent crash: Unexpected server response: 404
[18:40:42.213] [PAI SDK] WebSocket closed, reconnecting (1/3)...
[18:40:52.413] [Global WebSocket] Suppressed error to prevent crash: Unexpected server response: 404
[18:40:52.413] [PAI SDK] WebSocket closed, reconnecting (1/3)...
[18:41:02.604] [Global WebSocket] Suppressed error to prevent crash: Unexpected server response: 404
[18:41:02.604] [PAI SDK] WebSocket closed, reconnecting (1/3)...
[18:41:12.797] [Global WebSocket] Suppressed error to prevent crash: Unexpected server response: 404
[18:41:12.798] [PAI SDK] WebSocket closed, reconnecting (1/3)...
[18:41:22.988] [Global WebSocket] Suppressed error to prevent crash: Unexpected server response: 404
[18:41:22.988] [PAI SDK] WebSocket closed, reconnecting (1/3)...
[18:41:33.173] [Global WebSocket] Suppressed error to prevent crash: Unexpected server response: 404
[18:41:33.174] [PAI SDK] WebSocket closed, reconnecting (1/3)...
[18:41:43.366] [Global WebSocket] Suppressed error to prevent crash: Unexpected server response: 404
[18:41:43.367] [PAI SDK] WebSocket closed, reconnecting (1/3)...
[18:41:53.550] [Global WebSocket] Suppressed error to prevent crash: Unexpected server response: 404
[18:41:53.550] [PAI SDK] WebSocket closed, reconnecting (1/3)...
[18:42:03.743] [Global WebSocket] Suppressed error to prevent crash: Unexpected server response: 404
[18:42:03.743] [PAI SDK] WebSocket closed, reconnecting (1/3)...
[18:42:13.922] [Global WebSocket] Suppressed error to prevent crash: Unexpected server response: 404
[18:42:13.922] [PAI SDK] WebSocket closed, reconnecting (1/3)...
[18:42:24.124] [Global WebSocket] Suppressed error to prevent crash: Unexpected server response: 404
[18:42:24.125] [PAI SDK] WebSocket closed, reconnecting (1/3)...
[18:42:34.319] [Global WebSocket] Suppressed error to prevent crash: Unexpected server response: 404
[18:42:34.320] [PAI SDK] WebSocket closed, reconnecting (1/3)...
[18:42:44.502] [Global WebSocket] Suppressed error to prevent crash: Unexpected server response: 404
[18:42:44.503] [PAI SDK] WebSocket closed, reconnecting (1/3)...
[18:42:54.693] [Global WebSocket] Suppressed error to prevent crash: Unexpected server response: 404
[18:42:54.694] [PAI SDK] WebSocket closed, reconnecting (1/3)...
[18:43:04.890] [Global WebSocket] Suppressed error to prevent crash: Unexpected server response: 404
[18:43:04.890] [PAI SDK] WebSocket closed, reconnecting (1/3)...
[18:43:15.081] [Global WebSocket] Suppressed error to prevent crash: Unexpected server response: 404
[18:43:15.082] [PAI SDK] WebSocket closed, reconnecting (1/3)...
[18:43:25.265] [Global WebSocket] Suppressed error to prevent crash: Unexpected server response: 404
[18:43:25.266] [PAI SDK] WebSocket closed, reconnecting (1/3)...
[18:43:35.474] [Global WebSocket] Suppressed error to prevent crash: Unexpected server response: 404
[18:43:35.474] [PAI SDK] WebSocket closed, reconnecting (1/3)...
[18:43:45.664] [Global WebSocket] Suppressed error to prevent crash: Unexpected server response: 404
[18:43:45.664] [PAI SDK] WebSocket closed, reconnecting (1/3)...
[18:43:55.857] [Global WebSocket] Suppressed error to prevent crash: Unexpected server response: 404
[18:43:55.858] [PAI SDK] WebSocket closed, reconnecting (1/3)...
[18:44:06.053] [Global WebSocket] Suppressed error to prevent crash: Unexpected server response: 404
[18:44:06.054] [PAI SDK] WebSocket closed, reconnecting (1/3)...
[18:44:16.240] [Global WebSocket] Suppressed error to prevent crash: Unexpected server response: 404
[18:44:16.241] [PAI SDK] WebSocket closed, reconnecting (1/3)...
[18:44:26.441] [Global WebSocket] Suppressed error to prevent crash: Unexpected server response: 404
[18:44:26.441] [PAI SDK] WebSocket closed, reconnecting (1/3)...
[18:44:36.639] [Global WebSocket] Suppressed error to prevent crash: Unexpected server response: 404
[18:44:36.640] [PAI SDK] WebSocket closed, reconnecting (1/3)...
[18:44:46.853] [Global WebSocket] Suppressed error to prevent crash: Unexpected server response: 404
[18:44:46.853] [PAI SDK] WebSocket closed, reconnecting (1/3)...
[18:44:57.054] [Global WebSocket] Suppressed error to prevent crash: Unexpected server response: 404
[18:44:57.055] [PAI SDK] WebSocket closed, reconnecting (1/3)...
[18:45:07.230] [Global WebSocket] Suppressed error to prevent crash: Unexpected server response: 404
[18:45:07.230] [PAI SDK] WebSocket closed, reconnecting (1/3)...
[18:45:17.456] [Global WebSocket] Suppressed error to prevent crash: Unexpected server response: 404
[18:45:17.457] [PAI SDK] WebSocket closed, reconnecting (1/3)...
[18:45:27.676] [Global WebSocket] Suppressed error to prevent crash: Unexpected server response: 404
[18:45:27.676] [PAI SDK] WebSocket closed, reconnecting (1/3)...
[18:45:37.864] [Global WebSocket] Suppressed error to prevent crash: Unexpected server response: 404
[18:45:37.865] [PAI SDK] WebSocket closed, reconnecting (1/3)...
[18:45:48.119] [Global WebSocket] Suppressed error to prevent crash: Unexpected server response: 404
[18:45:48.120] [PAI SDK] WebSocket closed, reconnecting (1/3)...
[18:45:58.313] [Global WebSocket] Suppressed error to prevent crash: Unexpected server response: 404
[18:45:58.314] [PAI SDK] WebSocket closed, reconnecting (1/3)...
[18:46:08.626] [Global WebSocket] Suppressed error to prevent crash: Unexpected server response: 404
[18:46:08.626] [PAI SDK] WebSocket closed, reconnecting (1/3)...
[18:46:18.818] [Global WebSocket] Suppressed error to prevent crash: Unexpected server response: 404
[18:46:18.819] [PAI SDK] WebSocket closed, reconnecting (1/3)...
[18:46:29.083] [Global WebSocket] Suppressed error to prevent crash: Unexpected server response: 404
[18:46:29.083] [PAI SDK] WebSocket closed, reconnecting (1/3)...
[18:46:39.273] [Global WebSocket] Suppressed error to prevent crash: Unexpected server response: 404
[18:46:39.273] [PAI SDK] WebSocket closed, reconnecting (1/3)...
[18:46:49.604] [Global WebSocket] Suppressed error to prevent crash: Unexpected server response: 404
[18:46:49.604] [PAI SDK] WebSocket closed, reconnecting (1/3)...
[18:46:59.823] [Global WebSocket] Suppressed error to prevent crash: Unexpected server response: 404
[18:46:59.823] [PAI SDK] WebSocket closed, reconnecting (1/3)...
[18:47:10.131] [Global WebSocket] Suppressed error to prevent crash: Unexpected server response: 404
[18:47:10.131] [PAI SDK] WebSocket closed, reconnecting (1/3)...
[18:47:20.332] [Global WebSocket] Suppressed error to prevent crash: Unexpected server response: 404
[18:47:20.332] [PAI SDK] WebSocket closed, reconnecting (1/3)...
[18:47:30.622] [Global WebSocket] Suppressed error to prevent crash: Unexpected server response: 404
[18:47:30.622] [PAI SDK] WebSocket closed, reconnecting (1/3)...
[18:47:40.835] [Global WebSocket] Suppressed error to prevent crash: Unexpected server response: 404
[18:47:40.836] [PAI SDK] WebSocket closed, reconnecting (1/3)...
[18:47:51.161] [Global WebSocket] Suppressed error to prevent crash: Unexpected server response: 404
[18:47:51.162] [PAI SDK] WebSocket closed, reconnecting (1/3)...
[18:48:01.349] [Global WebSocket] Suppressed error to prevent crash: Unexpected server response: 404
[18:48:01.350] [PAI SDK] WebSocket closed, reconnecting (1/3)...
[18:48:11.655] [Global WebSocket] Suppressed error to prevent crash: Unexpected server response: 404
[18:48:11.656] [PAI SDK] WebSocket closed, reconnecting (1/3)...
[18:48:21.869] [Global WebSocket] Suppressed error to prevent crash: Unexpected server response: 404
[18:48:21.870] [PAI SDK] WebSocket closed, reconnecting (1/3)...
[18:48:32.186] [Global WebSocket] Suppressed error to prevent crash: Unexpected server response: 404
[18:48:32.186] [PAI SDK] WebSocket closed, reconnecting (1/3)...
[18:48:42.372] [Global WebSocket] Suppressed error to prevent crash: Unexpected server response: 404
[18:48:42.372] [PAI SDK] WebSocket closed, reconnecting (1/3)...
[18:48:52.712] [Global WebSocket] Suppressed error to prevent crash: Unexpected server response: 404
[18:48:52.713] [PAI SDK] WebSocket closed, reconnecting (1/3)...
[18:49:02.911] [Global WebSocket] Suppressed error to prevent crash: Unexpected server response: 404
[18:49:02.912] [PAI SDK] WebSocket closed, reconnecting (1/3)...
[18:49:13.204] [Global WebSocket] Suppressed error to prevent crash: Unexpected server response: 404
[18:49:13.205] [PAI SDK] WebSocket closed, reconnecting (1/3)...
[18:49:23.402] [Global WebSocket] Suppressed error to prevent crash: Unexpected server response: 404
[18:49:23.403] [PAI SDK] WebSocket closed, reconnecting (1/3)...
[18:49:33.740] [Global WebSocket] Suppressed error to prevent crash: Unexpected server response: 404
[18:49:33.740] [PAI SDK] WebSocket closed, reconnecting (1/3)...
[18:49:43.934] [Global WebSocket] Suppressed error to prevent crash: Unexpected server response: 404
[18:49:43.935] [PAI SDK] WebSocket closed, reconnecting (1/3)...
[18:49:54.181] [Global WebSocket] Suppressed error to prevent crash: Unexpected server response: 404
[18:49:54.181] [PAI SDK] WebSocket closed, reconnecting (1/3)...
[18:50:04.375] [Global WebSocket] Suppressed error to prevent crash: Unexpected server response: 404
[18:50:04.375] [PAI SDK] WebSocket closed, reconnecting (1/3)...
[18:50:14.794] [Global WebSocket] Suppressed error to prevent crash: Unexpected server response: 404
[18:50:14.794] [PAI SDK] WebSocket closed, reconnecting (1/3)...
[18:50:24.990] [Global WebSocket] Suppressed error to prevent crash: Unexpected server response: 404
[18:50:24.990] [PAI SDK] WebSocket closed, reconnecting (1/3)...
[18:50:35.179] [Global WebSocket] Suppressed error to prevent crash: Unexpected server response: 404
[18:50:35.180] [PAI SDK] WebSocket closed, reconnecting (1/3)...
[18:50:45.373] [Global WebSocket] Suppressed error to prevent crash: Unexpected server response: 404
[18:50:45.374] [PAI SDK] WebSocket closed, reconnecting (1/3)...
[18:50:55.693] [Global WebSocket] Suppressed error to prevent crash: Unexpected server response: 404
[18:50:55.694] [PAI SDK] WebSocket closed, reconnecting (1/3)...
[18:51:05.897] [Global WebSocket] Suppressed error to prevent crash: Unexpected server response: 404
[18:51:05.898] [PAI SDK] WebSocket closed, reconnecting (1/3)...
[18:51:16.078] [Global WebSocket] Suppressed error to prevent crash: Unexpected server response: 404
[18:51:16.079] [PAI SDK] WebSocket closed, reconnecting (1/3)...
[18:51:26.270] [Global WebSocket] Suppressed error to prevent crash: Unexpected server response: 404
[18:51:26.270] [PAI SDK] WebSocket closed, reconnecting (1/3)...
[18:51:36.451] [Global WebSocket] Suppressed error to prevent crash: Unexpected server response: 404
[18:51:36.452] [PAI SDK] WebSocket closed, reconnecting (1/3)...
[18:51:46.637] [Global WebSocket] Suppressed error to prevent crash: Unexpected server response: 404
[18:51:46.637] [PAI SDK] WebSocket closed, reconnecting (1/3)...
[18:51:56.824] [Global WebSocket] Suppressed error to prevent crash: Unexpected server response: 404
[18:51:56.825] [PAI SDK] WebSocket closed, reconnecting (1/3)...
[18:52:07.015] [Global WebSocket] Suppressed error to prevent crash: Unexpected server response: 404
[18:52:07.016] [PAI SDK] WebSocket closed, reconnecting (1/3)...
[18:52:17.201] [Global WebSocket] Suppressed error to prevent crash: Unexpected server response: 404
[18:52:17.202] [PAI SDK] WebSocket closed, reconnecting (1/3)...
[18:52:27.426] [Global WebSocket] Suppressed error to prevent crash: Unexpected server response: 404
[18:52:27.427] [PAI SDK] WebSocket closed, reconnecting (1/3)...
[18:52:37.616] [Global WebSocket] Suppressed error to prevent crash: Unexpected server response: 404
[18:52:37.616] [PAI SDK] WebSocket closed, reconnecting (1/3)...
[18:52:47.811] [Global WebSocket] Suppressed error to prevent crash: Unexpected server response: 404
[18:52:47.811] [PAI SDK] WebSocket closed, reconnecting (1/3)...
[18:52:58.011] [Global WebSocket] Suppressed error to prevent crash: Unexpected server response: 404
[18:52:58.011] [PAI SDK] WebSocket closed, reconnecting (1/3)...
[18:53:08.204] [Global WebSocket] Suppressed error to prevent crash: Unexpected server response: 404
[18:53:08.204] [PAI SDK] WebSocket closed, reconnecting (1/3)...
[18:53:18.394] [Global WebSocket] Suppressed error to prevent crash: Unexpected server response: 404
[18:53:18.395] [PAI SDK] WebSocket closed, reconnecting (1/3)...
[18:53:28.574] [Global WebSocket] Suppressed error to prevent crash: Unexpected server response: 404
[18:53:28.574] [PAI SDK] WebSocket closed, reconnecting (1/3)...
[18:53:38.766] [Global WebSocket] Suppressed error to prevent crash: Unexpected server response: 404
[18:53:38.767] [PAI SDK] WebSocket closed, reconnecting (1/3)...
[18:53:49.026] [Global WebSocket] Suppressed error to prevent crash: Unexpected server response: 404
[18:53:49.026] [PAI SDK] WebSocket closed, reconnecting (1/3)...
[18:53:59.224] [Global WebSocket] Suppressed error to prevent crash: Unexpected server response: 404
[18:53:59.224] [PAI SDK] WebSocket closed, reconnecting (1/3)...
[18:54:09.425] [Global WebSocket] Suppressed error to prevent crash: Unexpected server response: 404
[18:54:09.426] [PAI SDK] WebSocket closed, reconnecting (1/3)...
[18:54:19.623] [Global WebSocket] Suppressed error to prevent crash: Unexpected server response: 404
[18:54:19.623] [PAI SDK] WebSocket closed, reconnecting (1/3)...
[18:54:29.864] [Global WebSocket] Suppressed error to prevent crash: Unexpected server response: 404
[18:54:29.864] [PAI SDK] WebSocket closed, reconnecting (1/3)...
[18:54:40.185] [Global WebSocket] Suppressed error to prevent crash: Unexpected server response: 404
[18:54:40.185] [PAI SDK] WebSocket closed, reconnecting (1/3)...
[18:54:50.382] [Global WebSocket] Suppressed error to prevent crash: Unexpected server response: 404
[18:54:50.383] [PAI SDK] WebSocket closed, reconnecting (1/3)...
[18:55:00.644] [Global WebSocket] Suppressed error to prevent crash: Unexpected server response: 404
[18:55:00.645] [PAI SDK] WebSocket closed, reconnecting (1/3)...
[18:55:10.846] [Global WebSocket] Suppressed error to prevent crash: Unexpected server response: 404
[18:55:10.847] [PAI SDK] WebSocket closed, reconnecting (1/3)...
[18:55:21.091] [Global WebSocket] Suppressed error to prevent crash: Unexpected server response: 404
[18:55:21.091] [PAI SDK] WebSocket closed, reconnecting (1/3)...
[18:55:31.298] [Global WebSocket] Suppressed error to prevent crash: Unexpected server response: 404
[18:55:31.299] [PAI SDK] WebSocket closed, reconnecting (1/3)...
[18:55:41.543] [Global WebSocket] Suppressed error to prevent crash: Unexpected server response: 404
[18:55:41.543] [PAI SDK] WebSocket closed, reconnecting (1/3)...
[18:55:51.741] [Global WebSocket] Suppressed error to prevent crash: Unexpected server response: 404
[18:55:51.742] [PAI SDK] WebSocket closed, reconnecting (1/3)...
[18:56:02.072] [Global WebSocket] Suppressed error to prevent crash: Unexpected server response: 404
[18:56:02.072] [PAI SDK] WebSocket closed, reconnecting (1/3)...
[18:56:12.266] [Global WebSocket] Suppressed error to prevent crash: Unexpected server response: 404
[18:56:12.267] [PAI SDK] WebSocket closed, reconnecting (1/3)...
[18:56:22.464] [Global WebSocket] Suppressed error to prevent crash: Unexpected server response: 404
[18:56:22.465] [PAI SDK] WebSocket closed, reconnecting (1/3)...
[18:56:32.652] [Global WebSocket] Suppressed error to prevent crash: Unexpected server response: 404
[18:56:32.652] [PAI SDK] WebSocket closed, reconnecting (1/3)...
[18:56:42.830] [Global WebSocket] Suppressed error to prevent crash: Unexpected server response: 404
[18:56:42.831] [PAI SDK] WebSocket closed, reconnecting (1/3)...
[18:56:53.028] [Global WebSocket] Suppressed error to prevent crash: Unexpected server response: 404
[18:56:53.028] [PAI SDK] WebSocket closed, reconnecting (1/3)...
[18:57:03.207] [Global WebSocket] Suppressed error to prevent crash: Unexpected server response: 404
[18:57:03.207] [PAI SDK] WebSocket closed, reconnecting (1/3)...
[18:57:13.410] [Global WebSocket] Suppressed error to prevent crash: Unexpected server response: 404
[18:57:13.410] [PAI SDK] WebSocket closed, reconnecting (1/3)...
[18:57:23.600] [Global WebSocket] Suppressed error to prevent crash: Unexpected server response: 404
[18:57:23.600] [PAI SDK] WebSocket closed, reconnecting (1/3)...
[18:57:33.783] [Global WebSocket] Suppressed error to prevent crash: Unexpected server response: 404
[18:57:33.784] [PAI SDK] WebSocket closed, reconnecting (1/3)...
[18:57:43.978] [Global WebSocket] Suppressed error to prevent crash: Unexpected server response: 404
[18:57:43.979] [PAI SDK] WebSocket closed, reconnecting (1/3)...
[18:57:54.177] [Global WebSocket] Suppressed error to prevent crash: Unexpected server response: 404
[18:57:54.177] [PAI SDK] WebSocket closed, reconnecting (1/3)...
[18:58:04.359] [Global WebSocket] Suppressed error to prevent crash: Unexpected server response: 404
[18:58:04.360] [PAI SDK] WebSocket closed, reconnecting (1/3)...
[18:58:14.556] [Global WebSocket] Suppressed error to prevent crash: Unexpected server response: 404
[18:58:14.556] [PAI SDK] WebSocket closed, reconnecting (1/3)...
[18:58:24.744] [Global WebSocket] Suppressed error to prevent crash: Unexpected server response: 404
[18:58:24.745] [PAI SDK] WebSocket closed, reconnecting (1/3)...
[18:58:34.945] [Global WebSocket] Suppressed error to prevent crash: Unexpected server response: 404
[18:58:34.946] [PAI SDK] WebSocket closed, reconnecting (1/3)...
[18:58:45.149] [Global WebSocket] Suppressed error to prevent crash: Unexpected server response: 404
[18:58:45.150] [PAI SDK] WebSocket closed, reconnecting (1/3)...
[18:58:55.349] [Global WebSocket] Suppressed error to prevent crash: Unexpected server response: 404
[18:58:55.349] [PAI SDK] WebSocket closed, reconnecting (1/3)...
[18:59:05.551] [Global WebSocket] Suppressed error to prevent crash: Unexpected server response: 404
[18:59:05.551] [PAI SDK] WebSocket closed, reconnecting (1/3)...
[18:59:15.741] [Global WebSocket] Suppressed error to prevent crash: Unexpected server response: 404
[18:59:15.741] [PAI SDK] WebSocket closed, reconnecting (1/3)...
[18:59:25.948] [Global WebSocket] Suppressed error to prevent crash: Unexpected server response: 404
[18:59:25.949] [PAI SDK] WebSocket closed, reconnecting (1/3)...
[18:59:36.142] [Global WebSocket] Suppressed error to prevent crash: Unexpected server response: 404
[18:59:36.143] [PAI SDK] WebSocket closed, reconnecting (1/3)...
[18:59:46.340] [Global WebSocket] Suppressed error to prevent crash: Unexpected server response: 404
[18:59:46.341] [PAI SDK] WebSocket closed, reconnecting (1/3)...
[18:59:56.523] [Global WebSocket] Suppressed error to prevent crash: Unexpected server response: 404
[18:59:56.524] [PAI SDK] WebSocket closed, reconnecting (1/3)...
[19:00:06.734] [Global WebSocket] Suppressed error to prevent crash: Unexpected server response: 404
[19:00:06.735] [PAI SDK] WebSocket closed, reconnecting (1/3)...
[19:00:16.935] [Global WebSocket] Suppressed error to prevent crash: Unexpected server response: 404
[19:00:16.935] [PAI SDK] WebSocket closed, reconnecting (1/3)...
[19:00:27.129] [Global WebSocket] Suppressed error to prevent crash: Unexpected server response: 404
[19:00:27.129] [PAI SDK] WebSocket closed, reconnecting (1/3)...
[19:00:37.331] [Global WebSocket] Suppressed error to prevent crash: Unexpected server response: 404
[19:00:37.331] [PAI SDK] WebSocket closed, reconnecting (1/3)...
[19:00:47.528] [Global WebSocket] Suppressed error to prevent crash: Unexpected server response: 404
[19:00:47.528] [PAI SDK] WebSocket closed, reconnecting (1/3)...
[19:00:57.730] [Global WebSocket] Suppressed error to prevent crash: Unexpected server response: 404
[19:00:57.730] [PAI SDK] WebSocket closed, reconnecting (1/3)...
[19:01:07.907] [Global WebSocket] Suppressed error to prevent crash: Unexpected server response: 404
[19:01:07.907] [PAI SDK] WebSocket closed, reconnecting (1/3)...
[19:01:18.097] [Global WebSocket] Suppressed error to prevent crash: Unexpected server response: 404
[19:01:18.098] [PAI SDK] WebSocket closed, reconnecting (1/3)...
[19:01:28.280] [Global WebSocket] Suppressed error to prevent crash: Unexpected server response: 404
[19:01:28.280] [PAI SDK] WebSocket closed, reconnecting (1/3)...
[19:01:38.474] [Global WebSocket] Suppressed error to prevent crash: Unexpected server response: 404
[19:01:38.474] [PAI SDK] WebSocket closed, reconnecting (1/3)...
[19:01:48.668] [Global WebSocket] Suppressed error to prevent crash: Unexpected server response: 404
[19:01:48.668] [PAI SDK] WebSocket closed, reconnecting (1/3)...
[19:01:58.913] [Global WebSocket] Suppressed error to prevent crash: Unexpected server response: 404
[19:01:58.913] [PAI SDK] WebSocket closed, reconnecting (1/3)...
[19:02:09.141] [Global WebSocket] Suppressed error to prevent crash: Unexpected server response: 404
[19:02:09.141] [PAI SDK] WebSocket closed, reconnecting (1/3)...
[19:02:19.355] [Global WebSocket] Suppressed error to prevent crash: Unexpected server response: 404
[19:02:19.355] [PAI SDK] WebSocket closed, reconnecting (1/3)...
[19:02:29.535] [Global WebSocket] Suppressed error to prevent crash: Unexpected server response: 404
[19:02:29.536] [PAI SDK] WebSocket closed, reconnecting (1/3)...
[19:02:39.724] [Global WebSocket] Suppressed error to prevent crash: Unexpected server response: 404
[19:02:39.725] [PAI SDK] WebSocket closed, reconnecting (1/3)...
[19:02:49.918] [Global WebSocket] Suppressed error to prevent crash: Unexpected server response: 404
[19:02:49.919] [PAI SDK] WebSocket closed, reconnecting (1/3)...
[19:03:00.123] [Global WebSocket] Suppressed error to prevent crash: Unexpected server response: 404
[19:03:00.124] [PAI SDK] WebSocket closed, reconnecting (1/3)...
[19:03:10.329] [Global WebSocket] Suppressed error to prevent crash: Unexpected server response: 404
[19:03:10.329] [PAI SDK] WebSocket closed, reconnecting (1/3)...
[19:03:20.523] [Global WebSocket] Suppressed error to prevent crash: Unexpected server response: 404
[19:03:20.523] [PAI SDK] WebSocket closed, reconnecting (1/3)...
[19:03:30.721] [Global WebSocket] Suppressed error to prevent crash: Unexpected server response: 404
[19:03:30.721] [PAI SDK] WebSocket closed, reconnecting (1/3)...
[19:03:40.917] [Global WebSocket] Suppressed error to prevent crash: Unexpected server response: 404
[19:03:40.917] [PAI SDK] WebSocket closed, reconnecting (1/3)...
[19:03:51.110] [Global WebSocket] Suppressed error to prevent crash: Unexpected server response: 404
[19:03:51.111] [PAI SDK] WebSocket closed, reconnecting (1/3)...
[19:04:01.313] [Global WebSocket] Suppressed error to prevent crash: Unexpected server response: 404
[19:04:01.314] [PAI SDK] WebSocket closed, reconnecting (1/3)...
[19:04:11.516] [Global WebSocket] Suppressed error to prevent crash: Unexpected server response: 404
[19:04:11.516] [PAI SDK] WebSocket closed, reconnecting (1/3)...
[19:04:21.719] [Global WebSocket] Suppressed error to prevent crash: Unexpected server response: 404
[19:04:21.720] [PAI SDK] WebSocket closed, reconnecting (1/3)...
[19:04:31.908] [Global WebSocket] Suppressed error to prevent crash: Unexpected server response: 404
[19:04:31.909] [PAI SDK] WebSocket closed, reconnecting (1/3)...
[19:04:42.098] [Global WebSocket] Suppressed error to prevent crash: Unexpected server response: 404
[19:04:42.099] [PAI SDK] WebSocket closed, reconnecting (1/3)...
[19:04:52.293] [Global WebSocket] Suppressed error to prevent crash: Unexpected server response: 404
[19:04:52.294] [PAI SDK] WebSocket closed, reconnecting (1/3)...
[19:05:02.513] [Global WebSocket] Suppressed error to prevent crash: Unexpected server response: 404
[19:05:02.514] [PAI SDK] WebSocket closed, reconnecting (1/3)...
[19:05:12.706] [Global WebSocket] Suppressed error to prevent crash: Unexpected server response: 404
[19:05:12.706] [PAI SDK] WebSocket closed, reconnecting (1/3)...
[19:05:22.997] [Global WebSocket] Suppressed error to prevent crash: Unexpected server response: 404
[19:05:22.998] [PAI SDK] WebSocket closed, reconnecting (1/3)...
[19:05:33.194] [Global WebSocket] Suppressed error to prevent crash: Unexpected server response: 404
[19:05:33.195] [PAI SDK] WebSocket closed, reconnecting (1/3)...
[19:05:43.475] [Global WebSocket] Suppressed error to prevent crash: Unexpected server response: 404
[19:05:43.475] [PAI SDK] WebSocket closed, reconnecting (1/3)...
[19:05:53.661] [Global WebSocket] Suppressed error to prevent crash: Unexpected server response: 404
[19:05:53.662] [PAI SDK] WebSocket closed, reconnecting (1/3)...
[19:06:04.016] [Global WebSocket] Suppressed error to prevent crash: Unexpected server response: 404
[19:06:04.017] [PAI SDK] WebSocket closed, reconnecting (1/3)...
[19:06:14.208] [Global WebSocket] Suppressed error to prevent crash: Unexpected server response: 404
[19:06:14.209] [PAI SDK] WebSocket closed, reconnecting (1/3)...
[19:06:24.504] [Global WebSocket] Suppressed error to prevent crash: Unexpected server response: 404
[19:06:24.505] [PAI SDK] WebSocket closed, reconnecting (1/3)...
[19:06:34.679] [Global WebSocket] Suppressed error to prevent crash: Unexpected server response: 404
[19:06:34.680] [PAI SDK] WebSocket closed, reconnecting (1/3)...
[19:06:44.978] [Global WebSocket] Suppressed error to prevent crash: Unexpected server response: 404
[19:06:44.978] [PAI SDK] WebSocket closed, reconnecting (1/3)...
[19:06:55.177] [Global WebSocket] Suppressed error to prevent crash: Unexpected server response: 404
[19:06:55.177] [PAI SDK] WebSocket closed, reconnecting (1/3)...
[19:07:05.429] [Global WebSocket] Suppressed error to prevent crash: Unexpected server response: 404
[19:07:05.429] [PAI SDK] WebSocket closed, reconnecting (1/3)...
[19:07:15.609] [Global WebSocket] Suppressed error to prevent crash: Unexpected server response: 404
[19:07:15.609] [PAI SDK] WebSocket closed, reconnecting (1/3)...
[19:07:25.898] [Global WebSocket] Suppressed error to prevent crash: Unexpected server response: 404
[19:07:25.898] [PAI SDK] WebSocket closed, reconnecting (1/3)...
[19:07:36.106] [Global WebSocket] Suppressed error to prevent crash: Unexpected server response: 404
[19:07:36.107] [PAI SDK] WebSocket closed, reconnecting (1/3)...
[19:07:46.452] [Global WebSocket] Suppressed error to prevent crash: Unexpected server response: 404
[19:07:46.452] [PAI SDK] WebSocket closed, reconnecting (1/3)...
[19:07:56.637] [Global WebSocket] Suppressed error to prevent crash: Unexpected server response: 404
[19:07:56.638] [PAI SDK] WebSocket closed, reconnecting (1/3)...
[19:08:06.935] [Global WebSocket] Suppressed error to prevent crash: Unexpected server response: 404
[19:08:06.935] [PAI SDK] WebSocket closed, reconnecting (1/3)...
[19:08:17.116] [Global WebSocket] Suppressed error to prevent crash: Unexpected server response: 404
[19:08:17.117] [PAI SDK] WebSocket closed, reconnecting (1/3)...
[19:08:27.391] [Global WebSocket] Suppressed error to prevent crash: Unexpected server response: 404
[19:08:27.391] [PAI SDK] WebSocket closed, reconnecting (1/3)...
[19:08:37.583] [Global WebSocket] Suppressed error to prevent crash: Unexpected server response: 404
[19:08:37.584] [PAI SDK] WebSocket closed, reconnecting (1/3)...
[19:08:47.918] [Global WebSocket] Suppressed error to prevent crash: Unexpected server response: 404
[19:08:47.919] [PAI SDK] WebSocket closed, reconnecting (1/3)...
[19:08:58.110] [Global WebSocket] Suppressed error to prevent crash: Unexpected server response: 404
[19:08:58.111] [PAI SDK] WebSocket closed, reconnecting (1/3)...
[19:09:08.417] [Global WebSocket] Suppressed error to prevent crash: Unexpected server response: 404
[19:09:08.417] [PAI SDK] WebSocket closed, reconnecting (1/3)...
[19:09:18.605] [Global WebSocket] Suppressed error to prevent crash: Unexpected server response: 404
[19:09:18.606] [PAI SDK] WebSocket closed, reconnecting (1/3)...
[19:09:28.863] [Global WebSocket] Suppressed error to prevent crash: Unexpected server response: 404
[19:09:28.864] [PAI SDK] WebSocket closed, reconnecting (1/3)...
[19:09:39.063] [Global WebSocket] Suppressed error to prevent crash: Unexpected server response: 404
[19:09:39.064] [PAI SDK] WebSocket closed, reconnecting (1/3)...
[19:09:49.361] [Global WebSocket] Suppressed error to prevent crash: Unexpected server response: 404
[19:09:49.362] [PAI SDK] WebSocket closed, reconnecting (1/3)...
[19:09:59.549] [Global WebSocket] Suppressed error to prevent crash: Unexpected server response: 404
[19:09:59.550] [PAI SDK] WebSocket closed, reconnecting (1/3)...
[19:10:09.752] [Global WebSocket] Suppressed error to prevent crash: Unexpected server response: 404
[19:10:09.752] [PAI SDK] WebSocket closed, reconnecting (1/3)...
[19:10:19.951] [Global WebSocket] Suppressed error to prevent crash: Unexpected server response: 404
[19:10:19.952] [PAI SDK] WebSocket closed, reconnecting (1/3)...
[19:10:30.141] [Global WebSocket] Suppressed error to prevent crash: Unexpected server response: 404
[19:10:30.141] [PAI SDK] WebSocket closed, reconnecting (1/3)...
[19:10:40.335] [Global WebSocket] Suppressed error to prevent crash: Unexpected server response: 404
[19:10:40.336] [PAI SDK] WebSocket closed, reconnecting (1/3)...
[19:10:50.655] [Global WebSocket] Suppressed error to prevent crash: Unexpected server response: 404
[19:10:50.655] [PAI SDK] WebSocket closed, reconnecting (1/3)...
[19:11:00.830] [Global WebSocket] Suppressed error to prevent crash: Unexpected server response: 404
[19:11:00.830] [PAI SDK] WebSocket closed, reconnecting (1/3)...
[19:11:11.096] [Global WebSocket] Suppressed error to prevent crash: Unexpected server response: 404
[19:11:11.096] [PAI SDK] WebSocket closed, reconnecting (1/3)...
[19:11:21.301] [Global WebSocket] Suppressed error to prevent crash: Unexpected server response: 404
[19:11:21.301] [PAI SDK] WebSocket closed, reconnecting (1/3)...
[19:11:31.564] [Global WebSocket] Suppressed error to prevent crash: Unexpected server response: 404
[19:11:31.565] [PAI SDK] WebSocket closed, reconnecting (1/3)...
[19:11:41.755] [Global WebSocket] Suppressed error to prevent crash: Unexpected server response: 404
[19:11:41.755] [PAI SDK] WebSocket closed, reconnecting (1/3)...
[19:11:52.053] [Global WebSocket] Suppressed error to prevent crash: Unexpected server response: 404
[19:11:52.054] [PAI SDK] WebSocket closed, reconnecting (1/3)...
[19:12:02.251] [Global WebSocket] Suppressed error to prevent crash: Unexpected server response: 404
[19:12:02.252] [PAI SDK] WebSocket closed, reconnecting (1/3)...
[19:12:12.582] [Global WebSocket] Suppressed error to prevent crash: Unexpected server response: 404
[19:12:12.582] [PAI SDK] WebSocket closed, reconnecting (1/3)...
[19:12:22.766] [Global WebSocket] Suppressed error to prevent crash: Unexpected server response: 404
[19:12:22.767] [PAI SDK] WebSocket closed, reconnecting (1/3)...
[19:12:33.059] [Global WebSocket] Suppressed error to prevent crash: Unexpected server response: 404
[19:12:33.060] [PAI SDK] WebSocket closed, reconnecting (1/3)...
[19:12:43.626] [Global WebSocket] Suppressed error to prevent crash: Unexpected server response: 404
[19:12:43.627] [PAI SDK] WebSocket closed, reconnecting (1/3)...
[19:12:53.976] [Global WebSocket] Suppressed error to prevent crash: Unexpected server response: 404
[19:12:53.976] [PAI SDK] WebSocket closed, reconnecting (1/3)...
[19:13:04.179] [Global WebSocket] Suppressed error to prevent crash: Unexpected server response: 404
[19:13:04.179] [PAI SDK] WebSocket closed, reconnecting (1/3)...
[19:13:14.519] [Global WebSocket] Suppressed error to prevent crash: Unexpected server response: 404
[19:13:14.520] [PAI SDK] WebSocket closed, reconnecting (1/3)...
[19:13:24.713] [Global WebSocket] Suppressed error to prevent crash: Unexpected server response: 404
[19:13:24.714] [PAI SDK] WebSocket closed, reconnecting (1/3)...
[19:13:35.010] [Global WebSocket] Suppressed error to prevent crash: Unexpected server response: 404
[19:13:35.011] [PAI SDK] WebSocket closed, reconnecting (1/3)...
[19:13:45.212] [Global WebSocket] Suppressed error to prevent crash: Unexpected server response: 404
[19:13:45.213] [PAI SDK] WebSocket closed, reconnecting (1/3)...
[19:13:55.429] [Global WebSocket] Suppressed error to prevent crash: Unexpected server response: 404
[19:13:55.429] [PAI SDK] WebSocket closed, reconnecting (1/3)...
[19:14:05.619] [Global WebSocket] Suppressed error to prevent crash: Unexpected server response: 404
[19:14:05.619] [PAI SDK] WebSocket closed, reconnecting (1/3)...
[19:14:15.819] [Global WebSocket] Suppressed error to prevent crash: Unexpected server response: 404
[19:14:15.819] [PAI SDK] WebSocket closed, reconnecting (1/3)...
[19:14:26.013] [Global WebSocket] Suppressed error to prevent crash: Unexpected server response: 404
[19:14:26.013] [PAI SDK] WebSocket closed, reconnecting (1/3)...
[19:14:36.323] [Global WebSocket] Suppressed error to prevent crash: Unexpected server response: 404
[19:14:36.324] [PAI SDK] WebSocket closed, reconnecting (1/3)...
[19:14:46.521] [Global WebSocket] Suppressed error to prevent crash: Unexpected server response: 404
[19:14:46.522] [PAI SDK] WebSocket closed, reconnecting (1/3)...
[19:14:56.716] [Global WebSocket] Suppressed error to prevent crash: Unexpected server response: 404
[19:14:56.716] [PAI SDK] WebSocket closed, reconnecting (1/3)...
[19:15:06.912] [Global WebSocket] Suppressed error to prevent crash: Unexpected server response: 404
[19:15:06.912] [PAI SDK] WebSocket closed, reconnecting (1/3)...
[19:15:17.106] [Global WebSocket] Suppressed error to prevent crash: Unexpected server response: 404
[19:15:17.107] [PAI SDK] WebSocket closed, reconnecting (1/3)...
[19:15:27.295] [Global WebSocket] Suppressed error to prevent crash: Unexpected server response: 404
[19:15:27.295] [PAI SDK] WebSocket closed, reconnecting (1/3)...
[19:15:37.473] [Global WebSocket] Suppressed error to prevent crash: Unexpected server response: 404
[19:15:37.473] [PAI SDK] WebSocket closed, reconnecting (1/3)...
[19:15:47.678] [Global WebSocket] Suppressed error to prevent crash: Unexpected server response: 404
[19:15:47.679] [PAI SDK] WebSocket closed, reconnecting (1/3)...
[19:15:57.861] [Global WebSocket] Suppressed error to prevent crash: Unexpected server response: 404
[19:15:57.861] [PAI SDK] WebSocket closed, reconnecting (1/3)...
[19:16:08.038] [Global WebSocket] Suppressed error to prevent crash: Unexpected server response: 404
[19:16:08.038] [PAI SDK] WebSocket closed, reconnecting (1/3)...
[19:16:18.239] [Global WebSocket] Suppressed error to prevent crash: Unexpected server response: 404
[19:16:18.240] [PAI SDK] WebSocket closed, reconnecting (1/3)...
[19:16:28.430] [Global WebSocket] Suppressed error to prevent crash: Unexpected server response: 404
[19:16:28.431] [PAI SDK] WebSocket closed, reconnecting (1/3)...
[19:16:38.619] [Global WebSocket] Suppressed error to prevent crash: Unexpected server response: 404
[19:16:38.620] [PAI SDK] WebSocket closed, reconnecting (1/3)...
[19:16:48.802] [Global WebSocket] Suppressed error to prevent crash: Unexpected server response: 404
[19:16:48.802] [PAI SDK] WebSocket closed, reconnecting (1/3)...
[19:16:59.003] [Global WebSocket] Suppressed error to prevent crash: Unexpected server response: 404
[19:16:59.003] [PAI SDK] WebSocket closed, reconnecting (1/3)...
[19:17:09.187] [Global WebSocket] Suppressed error to prevent crash: Unexpected server response: 404
[19:17:09.188] [PAI SDK] WebSocket closed, reconnecting (1/3)...
[19:17:19.388] [Global WebSocket] Suppressed error to prevent crash: Unexpected server response: 404
[19:17:19.388] [PAI SDK] WebSocket closed, reconnecting (1/3)...
[19:17:29.569] [Global WebSocket] Suppressed error to prevent crash: Unexpected server response: 404
[19:17:29.570] [PAI SDK] WebSocket closed, reconnecting (1/3)...
[19:17:39.759] [Global WebSocket] Suppressed error to prevent crash: Unexpected server response: 404
[19:17:39.760] [PAI SDK] WebSocket closed, reconnecting (1/3)...
[19:17:49.976] [Global WebSocket] Suppressed error to prevent crash: Unexpected server response: 404
[19:17:49.977] [PAI SDK] WebSocket closed, reconnecting (1/3)...
[19:18:00.161] [Global WebSocket] Suppressed error to prevent crash: Unexpected server response: 404
[19:18:00.161] [PAI SDK] WebSocket closed, reconnecting (1/3)...
[19:18:10.337] [Global WebSocket] Suppressed error to prevent crash: Unexpected server response: 404
[19:18:10.338] [PAI SDK] WebSocket closed, reconnecting (1/3)...
[19:18:20.539] [Global WebSocket] Suppressed error to prevent crash: Unexpected server response: 404
[19:18:20.539] [PAI SDK] WebSocket closed, reconnecting (1/3)...
[19:18:30.721] [Global WebSocket] Suppressed error to prevent crash: Unexpected server response: 404
[19:18:30.721] [PAI SDK] WebSocket closed, reconnecting (1/3)...
[19:18:40.901] [Global WebSocket] Suppressed error to prevent crash: Unexpected server response: 404
[19:18:40.901] [PAI SDK] WebSocket closed, reconnecting (1/3)...
[19:18:51.101] [Global WebSocket] Suppressed error to prevent crash: Unexpected server response: 404
[19:18:51.101] [PAI SDK] WebSocket closed, reconnecting (1/3)...
[19:19:01.294] [Global WebSocket] Suppressed error to prevent crash: Unexpected server response: 404
[19:19:01.294] [PAI SDK] WebSocket closed, reconnecting (1/3)...
[19:19:11.495] [Global WebSocket] Suppressed error to prevent crash: Unexpected server response: 404
[19:19:11.495] [PAI SDK] WebSocket closed, reconnecting (1/3)...
[19:19:21.677] [Global WebSocket] Suppressed error to prevent crash: Unexpected server response: 404
[19:19:21.677] [PAI SDK] WebSocket closed, reconnecting (1/3)...
[19:19:31.877] [Global WebSocket] Suppressed error to prevent crash: Unexpected server response: 404
[19:19:31.878] [PAI SDK] WebSocket closed, reconnecting (1/3)...
[19:19:42.057] [Global WebSocket] Suppressed error to prevent crash: Unexpected server response: 404
[19:19:42.057] [PAI SDK] WebSocket closed, reconnecting (1/3)...
[19:19:52.243] [Global WebSocket] Suppressed error to prevent crash: Unexpected server response: 404
[19:19:52.244] [PAI SDK] WebSocket closed, reconnecting (1/3)...
[19:20:02.434] [Global WebSocket] Suppressed error to prevent crash: Unexpected server response: 404
[19:20:02.434] [PAI SDK] WebSocket closed, reconnecting (1/3)...
[19:20:12.632] [Global WebSocket] Suppressed error to prevent crash: Unexpected server response: 404
[19:20:12.633] [PAI SDK] WebSocket closed, reconnecting (1/3)...
[19:20:22.820] [Global WebSocket] Suppressed error to prevent crash: Unexpected server response: 404
[19:20:22.820] [PAI SDK] WebSocket closed, reconnecting (1/3)...
[19:20:33.020] [Global WebSocket] Suppressed error to prevent crash: Unexpected server response: 404
[19:20:33.021] [PAI SDK] WebSocket closed, reconnecting (1/3)...
[19:20:43.201] [Global WebSocket] Suppressed error to prevent crash: Unexpected server response: 404
[19:20:43.202] [PAI SDK] WebSocket closed, reconnecting (1/3)...
[19:20:53.402] [Global WebSocket] Suppressed error to prevent crash: Unexpected server response: 404
[19:20:53.402] [PAI SDK] WebSocket closed, reconnecting (1/3)...
[19:21:03.594] [Global WebSocket] Suppressed error to prevent crash: Unexpected server response: 404
[19:21:03.594] [PAI SDK] WebSocket closed, reconnecting (1/3)...
[19:21:13.791] [Global WebSocket] Suppressed error to prevent crash: Unexpected server response: 404
[19:21:13.791] [PAI SDK] WebSocket closed, reconnecting (1/3)...
[19:21:23.973] [Global WebSocket] Suppressed error to prevent crash: Unexpected server response: 404
[19:21:23.974] [PAI SDK] WebSocket closed, reconnecting (1/3)...
[19:21:34.170] [Global WebSocket] Suppressed error to prevent crash: Unexpected server response: 404
[19:21:34.170] [PAI SDK] WebSocket closed, reconnecting (1/3)...
[19:21:44.352] [Global WebSocket] Suppressed error to prevent crash: Unexpected server response: 404
[19:21:44.353] [PAI SDK] WebSocket closed, reconnecting (1/3)...
[19:21:54.673] [Global WebSocket] Suppressed error to prevent crash: Unexpected server response: 404
[19:21:54.673] [PAI SDK] WebSocket closed, reconnecting (1/3)...
[19:22:04.868] [Global WebSocket] Suppressed error to prevent crash: Unexpected server response: 404
[19:22:04.868] [PAI SDK] WebSocket closed, reconnecting (1/3)...
[19:22:15.062] [Global WebSocket] Suppressed error to prevent crash: Unexpected server response: 404
[19:22:15.063] [PAI SDK] WebSocket closed, reconnecting (1/3)...
[19:22:25.242] [Global WebSocket] Suppressed error to prevent crash: Unexpected server response: 404
[19:22:25.242] [PAI SDK] WebSocket closed, reconnecting (1/3)...
[19:22:35.495] [Global WebSocket] Suppressed error to prevent crash: Unexpected server response: 404
[19:22:35.496] [PAI SDK] WebSocket closed, reconnecting (1/3)...
[19:22:45.683] [Global WebSocket] Suppressed error to prevent crash: Unexpected server response: 404
[19:22:45.683] [PAI SDK] WebSocket closed, reconnecting (1/3)...
[19:22:55.877] [Global WebSocket] Suppressed error to prevent crash: Unexpected server response: 404
[19:22:55.878] [PAI SDK] WebSocket closed, reconnecting (1/3)...
[19:23:06.084] [Global WebSocket] Suppressed error to prevent crash: Unexpected server response: 404
[19:23:06.085] [PAI SDK] WebSocket closed, reconnecting (1/3)...
[19:23:16.284] [Global WebSocket] Suppressed error to prevent crash: Unexpected server response: 404
[19:23:16.285] [PAI SDK] WebSocket closed, reconnecting (1/3)...
[19:23:26.478] [Global WebSocket] Suppressed error to prevent crash: Unexpected server response: 404
[19:23:26.479] [PAI SDK] WebSocket closed, reconnecting (1/3)...
[19:23:36.667] [Global WebSocket] Suppressed error to prevent crash: Unexpected server response: 404
[19:23:36.668] [PAI SDK] WebSocket closed, reconnecting (1/3)...
[19:23:46.864] [Global WebSocket] Suppressed error to prevent crash: Unexpected server response: 404
[19:23:46.864] [PAI SDK] WebSocket closed, reconnecting (1/3)...
[19:23:57.075] [Global WebSocket] Suppressed error to prevent crash: Unexpected server response: 404
[19:23:57.075] [PAI SDK] WebSocket closed, reconnecting (1/3)...
[19:24:07.271] [Global WebSocket] Suppressed error to prevent crash: Unexpected server response: 404
[19:24:07.272] [PAI SDK] WebSocket closed, reconnecting (1/3)...
[19:24:17.463] [Global WebSocket] Suppressed error to prevent crash: Unexpected server response: 404
[19:24:17.463] [PAI SDK] WebSocket closed, reconnecting (1/3)...
[19:24:27.656] [Global WebSocket] Suppressed error to prevent crash: Unexpected server response: 404
[19:24:27.657] [PAI SDK] WebSocket closed, reconnecting (1/3)...
[19:24:37.906] [Global WebSocket] Suppressed error to prevent crash: Unexpected server response: 404
[19:24:37.906] [PAI SDK] WebSocket closed, reconnecting (1/3)...
[19:24:48.086] [Global WebSocket] Suppressed error to prevent crash: Unexpected server response: 404
[19:24:48.087] [PAI SDK] WebSocket closed, reconnecting (1/3)...
[19:24:58.403] [Global WebSocket] Suppressed error to prevent crash: Unexpected server response: 404
[19:24:58.403] [PAI SDK] WebSocket closed, reconnecting (1/3)...
[19:25:08.587] [Global WebSocket] Suppressed error to prevent crash: Unexpected server response: 404
[19:25:08.588] [PAI SDK] WebSocket closed, reconnecting (1/3)...
[19:25:18.931] [Global WebSocket] Suppressed error to prevent crash: Unexpected server response: 404
[19:25:18.932] [PAI SDK] WebSocket closed, reconnecting (1/3)...
[19:25:29.106] [Global WebSocket] Suppressed error to prevent crash: Unexpected server response: 404
[19:25:29.106] [PAI SDK] WebSocket closed, reconnecting (1/3)...
[19:25:39.413] [Global WebSocket] Suppressed error to prevent crash: Unexpected server response: 404
[19:25:39.413] [PAI SDK] WebSocket closed, reconnecting (1/3)...
[19:25:49.594] [Global WebSocket] Suppressed error to prevent crash: Unexpected server response: 404
[19:25:49.595] [PAI SDK] WebSocket closed, reconnecting (1/3)...
[19:25:59.953] [Global WebSocket] Suppressed error to prevent crash: Unexpected server response: 404
[19:25:59.953] [PAI SDK] WebSocket closed, reconnecting (1/3)...
[19:26:10.149] [Global WebSocket] Suppressed error to prevent crash: Unexpected server response: 404
[19:26:10.149] [PAI SDK] WebSocket closed, reconnecting (1/3)...
[19:26:20.465] [Global WebSocket] Suppressed error to prevent crash: Unexpected server response: 404
[19:26:20.466] [PAI SDK] WebSocket closed, reconnecting (1/3)...
[19:26:30.669] [Global WebSocket] Suppressed error to prevent crash: Unexpected server response: 404
[19:26:30.669] [PAI SDK] WebSocket closed, reconnecting (1/3)...
[19:26:40.979] [Global WebSocket] Suppressed error to prevent crash: Unexpected server response: 404
[19:26:40.979] [PAI SDK] WebSocket closed, reconnecting (1/3)...
[19:26:51.166] [Global WebSocket] Suppressed error to prevent crash: Unexpected server response: 404
[19:26:51.167] [PAI SDK] WebSocket closed, reconnecting (1/3)...
[19:27:01.378] [Global WebSocket] Suppressed error to prevent crash: Unexpected server response: 404
[19:27:01.378] [PAI SDK] WebSocket closed, reconnecting (1/3)...
[19:27:11.576] [Global WebSocket] Suppressed error to prevent crash: Unexpected server response: 404
[19:27:11.576] [PAI SDK] WebSocket closed, reconnecting (1/3)...
[19:27:21.762] [Global WebSocket] Suppressed error to prevent crash: Unexpected server response: 404
[19:27:21.763] [PAI SDK] WebSocket closed, reconnecting (1/3)...
[19:27:31.967] [Global WebSocket] Suppressed error to prevent crash: Unexpected server response: 404
[19:27:31.967] [PAI SDK] WebSocket closed, reconnecting (1/3)...
[19:27:42.167] [Global WebSocket] Suppressed error to prevent crash: Unexpected server response: 404
[19:27:42.168] [PAI SDK] WebSocket closed, reconnecting (1/3)...
[19:27:52.360] [Global WebSocket] Suppressed error to prevent crash: Unexpected server response: 404
[19:27:52.361] [PAI SDK] WebSocket closed, reconnecting (1/3)...
[19:28:02.551] [Global WebSocket] Suppressed error to prevent crash: Unexpected server response: 404
[19:28:02.552] [PAI SDK] WebSocket closed, reconnecting (1/3)...
[19:28:12.755] [Global WebSocket] Suppressed error to prevent crash: Unexpected server response: 404
[19:28:12.756] [PAI SDK] WebSocket closed, reconnecting (1/3)...
[19:28:22.944] [Global WebSocket] Suppressed error to prevent crash: Unexpected server response: 404
[19:28:22.944] [PAI SDK] WebSocket closed, reconnecting (1/3)...
[19:28:33.139] [Global WebSocket] Suppressed error to prevent crash: Unexpected server response: 404
[19:28:33.139] [PAI SDK] WebSocket closed, reconnecting (1/3)...
[19:28:43.319] [Global WebSocket] Suppressed error to prevent crash: Unexpected server response: 404
[19:28:43.319] [PAI SDK] WebSocket closed, reconnecting (1/3)...
[19:28:53.511] [Global WebSocket] Suppressed error to prevent crash: Unexpected server response: 404
[19:28:53.512] [PAI SDK] WebSocket closed, reconnecting (1/3)...
[19:29:03.699] [Global WebSocket] Suppressed error to prevent crash: Unexpected server response: 404
[19:29:03.700] [PAI SDK] WebSocket closed, reconnecting (1/3)...
[19:29:13.905] [Global WebSocket] Suppressed error to prevent crash: Unexpected server response: 404
[19:29:13.906] [PAI SDK] WebSocket closed, reconnecting (1/3)...
[19:29:24.089] [Global WebSocket] Suppressed error to prevent crash: Unexpected server response: 404
[19:29:24.090] [PAI SDK] WebSocket closed, reconnecting (1/3)...
[19:29:34.291] [Global WebSocket] Suppressed error to prevent crash: Unexpected server response: 404
[19:29:34.292] [PAI SDK] WebSocket closed, reconnecting (1/3)...
[19:29:44.491] [Global WebSocket] Suppressed error to prevent crash: Unexpected server response: 404
[19:29:44.492] [PAI SDK] WebSocket closed, reconnecting (1/3)...
[19:29:54.691] [Global WebSocket] Suppressed error to prevent crash: Unexpected server response: 404
[19:29:54.692] [PAI SDK] WebSocket closed, reconnecting (1/3)...
[19:30:04.886] [Global WebSocket] Suppressed error to prevent crash: Unexpected server response: 404
[19:30:04.887] [PAI SDK] WebSocket closed, reconnecting (1/3)...
[19:30:15.088] [Global WebSocket] Suppressed error to prevent crash: Unexpected server response: 404
[19:30:15.088] [PAI SDK] WebSocket closed, reconnecting (1/3)...
[19:30:25.278] [Global WebSocket] Suppressed error to prevent crash: Unexpected server response: 404
[19:30:25.278] [PAI SDK] WebSocket closed, reconnecting (1/3)...
[19:30:35.473] [Global WebSocket] Suppressed error to prevent crash: Unexpected server response: 404
[19:30:35.474] [PAI SDK] WebSocket closed, reconnecting (1/3)...
[19:30:45.673] [Global WebSocket] Suppressed error to prevent crash: Unexpected server response: 404
[19:30:45.673] [PAI SDK] WebSocket closed, reconnecting (1/3)...
[19:30:55.872] [Global WebSocket] Suppressed error to prevent crash: Unexpected server response: 404
[19:30:55.873] [PAI SDK] WebSocket closed, reconnecting (1/3)...
[19:31:06.069] [Global WebSocket] Suppressed error to prevent crash: Unexpected server response: 404
[19:31:06.069] [PAI SDK] WebSocket closed, reconnecting (1/3)...
[19:31:16.264] [Global WebSocket] Suppressed error to prevent crash: Unexpected server response: 404
[19:31:16.264] [PAI SDK] WebSocket closed, reconnecting (1/3)...
[19:31:26.457] [Global WebSocket] Suppressed error to prevent crash: Unexpected server response: 404
[19:31:26.457] [PAI SDK] WebSocket closed, reconnecting (1/3)...
[19:31:36.656] [Global WebSocket] Suppressed error to prevent crash: Unexpected server response: 404
[19:31:36.657] [PAI SDK] WebSocket closed, reconnecting (1/3)...
[19:31:46.858] [Global WebSocket] Suppressed error to prevent crash: Unexpected server response: 404
[19:31:46.858] [PAI SDK] WebSocket closed, reconnecting (1/3)...
[19:31:57.053] [Global WebSocket] Suppressed error to prevent crash: Unexpected server response: 404
[19:31:57.054] [PAI SDK] WebSocket closed, reconnecting (1/3)...
[19:32:07.235] [Global WebSocket] Suppressed error to prevent crash: Unexpected server response: 404
[19:32:07.235] [PAI SDK] WebSocket closed, reconnecting (1/3)...
[19:32:17.432] [Global WebSocket] Suppressed error to prevent crash: Unexpected server response: 404
[19:32:17.432] [PAI SDK] WebSocket closed, reconnecting (1/3)...
[19:32:27.620] [Global WebSocket] Suppressed error to prevent crash: Unexpected server response: 404
[19:32:27.621] [PAI SDK] WebSocket closed, reconnecting (1/3)...
[19:32:37.826] [Global WebSocket] Suppressed error to prevent crash: Unexpected server response: 404
[19:32:37.827] [PAI SDK] WebSocket closed, reconnecting (1/3)...
[19:32:48.013] [Global WebSocket] Suppressed error to prevent crash: Unexpected server response: 404
[19:32:48.015] [PAI SDK] WebSocket closed, reconnecting (1/3)...
[19:32:58.226] [Global WebSocket] Suppressed error to prevent crash: Unexpected server response: 404
[19:32:58.227] [PAI SDK] WebSocket closed, reconnecting (1/3)...
[19:33:08.417] [Global WebSocket] Suppressed error to prevent crash: Unexpected server response: 404
[19:33:08.417] [PAI SDK] WebSocket closed, reconnecting (1/3)...
[19:33:18.619] [Global WebSocket] Suppressed error to prevent crash: Unexpected server response: 404
[19:33:18.619] [PAI SDK] WebSocket closed, reconnecting (1/3)...
[19:33:28.824] [Global WebSocket] Suppressed error to prevent crash: Unexpected server response: 404
[19:33:28.824] [PAI SDK] WebSocket closed, reconnecting (1/3)...
[19:33:39.029] [Global WebSocket] Suppressed error to prevent crash: Unexpected server response: 404
[19:33:39.029] [PAI SDK] WebSocket closed, reconnecting (1/3)...
[19:33:49.269] [Global WebSocket] Suppressed error to prevent crash: Unexpected server response: 404
[19:33:49.270] [PAI SDK] WebSocket closed, reconnecting (1/3)...
[19:33:59.466] [Global WebSocket] Suppressed error to prevent crash: Unexpected server response: 404
[19:33:59.466] [PAI SDK] WebSocket closed, reconnecting (1/3)...
[19:34:09.751] [Global WebSocket] Suppressed error to prevent crash: Unexpected server response: 404
[19:34:09.752] [PAI SDK] WebSocket closed, reconnecting (1/3)...
[19:34:19.969] [Global WebSocket] Suppressed error to prevent crash: Unexpected server response: 404
[19:34:19.970] [PAI SDK] WebSocket closed, reconnecting (1/3)...
[19:34:30.322] [Global WebSocket] Suppressed error to prevent crash: Unexpected server response: 404
[19:34:30.322] [PAI SDK] WebSocket closed, reconnecting (1/3)...
[19:34:40.517] [Global WebSocket] Suppressed error to prevent crash: Unexpected server response: 404
[19:34:40.518] [PAI SDK] WebSocket closed, reconnecting (1/3)...
[19:34:50.821] [Global WebSocket] Suppressed error to prevent crash: Unexpected server response: 404
[19:34:50.821] [PAI SDK] WebSocket closed, reconnecting (1/3)...
[19:35:01.020] [Global WebSocket] Suppressed error to prevent crash: Unexpected server response: 404
[19:35:01.020] [PAI SDK] WebSocket closed, reconnecting (1/3)...
[19:35:11.321] [Global WebSocket] Suppressed error to prevent crash: Unexpected server response: 404
[19:35:11.321] [PAI SDK] WebSocket closed, reconnecting (1/3)...
[19:35:21.525] [Global WebSocket] Suppressed error to prevent crash: Unexpected server response: 404
[19:35:21.525] [PAI SDK] WebSocket closed, reconnecting (1/3)...
[19:35:31.810] [Global WebSocket] Suppressed error to prevent crash: Unexpected server response: 404
[19:35:31.811] [PAI SDK] WebSocket closed, reconnecting (1/3)...
[19:35:41.998] [Global WebSocket] Suppressed error to prevent crash: Unexpected server response: 404
[19:35:41.999] [PAI SDK] WebSocket closed, reconnecting (1/3)...
[19:35:52.263] [Global WebSocket] Suppressed error to prevent crash: Unexpected server response: 404
[19:35:52.264] [PAI SDK] WebSocket closed, reconnecting (1/3)...
[19:36:02.459] [Global WebSocket] Suppressed error to prevent crash: Unexpected server response: 404
[19:36:02.459] [PAI SDK] WebSocket closed, reconnecting (1/3)...
[19:36:12.796] [Global WebSocket] Suppressed error to prevent crash: Unexpected server response: 404
[19:36:12.797] [PAI SDK] WebSocket closed, reconnecting (1/3)...
[19:36:22.989] [Global WebSocket] Suppressed error to prevent crash: Unexpected server response: 404
[19:36:22.989] [PAI SDK] WebSocket closed, reconnecting (1/3)...
[19:36:33.297] [Global WebSocket] Suppressed error to prevent crash: Unexpected server response: 404
[19:36:33.297] [PAI SDK] WebSocket closed, reconnecting (1/3)...
[19:36:43.477] [Global WebSocket] Suppressed error to prevent crash: Unexpected server response: 404
[19:36:43.478] [PAI SDK] WebSocket closed, reconnecting (1/3)...
[19:36:53.777] [Global WebSocket] Suppressed error to prevent crash: Unexpected server response: 404
[19:36:53.778] [PAI SDK] WebSocket closed, reconnecting (1/3)...
[19:37:03.963] [Global WebSocket] Suppressed error to prevent crash: Unexpected server response: 404
[19:37:03.964] [PAI SDK] WebSocket closed, reconnecting (1/3)...
[19:37:14.236] [Global WebSocket] Suppressed error to prevent crash: Unexpected server response: 404
[19:37:14.237] [PAI SDK] WebSocket closed, reconnecting (1/3)...
[19:37:24.432] [Global WebSocket] Suppressed error to prevent crash: Unexpected server response: 404
[19:37:24.433] [PAI SDK] WebSocket closed, reconnecting (1/3)...
[19:37:34.689] [Global WebSocket] Suppressed error to prevent crash: Unexpected server response: 404
[19:37:34.690] [PAI SDK] WebSocket closed, reconnecting (1/3)...
[19:37:44.877] [Global WebSocket] Suppressed error to prevent crash: Unexpected server response: 404
[19:37:44.878] [PAI SDK] WebSocket closed, reconnecting (1/3)...
[19:37:55.191] [Global WebSocket] Suppressed error to prevent crash: Unexpected server response: 404
[19:37:55.191] [PAI SDK] WebSocket closed, reconnecting (1/3)...
[19:38:05.386] [Global WebSocket] Suppressed error to prevent crash: Unexpected server response: 404
[19:38:05.387] [PAI SDK] WebSocket closed, reconnecting (1/3)...
[19:38:15.735] [Global WebSocket] Suppressed error to prevent crash: Unexpected server response: 404
[19:38:15.735] [PAI SDK] WebSocket closed, reconnecting (1/3)...
[19:38:25.920] [Global WebSocket] Suppressed error to prevent crash: Unexpected server response: 404
[19:38:25.921] [PAI SDK] WebSocket closed, reconnecting (1/3)...
[19:38:36.202] [Global WebSocket] Suppressed error to prevent crash: Unexpected server response: 404
[19:38:36.203] [PAI SDK] WebSocket closed, reconnecting (1/3)...
[19:38:46.384] [Global WebSocket] Suppressed error to prevent crash: Unexpected server response: 404
[19:38:46.384] [PAI SDK] WebSocket closed, reconnecting (1/3)...
[19:38:56.657] [Global WebSocket] Suppressed error to prevent crash: Unexpected server response: 404
[19:38:56.657] [PAI SDK] WebSocket closed, reconnecting (1/3)...
[19:39:06.846] [Global WebSocket] Suppressed error to prevent crash: Unexpected server response: 404
[19:39:06.847] [PAI SDK] WebSocket closed, reconnecting (1/3)...
[19:39:17.138] [Global WebSocket] Suppressed error to prevent crash: Unexpected server response: 404
[19:39:17.139] [PAI SDK] WebSocket closed, reconnecting (1/3)...
[19:39:27.332] [Global WebSocket] Suppressed error to prevent crash: Unexpected server response: 404
[19:39:27.332] [PAI SDK] WebSocket closed, reconnecting (1/3)...
[19:39:37.604] [Global WebSocket] Suppressed error to prevent crash: Unexpected server response: 404
[19:39:37.604] [PAI SDK] WebSocket closed, reconnecting (1/3)...
[19:39:47.801] [Global WebSocket] Suppressed error to prevent crash: Unexpected server response: 404
[19:39:47.802] [PAI SDK] WebSocket closed, reconnecting (1/3)...
[19:39:58.121] [Global WebSocket] Suppressed error to prevent crash: Unexpected server response: 404
[19:39:58.121] [PAI SDK] WebSocket closed, reconnecting (1/3)...
[19:40:08.316] [Global WebSocket] Suppressed error to prevent crash: Unexpected server response: 404
[19:40:08.317] [PAI SDK] WebSocket closed, reconnecting (1/3)...
[19:40:18.577] [Global WebSocket] Suppressed error to prevent crash: Unexpected server response: 404
[19:40:18.578] [PAI SDK] WebSocket closed, reconnecting (1/3)...
[19:40:28.755] [Global WebSocket] Suppressed error to prevent crash: Unexpected server response: 404
[19:40:28.756] [PAI SDK] WebSocket closed, reconnecting (1/3)...
[19:40:39.036] [Global WebSocket] Suppressed error to prevent crash: Unexpected server response: 404
[19:40:39.036] [PAI SDK] WebSocket closed, reconnecting (1/3)...
[19:40:49.226] [Global WebSocket] Suppressed error to prevent crash: Unexpected server response: 404
[19:40:49.226] [PAI SDK] WebSocket closed, reconnecting (1/3)...
[19:40:59.491] [Global WebSocket] Suppressed error to prevent crash: Unexpected server response: 404
[19:40:59.492] [PAI SDK] WebSocket closed, reconnecting (1/3)...
[19:41:09.671] [Global WebSocket] Suppressed error to prevent crash: Unexpected server response: 404
[19:41:09.672] [PAI SDK] WebSocket closed, reconnecting (1/3)...
[19:41:19.908] [Global WebSocket] Suppressed error to prevent crash: Unexpected server response: 404
[19:41:19.908] [PAI SDK] WebSocket closed, reconnecting (1/3)...
[19:41:30.089] [Global WebSocket] Suppressed error to prevent crash: Unexpected server response: 404
[19:41:30.089] [PAI SDK] WebSocket closed, reconnecting (1/3)...
[19:41:40.280] [Global WebSocket] Suppressed error to prevent crash: Unexpected server response: 404
[19:41:40.280] [PAI SDK] WebSocket closed, reconnecting (1/3)...
[19:41:50.462] [Global WebSocket] Suppressed error to prevent crash: Unexpected server response: 404
[19:41:50.462] [PAI SDK] WebSocket closed, reconnecting (1/3)...
[19:42:00.727] [Global WebSocket] Suppressed error to prevent crash: Unexpected server response: 404
[19:42:00.728] [PAI SDK] WebSocket closed, reconnecting (1/3)...
[19:42:10.919] [Global WebSocket] Suppressed error to prevent crash: Unexpected server response: 404
[19:42:10.920] [PAI SDK] WebSocket closed, reconnecting (1/3)...
[19:42:21.133] [Global WebSocket] Suppressed error to prevent crash: Unexpected server response: 404
[19:42:21.134] [PAI SDK] WebSocket closed, reconnecting (1/3)...
[19:42:31.331] [Global WebSocket] Suppressed error to prevent crash: Unexpected server response: 404
[19:42:31.331] [PAI SDK] WebSocket closed, reconnecting (1/3)...
[19:42:41.523] [Global WebSocket] Suppressed error to prevent crash: Unexpected server response: 404
[19:42:41.524] [PAI SDK] WebSocket closed, reconnecting (1/3)...
[19:42:51.715] [Global WebSocket] Suppressed error to prevent crash: Unexpected server response: 404
[19:42:51.715] [PAI SDK] WebSocket closed, reconnecting (1/3)...
[19:43:01.999] [Global WebSocket] Suppressed error to prevent crash: Unexpected server response: 404
[19:43:02.000] [PAI SDK] WebSocket closed, reconnecting (1/3)...
[19:43:12.177] [Global WebSocket] Suppressed error to prevent crash: Unexpected server response: 404
[19:43:12.178] [PAI SDK] WebSocket closed, reconnecting (1/3)...
[19:43:22.473] [Global WebSocket] Suppressed error to prevent crash: Unexpected server response: 404
[19:43:22.474] [PAI SDK] WebSocket closed, reconnecting (1/3)...
[19:43:32.674] [Global WebSocket] Suppressed error to prevent crash: Unexpected server response: 404
[19:43:32.674] [PAI SDK] WebSocket closed, reconnecting (1/3)...
[19:43:43.004] [Global WebSocket] Suppressed error to prevent crash: Unexpected server response: 404
[19:43:43.005] [PAI SDK] WebSocket closed, reconnecting (1/3)...
[19:43:53.198] [Global WebSocket] Suppressed error to prevent crash: Unexpected server response: 404
[19:43:53.199] [PAI SDK] WebSocket closed, reconnecting (1/3)...
[19:44:03.509] [Global WebSocket] Suppressed error to prevent crash: Unexpected server response: 404
[19:44:03.510] [PAI SDK] WebSocket closed, reconnecting (1/3)...
[19:44:13.686] [Global WebSocket] Suppressed error to prevent crash: Unexpected server response: 404
[19:44:13.686] [PAI SDK] WebSocket closed, reconnecting (1/3)...
[19:44:24.002] [Global WebSocket] Suppressed error to prevent crash: Unexpected server response: 404
[19:44:24.003] [PAI SDK] WebSocket closed, reconnecting (1/3)...
[19:44:34.200] [Global WebSocket] Suppressed error to prevent crash: Unexpected server response: 404
[19:44:34.200] [PAI SDK] WebSocket closed, reconnecting (1/3)...
[19:44:44.515] [Global WebSocket] Suppressed error to prevent crash: Unexpected server response: 404
[19:44:44.515] [PAI SDK] WebSocket closed, reconnecting (1/3)...
[19:44:54.742] [Global WebSocket] Suppressed error to prevent crash: Unexpected server response: 404
[19:44:54.743] [PAI SDK] WebSocket closed, reconnecting (1/3)...
[19:45:05.076] [Global WebSocket] Suppressed error to prevent crash: Unexpected server response: 404
[19:45:05.077] [PAI SDK] WebSocket closed, reconnecting (1/3)...
[19:45:15.261] [Global WebSocket] Suppressed error to prevent crash: Unexpected server response: 404
[19:45:15.261] [PAI SDK] WebSocket closed, reconnecting (1/3)...
[19:45:25.515] [Global WebSocket] Suppressed error to prevent crash: Unexpected server response: 404
[19:45:25.516] [PAI SDK] WebSocket closed, reconnecting (1/3)...
[19:45:35.713] [Global WebSocket] Suppressed error to prevent crash: Unexpected server response: 404
[19:45:35.713] [PAI SDK] WebSocket closed, reconnecting (1/3)...
[19:45:46.014] [Global WebSocket] Suppressed error to prevent crash: Unexpected server response: 404
[19:45:46.015] [PAI SDK] WebSocket closed, reconnecting (1/3)...
[19:45:56.213] [Global WebSocket] Suppressed error to prevent crash: Unexpected server response: 404
[19:45:56.213] [PAI SDK] WebSocket closed, reconnecting (1/3)...
[19:46:06.468] [Global WebSocket] Suppressed error to prevent crash: Unexpected server response: 404
[19:46:06.469] [PAI SDK] WebSocket closed, reconnecting (1/3)...
[19:46:16.657] [Global WebSocket] Suppressed error to prevent crash: Unexpected server response: 404
[19:46:16.657] [PAI SDK] WebSocket closed, reconnecting (1/3)...
[19:46:26.853] [Global WebSocket] Suppressed error to prevent crash: Unexpected server response: 404
[19:46:26.853] [PAI SDK] WebSocket closed, reconnecting (1/3)...
[19:46:37.070] [Global WebSocket] Suppressed error to prevent crash: Unexpected server response: 404
[19:46:37.070] [PAI SDK] WebSocket closed, reconnecting (1/3)...
[19:46:47.261] [Global WebSocket] Suppressed error to prevent crash: Unexpected server response: 404
[19:46:47.262] [PAI SDK] WebSocket closed, reconnecting (1/3)...
[19:46:57.453] [Global WebSocket] Suppressed error to prevent crash: Unexpected server response: 404
[19:46:57.453] [PAI SDK] WebSocket closed, reconnecting (1/3)...
[19:47:07.649] [Global WebSocket] Suppressed error to prevent crash: Unexpected server response: 404
[19:47:07.650] [PAI SDK] WebSocket closed, reconnecting (1/3)...
[19:47:17.846] [Global WebSocket] Suppressed error to prevent crash: Unexpected server response: 404
[19:47:17.846] [PAI SDK] WebSocket closed, reconnecting (1/3)...
[19:47:28.054] [Global WebSocket] Suppressed error to prevent crash: Unexpected server response: 404
[19:47:28.055] [PAI SDK] WebSocket closed, reconnecting (1/3)...
[19:47:38.242] [Global WebSocket] Suppressed error to prevent crash: Unexpected server response: 404
[19:47:38.243] [PAI SDK] WebSocket closed, reconnecting (1/3)...
[19:47:48.426] [Global WebSocket] Suppressed error to prevent crash: Unexpected server response: 404
[19:47:48.427] [PAI SDK] WebSocket closed, reconnecting (1/3)...
[19:47:58.613] [Global WebSocket] Suppressed error to prevent crash: Unexpected server response: 404
[19:47:58.614] [PAI SDK] WebSocket closed, reconnecting (1/3)...
[19:48:08.802] [Global WebSocket] Suppressed error to prevent crash: Unexpected server response: 404
[19:48:08.803] [PAI SDK] WebSocket closed, reconnecting (1/3)...
[19:48:18.996] [Global WebSocket] Suppressed error to prevent crash: Unexpected server response: 404
[19:48:18.997] [PAI SDK] WebSocket closed, reconnecting (1/3)...
[19:48:29.184] [Global WebSocket] Suppressed error to prevent crash: Unexpected server response: 404
[19:48:29.184] [PAI SDK] WebSocket closed, reconnecting (1/3)...
[19:48:39.381] [Global WebSocket] Suppressed error to prevent crash: Unexpected server response: 404
[19:48:39.382] [PAI SDK] WebSocket closed, reconnecting (1/3)...
[19:48:49.574] [Global WebSocket] Suppressed error to prevent crash: Unexpected server response: 404
[19:48:49.575] [PAI SDK] WebSocket closed, reconnecting (1/3)...
[19:48:59.778] [Global WebSocket] Suppressed error to prevent crash: Unexpected server response: 404
[19:48:59.779] [PAI SDK] WebSocket closed, reconnecting (1/3)...
[19:49:09.974] [Global WebSocket] Suppressed error to prevent crash: Unexpected server response: 404
[19:49:09.974] [PAI SDK] WebSocket closed, reconnecting (1/3)...
[19:49:20.177] [Global WebSocket] Suppressed error to prevent crash: Unexpected server response: 404
[19:49:20.178] [PAI SDK] WebSocket closed, reconnecting (1/3)...
[19:49:30.361] [Global WebSocket] Suppressed error to prevent crash: Unexpected server response: 404
[19:49:30.362] [PAI SDK] WebSocket closed, reconnecting (1/3)...
[19:49:40.568] [Global WebSocket] Suppressed error to prevent crash: Unexpected server response: 404
[19:49:40.568] [PAI SDK] WebSocket closed, reconnecting (1/3)...
[19:49:50.739] [Global WebSocket] Suppressed error to prevent crash: Unexpected server response: 404
[19:49:50.740] [PAI SDK] WebSocket closed, reconnecting (1/3)...
[19:50:00.939] [Global WebSocket] Suppressed error to prevent crash: Unexpected server response: 404
[19:50:00.940] [PAI SDK] WebSocket closed, reconnecting (1/3)...
[19:50:11.129] [Global WebSocket] Suppressed error to prevent crash: Unexpected server response: 404
[19:50:11.129] [PAI SDK] WebSocket closed, reconnecting (1/3)...
[19:50:21.309] [Global WebSocket] Suppressed error to prevent crash: Unexpected server response: 404
[19:50:21.310] [PAI SDK] WebSocket closed, reconnecting (1/3)...
[19:50:31.514] [Global WebSocket] Suppressed error to prevent crash: Unexpected server response: 404
[19:50:31.515] [PAI SDK] WebSocket closed, reconnecting (1/3)...
[19:50:41.707] [Global WebSocket] Suppressed error to prevent crash: Unexpected server response: 404
[19:50:41.708] [PAI SDK] WebSocket closed, reconnecting (1/3)...
[19:50:51.906] [Global WebSocket] Suppressed error to prevent crash: Unexpected server response: 404
[19:50:51.907] [PAI SDK] WebSocket closed, reconnecting (1/3)...
[19:51:02.109] [Global WebSocket] Suppressed error to prevent crash: Unexpected server response: 404
[19:51:02.109] [PAI SDK] WebSocket closed, reconnecting (1/3)...
[19:51:12.301] [Global WebSocket] Suppressed error to prevent crash: Unexpected server response: 404
[19:51:12.302] [PAI SDK] WebSocket closed, reconnecting (1/3)...
[19:51:22.515] [Global WebSocket] Suppressed error to prevent crash: Unexpected server response: 404
[19:51:22.516] [PAI SDK] WebSocket closed, reconnecting (1/3)...
[19:51:32.752] [Global WebSocket] Suppressed error to prevent crash: Unexpected server response: 404
[19:51:32.752] [PAI SDK] WebSocket closed, reconnecting (1/3)...
[19:51:42.955] [Global WebSocket] Suppressed error to prevent crash: Unexpected server response: 404
[19:51:42.956] [PAI SDK] WebSocket closed, reconnecting (1/3)...
[19:51:53.152] [Global WebSocket] Suppressed error to prevent crash: Unexpected server response: 404
[19:51:53.152] [PAI SDK] WebSocket closed, reconnecting (1/3)...
[19:52:03.348] [Global WebSocket] Suppressed error to prevent crash: Unexpected server response: 404
[19:52:03.349] [PAI SDK] WebSocket closed, reconnecting (1/3)...
[19:52:13.533] [Global WebSocket] Suppressed error to prevent crash: Unexpected server response: 404
[19:52:13.533] [PAI SDK] WebSocket closed, reconnecting (1/3)...
[19:52:23.725] [Global WebSocket] Suppressed error to prevent crash: Unexpected server response: 404
[19:52:23.726] [PAI SDK] WebSocket closed, reconnecting (1/3)...
[19:52:33.908] [Global WebSocket] Suppressed error to prevent crash: Unexpected server response: 404
[19:52:33.908] [PAI SDK] WebSocket closed, reconnecting (1/3)...
[19:52:44.090] [Global WebSocket] Suppressed error to prevent crash: Unexpected server response: 404
[19:52:44.090] [PAI SDK] WebSocket closed, reconnecting (1/3)...
[19:52:54.275] [Global WebSocket] Suppressed error to prevent crash: Unexpected server response: 404
[19:52:54.275] [PAI SDK] WebSocket closed, reconnecting (1/3)...
[19:53:04.481] [Global WebSocket] Suppressed error to prevent crash: Unexpected server response: 404
[19:53:04.481] [PAI SDK] WebSocket closed, reconnecting (1/3)...
[19:53:14.672] [Global WebSocket] Suppressed error to prevent crash: Unexpected server response: 404
[19:53:14.672] [PAI SDK] WebSocket closed, reconnecting (1/3)...
[19:53:24.941] [Global WebSocket] Suppressed error to prevent crash: Unexpected server response: 404
[19:53:24.942] [PAI SDK] WebSocket closed, reconnecting (1/3)...
[19:53:35.135] [Global WebSocket] Suppressed error to prevent crash: Unexpected server response: 404
[19:53:35.135] [PAI SDK] WebSocket closed, reconnecting (1/3)...
[19:53:45.467] [Global WebSocket] Suppressed error to prevent crash: Unexpected server response: 404
[19:53:45.467] [PAI SDK] WebSocket closed, reconnecting (1/3)...
[19:53:55.662] [Global WebSocket] Suppressed error to prevent crash: Unexpected server response: 404
[19:53:55.663] [PAI SDK] WebSocket closed, reconnecting (1/3)...
[19:54:05.960] [Global WebSocket] Suppressed error to prevent crash: Unexpected server response: 404
[19:54:05.960] [PAI SDK] WebSocket closed, reconnecting (1/3)...
[19:54:16.162] [Global WebSocket] Suppressed error to prevent crash: Unexpected server response: 404
[19:54:16.162] [PAI SDK] WebSocket closed, reconnecting (1/3)...
[19:54:26.445] [Global WebSocket] Suppressed error to prevent crash: Unexpected server response: 404
[19:54:26.445] [PAI SDK] WebSocket closed, reconnecting (1/3)...
[19:54:36.630] [Global WebSocket] Suppressed error to prevent crash: Unexpected server response: 404
[19:54:36.630] [PAI SDK] WebSocket closed, reconnecting (1/3)...
[19:54:46.940] [Global WebSocket] Suppressed error to prevent crash: Unexpected server response: 404
[19:54:46.941] [PAI SDK] WebSocket closed, reconnecting (1/3)...
[19:54:57.130] [Global WebSocket] Suppressed error to prevent crash: Unexpected server response: 404
[19:54:57.130] [PAI SDK] WebSocket closed, reconnecting (1/3)...
[19:55:07.421] [Global WebSocket] Suppressed error to prevent crash: Unexpected server response: 404
[19:55:07.422] [PAI SDK] WebSocket closed, reconnecting (1/3)...
[19:55:17.621] [Global WebSocket] Suppressed error to prevent crash: Unexpected server response: 404
[19:55:17.621] [PAI SDK] WebSocket closed, reconnecting (1/3)...
[19:55:27.892] [Global WebSocket] Suppressed error to prevent crash: Unexpected server response: 404
[19:55:27.893] [PAI SDK] WebSocket closed, reconnecting (1/3)...
[19:55:38.084] [Global WebSocket] Suppressed error to prevent crash: Unexpected server response: 404
[19:55:38.085] [PAI SDK] WebSocket closed, reconnecting (1/3)...
[19:55:48.447] [Global WebSocket] Suppressed error to prevent crash: Unexpected server response: 404
[19:55:48.447] [PAI SDK] WebSocket closed, reconnecting (1/3)...
[19:55:58.641] [Global WebSocket] Suppressed error to prevent crash: Unexpected server response: 404
[19:55:58.642] [PAI SDK] WebSocket closed, reconnecting (1/3)...
[19:56:08.979] [Global WebSocket] Suppressed error to prevent crash: Unexpected server response: 404
[19:56:08.979] [PAI SDK] WebSocket closed, reconnecting (1/3)...
[19:56:19.186] [Global WebSocket] Suppressed error to prevent crash: Unexpected server response: 404
[19:56:19.187] [PAI SDK] WebSocket closed, reconnecting (1/3)...
[19:56:29.524] [Global WebSocket] Suppressed error to prevent crash: Unexpected server response: 404
[19:56:29.525] [PAI SDK] WebSocket closed, reconnecting (1/3)...
[19:56:39.720] [Global WebSocket] Suppressed error to prevent crash: Unexpected server response: 404
[19:56:39.720] [PAI SDK] WebSocket closed, reconnecting (1/3)...
[19:56:49.989] [Global WebSocket] Suppressed error to prevent crash: Unexpected server response: 404
[19:56:49.990] [PAI SDK] WebSocket closed, reconnecting (1/3)...
[19:57:00.200] [Global WebSocket] Suppressed error to prevent crash: Unexpected server response: 404
[19:57:00.200] [PAI SDK] WebSocket closed, reconnecting (1/3)...
[19:57:10.468] [Global WebSocket] Suppressed error to prevent crash: Unexpected server response: 404
[19:57:10.468] [PAI SDK] WebSocket closed, reconnecting (1/3)...
[19:57:20.677] [Global WebSocket] Suppressed error to prevent crash: Unexpected server response: 404
[19:57:20.678] [PAI SDK] WebSocket closed, reconnecting (1/3)...
[19:57:30.938] [Global WebSocket] Suppressed error to prevent crash: Unexpected server response: 404
[19:57:30.938] [PAI SDK] WebSocket closed, reconnecting (1/3)...
[19:57:41.137] [Global WebSocket] Suppressed error to prevent crash: Unexpected server response: 404
[19:57:41.138] [PAI SDK] WebSocket closed, reconnecting (1/3)...
[19:57:51.413] [Global WebSocket] Suppressed error to prevent crash: Unexpected server response: 404
[19:57:51.414] [PAI SDK] WebSocket closed, reconnecting (1/3)...
[19:58:01.620] [Global WebSocket] Suppressed error to prevent crash: Unexpected server response: 404
[19:58:01.621] [PAI SDK] WebSocket closed, reconnecting (1/3)...
[19:58:11.878] [Global WebSocket] Suppressed error to prevent crash: Unexpected server response: 404
[19:58:11.878] [PAI SDK] WebSocket closed, reconnecting (1/3)...
[19:58:22.083] [Global WebSocket] Suppressed error to prevent crash: Unexpected server response: 404
[19:58:22.084] [PAI SDK] WebSocket closed, reconnecting (1/3)...
[19:58:32.281] [Global WebSocket] Suppressed error to prevent crash: Unexpected server response: 404
[19:58:32.282] [PAI SDK] WebSocket closed, reconnecting (1/3)...
[19:58:42.482] [Global WebSocket] Suppressed error to prevent crash: Unexpected server response: 404
[19:58:42.483] [PAI SDK] WebSocket closed, reconnecting (1/3)...
[19:58:52.789] [Global WebSocket] Suppressed error to prevent crash: Unexpected server response: 404
[19:58:52.789] [PAI SDK] WebSocket closed, reconnecting (1/3)...
[19:59:02.986] [Global WebSocket] Suppressed error to prevent crash: Unexpected server response: 404
[19:59:02.987] [PAI SDK] WebSocket closed, reconnecting (1/3)...
[19:59:13.319] [Global WebSocket] Suppressed error to prevent crash: Unexpected server response: 404
[19:59:13.319] [PAI SDK] WebSocket closed, reconnecting (1/3)...
[19:59:23.530] [Global WebSocket] Suppressed error to prevent crash: Unexpected server response: 404
[19:59:23.531] [PAI SDK] WebSocket closed, reconnecting (1/3)...
[19:59:33.881] [Global WebSocket] Suppressed error to prevent crash: Unexpected server response: 404
[19:59:33.881] [PAI SDK] WebSocket closed, reconnecting (1/3)...
[19:59:44.070] [Global WebSocket] Suppressed error to prevent crash: Unexpected server response: 404
[19:59:44.071] [PAI SDK] WebSocket closed, reconnecting (1/3)...
[19:59:54.420] [Global WebSocket] Suppressed error to prevent crash: Unexpected server response: 404
[19:59:54.420] [PAI SDK] WebSocket closed, reconnecting (1/3)...
[20:00:04.617] [Global WebSocket] Suppressed error to prevent crash: Unexpected server response: 404
[20:00:04.617] [PAI SDK] WebSocket closed, reconnecting (1/3)...
[20:00:14.896] [Global WebSocket] Suppressed error to prevent crash: Unexpected server response: 404
[20:00:14.896] [PAI SDK] WebSocket closed, reconnecting (1/3)...
[20:00:25.085] [Global WebSocket] Suppressed error to prevent crash: Unexpected server response: 404
[20:00:25.085] [PAI SDK] WebSocket closed, reconnecting (1/3)...
[20:00:35.930] [Global WebSocket] Suppressed error to prevent crash: Unexpected server response: 404
[20:00:35.931] [PAI SDK] WebSocket closed, reconnecting (1/3)...
[20:00:46.126] [Global WebSocket] Suppressed error to prevent crash: Unexpected server response: 404
[20:00:46.127] [PAI SDK] WebSocket closed, reconnecting (1/3)...
[20:00:56.321] [Global WebSocket] Suppressed error to prevent crash: Unexpected server response: 404
[20:00:56.322] [PAI SDK] WebSocket closed, reconnecting (1/3)...
[20:01:06.527] [Global WebSocket] Suppressed error to prevent crash: Unexpected server response: 404
[20:01:06.528] [PAI SDK] WebSocket closed, reconnecting (1/3)...
[20:01:16.725] [Global WebSocket] Suppressed error to prevent crash: Unexpected server response: 404
[20:01:16.726] [PAI SDK] WebSocket closed, reconnecting (1/3)...
[20:01:26.938] [Global WebSocket] Suppressed error to prevent crash: Unexpected server response: 404
[20:01:26.939] [PAI SDK] WebSocket closed, reconnecting (1/3)...
[20:01:37.137] [Global WebSocket] Suppressed error to prevent crash: Unexpected server response: 404
[20:01:37.138] [PAI SDK] WebSocket closed, reconnecting (1/3)...
[20:01:47.325] [Global WebSocket] Suppressed error to prevent crash: Unexpected server response: 404
[20:01:47.325] [PAI SDK] WebSocket closed, reconnecting (1/3)...
[20:01:57.517] [Global WebSocket] Suppressed error to prevent crash: Unexpected server response: 404
[20:01:57.518] [PAI SDK] WebSocket closed, reconnecting (1/3)...
[20:02:07.711] [Global WebSocket] Suppressed error to prevent crash: Unexpected server response: 404
[20:02:07.712] [PAI SDK] WebSocket closed, reconnecting (1/3)...
[20:02:17.935] [Global WebSocket] Suppressed error to prevent crash: Unexpected server response: 404
[20:02:17.935] [PAI SDK] WebSocket closed, reconnecting (1/3)...
[20:02:28.132] [Global WebSocket] Suppressed error to prevent crash: Unexpected server response: 404
[20:02:28.133] [PAI SDK] WebSocket closed, reconnecting (1/3)...
[20:02:38.339] [Global WebSocket] Suppressed error to prevent crash: Unexpected server response: 404
[20:02:38.339] [PAI SDK] WebSocket closed, reconnecting (1/3)...
[20:02:48.534] [Global WebSocket] Suppressed error to prevent crash: Unexpected server response: 404
[20:02:48.535] [PAI SDK] WebSocket closed, reconnecting (1/3)...
[20:02:58.739] [Global WebSocket] Suppressed error to prevent crash: Unexpected server response: 404
[20:02:58.739] [PAI SDK] WebSocket closed, reconnecting (1/3)...
[20:03:08.937] [Global WebSocket] Suppressed error to prevent crash: Unexpected server response: 404
[20:03:08.938] [PAI SDK] WebSocket closed, reconnecting (1/3)...
[20:03:19.156] [Global WebSocket] Suppressed error to prevent crash: Unexpected server response: 404
[20:03:19.157] [PAI SDK] WebSocket closed, reconnecting (1/3)...
[20:03:29.366] [Global WebSocket] Suppressed error to prevent crash: Unexpected server response: 404
[20:03:29.367] [PAI SDK] WebSocket closed, reconnecting (1/3)...
[20:03:39.563] [Global WebSocket] Suppressed error to prevent crash: Unexpected server response: 404
[20:03:39.564] [PAI SDK] WebSocket closed, reconnecting (1/3)...
[20:03:49.763] [Global WebSocket] Suppressed error to prevent crash: Unexpected server response: 404
[20:03:49.763] [PAI SDK] WebSocket closed, reconnecting (1/3)...
[20:03:59.969] [Global WebSocket] Suppressed error to prevent crash: Unexpected server response: 404
[20:03:59.970] [PAI SDK] WebSocket closed, reconnecting (1/3)...
[20:04:10.167] [Global WebSocket] Suppressed error to prevent crash: Unexpected server response: 404
[20:04:10.167] [PAI SDK] WebSocket closed, reconnecting (1/3)...
[20:04:20.378] [Global WebSocket] Suppressed error to prevent crash: Unexpected server response: 404
[20:04:20.379] [PAI SDK] WebSocket closed, reconnecting (1/3)...
[20:04:30.563] [Global WebSocket] Suppressed error to prevent crash: Unexpected server response: 404
[20:04:30.563] [PAI SDK] WebSocket closed, reconnecting (1/3)...
[20:04:40.765] [Global WebSocket] Suppressed error to prevent crash: Unexpected server response: 404
[20:04:40.765] [PAI SDK] WebSocket closed, reconnecting (1/3)...
[20:04:50.953] [Global WebSocket] Suppressed error to prevent crash: Unexpected server response: 404
[20:04:50.954] [PAI SDK] WebSocket closed, reconnecting (1/3)...
[20:05:01.145] [Global WebSocket] Suppressed error to prevent crash: Unexpected server response: 404
[20:05:01.146] [PAI SDK] WebSocket closed, reconnecting (1/3)...
[20:05:11.343] [Global WebSocket] Suppressed error to prevent crash: Unexpected server response: 404
[20:05:11.344] [PAI SDK] WebSocket closed, reconnecting (1/3)...
[20:05:21.527] [Global WebSocket] Suppressed error to prevent crash: Unexpected server response: 404
[20:05:21.528] [PAI SDK] WebSocket closed, reconnecting (1/3)...
[20:05:31.745] [Global WebSocket] Suppressed error to prevent crash: Unexpected server response: 404
[20:05:31.745] [PAI SDK] WebSocket closed, reconnecting (1/3)...
[20:05:41.926] [Global WebSocket] Suppressed error to prevent crash: Unexpected server response: 404
[20:05:41.926] [PAI SDK] WebSocket closed, reconnecting (1/3)...
[20:05:52.148] [Global WebSocket] Suppressed error to prevent crash: Unexpected server response: 404
[20:05:52.148] [PAI SDK] WebSocket closed, reconnecting (1/3)...
[20:06:02.339] [Global WebSocket] Suppressed error to prevent crash: Unexpected server response: 404
[20:06:02.340] [PAI SDK] WebSocket closed, reconnecting (1/3)...
[20:06:12.600] [Global WebSocket] Suppressed error to prevent crash: Unexpected server response: 404
[20:06:12.601] [PAI SDK] WebSocket closed, reconnecting (1/3)...
[20:06:22.802] [Global WebSocket] Suppressed error to prevent crash: Unexpected server response: 404
[20:06:22.803] [PAI SDK] WebSocket closed, reconnecting (1/3)...
[20:06:33.109] [Global WebSocket] Suppressed error to prevent crash: Unexpected server response: 404
[20:06:33.109] [PAI SDK] WebSocket closed, reconnecting (1/3)...
[20:06:43.298] [Global WebSocket] Suppressed error to prevent crash: Unexpected server response: 404
[20:06:43.299] [PAI SDK] WebSocket closed, reconnecting (1/3)...
[20:06:53.619] [Global WebSocket] Suppressed error to prevent crash: Unexpected server response: 404
[20:06:53.620] [PAI SDK] WebSocket closed, reconnecting (1/3)...
[20:07:03.822] [Global WebSocket] Suppressed error to prevent crash: Unexpected server response: 404
[20:07:03.822] [PAI SDK] WebSocket closed, reconnecting (1/3)...
[20:07:14.265] [Global WebSocket] Suppressed error to prevent crash: Unexpected server response: 404
[20:07:14.266] [PAI SDK] WebSocket closed, reconnecting (1/3)...
[20:07:24.460] [Global WebSocket] Suppressed error to prevent crash: Unexpected server response: 404
[20:07:24.461] [PAI SDK] WebSocket closed, reconnecting (1/3)...
[20:07:34.725] [Global WebSocket] Suppressed error to prevent crash: Unexpected server response: 404
[20:07:34.726] [PAI SDK] WebSocket closed, reconnecting (1/3)...
[20:07:44.916] [Global WebSocket] Suppressed error to prevent crash: Unexpected server response: 404
[20:07:44.917] [PAI SDK] WebSocket closed, reconnecting (1/3)...
[20:07:55.191] [Global WebSocket] Suppressed error to prevent crash: Unexpected server response: 404
[20:07:55.192] [PAI SDK] WebSocket closed, reconnecting (1/3)...
[20:08:05.377] [Global WebSocket] Suppressed error to prevent crash: Unexpected server response: 404
[20:08:05.377] [PAI SDK] WebSocket closed, reconnecting (1/3)...
[20:08:15.663] [Global WebSocket] Suppressed error to prevent crash: Unexpected server response: 404
[20:08:15.664] [PAI SDK] WebSocket closed, reconnecting (1/3)...
[20:08:25.869] [Global WebSocket] Suppressed error to prevent crash: Unexpected server response: 404
[20:08:25.870] [PAI SDK] WebSocket closed, reconnecting (1/3)...
[20:08:36.141] [Global WebSocket] Suppressed error to prevent crash: Unexpected server response: 404
[20:08:36.142] [PAI SDK] WebSocket closed, reconnecting (1/3)...
[20:08:46.337] [Global WebSocket] Suppressed error to prevent crash: Unexpected server response: 404
[20:08:46.338] [PAI SDK] WebSocket closed, reconnecting (1/3)...
[20:08:56.651] [Global WebSocket] Suppressed error to prevent crash: Unexpected server response: 404
[20:08:56.652] [PAI SDK] WebSocket closed, reconnecting (1/3)...
[20:09:06.857] [Global WebSocket] Suppressed error to prevent crash: Unexpected server response: 404
[20:09:06.857] [PAI SDK] WebSocket closed, reconnecting (1/3)...
[20:09:17.156] [Global WebSocket] Suppressed error to prevent crash: Unexpected server response: 404
[20:09:17.157] [PAI SDK] WebSocket closed, reconnecting (1/3)...
[20:09:27.353] [Global WebSocket] Suppressed error to prevent crash: Unexpected server response: 404
[20:09:27.355] [PAI SDK] WebSocket closed, reconnecting (1/3)...
[20:09:37.618] [Global WebSocket] Suppressed error to prevent crash: Unexpected server response: 404
[20:09:37.618] [PAI SDK] WebSocket closed, reconnecting (1/3)...
[20:09:47.829] [Global WebSocket] Suppressed error to prevent crash: Unexpected server response: 404
[20:09:47.829] [PAI SDK] WebSocket closed, reconnecting (1/3)...
[20:09:58.139] [Global WebSocket] Suppressed error to prevent crash: Unexpected server response: 404
[20:09:58.139] [PAI SDK] WebSocket closed, reconnecting (1/3)...
[20:10:08.341] [Global WebSocket] Suppressed error to prevent crash: Unexpected server response: 404
[20:10:08.342] [PAI SDK] WebSocket closed, reconnecting (1/3)...
[20:10:18.584] [Global WebSocket] Suppressed error to prevent crash: Unexpected server response: 404
[20:10:18.585] [PAI SDK] WebSocket closed, reconnecting (1/3)...
[20:10:28.773] [Global WebSocket] Suppressed error to prevent crash: Unexpected server response: 404
[20:10:28.773] [PAI SDK] WebSocket closed, reconnecting (1/3)...
[20:10:38.967] [Global WebSocket] Suppressed error to prevent crash: Unexpected server response: 404
[20:10:38.968] [PAI SDK] WebSocket closed, reconnecting (1/3)...
[20:10:49.162] [Global WebSocket] Suppressed error to prevent crash: Unexpected server response: 404
[20:10:49.162] [PAI SDK] WebSocket closed, reconnecting (1/3)...
[20:10:59.358] [Global WebSocket] Suppressed error to prevent crash: Unexpected server response: 404
[20:10:59.359] [PAI SDK] WebSocket closed, reconnecting (1/3)...
[20:11:09.553] [Global WebSocket] Suppressed error to prevent crash: Unexpected server response: 404
[20:11:09.553] [PAI SDK] WebSocket closed, reconnecting (1/3)...
[20:11:19.758] [Global WebSocket] Suppressed error to prevent crash: Unexpected server response: 404
[20:11:19.758] [PAI SDK] WebSocket closed, reconnecting (1/3)...
[20:11:29.953] [Global WebSocket] Suppressed error to prevent crash: Unexpected server response: 404
[20:11:29.954] [PAI SDK] WebSocket closed, reconnecting (1/3)...
[20:11:40.154] [Global WebSocket] Suppressed error to prevent crash: Unexpected server response: 404
[20:11:40.155] [PAI SDK] WebSocket closed, reconnecting (1/3)...
[20:11:50.335] [Global WebSocket] Suppressed error to prevent crash: Unexpected server response: 404
[20:11:50.336] [PAI SDK] WebSocket closed, reconnecting (1/3)...
[20:12:00.526] [Global WebSocket] Suppressed error to prevent crash: Unexpected server response: 404
[20:12:00.527] [PAI SDK] WebSocket closed, reconnecting (1/3)...
[20:12:10.714] [Global WebSocket] Suppressed error to prevent crash: Unexpected server response: 404
[20:12:10.715] [PAI SDK] WebSocket closed, reconnecting (1/3)...
[20:12:20.896] [Global WebSocket] Suppressed error to prevent crash: Unexpected server response: 404
[20:12:20.896] [PAI SDK] WebSocket closed, reconnecting (1/3)...
[20:12:31.103] [Global WebSocket] Suppressed error to prevent crash: Unexpected server response: 404
[20:12:31.103] [PAI SDK] WebSocket closed, reconnecting (1/3)...
[20:12:41.296] [Global WebSocket] Suppressed error to prevent crash: Unexpected server response: 404
[20:12:41.296] [PAI SDK] WebSocket closed, reconnecting (1/3)...
[20:12:51.488] [Global WebSocket] Suppressed error to prevent crash: Unexpected server response: 404
[20:12:51.488] [PAI SDK] WebSocket closed, reconnecting (1/3)...
[20:13:01.685] [Global WebSocket] Suppressed error to prevent crash: Unexpected server response: 404
[20:13:01.685] [PAI SDK] WebSocket closed, reconnecting (1/3)...
[20:13:11.893] [Global WebSocket] Suppressed error to prevent crash: Unexpected server response: 404
[20:13:11.894] [PAI SDK] WebSocket closed, reconnecting (1/3)...
[20:13:22.084] [Global WebSocket] Suppressed error to prevent crash: Unexpected server response: 404
[20:13:22.084] [PAI SDK] WebSocket closed, reconnecting (1/3)...
[20:13:32.272] [Global WebSocket] Suppressed error to prevent crash: Unexpected server response: 404
[20:13:32.272] [PAI SDK] WebSocket closed, reconnecting (1/3)...
[20:13:42.458] [Global WebSocket] Suppressed error to prevent crash: Unexpected server response: 404
[20:13:42.459] [PAI SDK] WebSocket closed, reconnecting (1/3)...
[20:13:52.641] [Global WebSocket] Suppressed error to prevent crash: Unexpected server response: 404
[20:13:52.642] [PAI SDK] WebSocket closed, reconnecting (1/3)...
[20:14:02.838] [Global WebSocket] Suppressed error to prevent crash: Unexpected server response: 404
[20:14:02.838] [PAI SDK] WebSocket closed, reconnecting (1/3)...
[20:14:13.049] [Global WebSocket] Suppressed error to prevent crash: Unexpected server response: 404
[20:14:13.049] [PAI SDK] WebSocket closed, reconnecting (1/3)...
[20:14:23.241] [Global WebSocket] Suppressed error to prevent crash: Unexpected server response: 404
[20:14:23.242] [PAI SDK] WebSocket closed, reconnecting (1/3)...
[20:14:33.425] [Global WebSocket] Suppressed error to prevent crash: Unexpected server response: 404
[20:14:33.426] [PAI SDK] WebSocket closed, reconnecting (1/3)...
[20:14:43.624] [Global WebSocket] Suppressed error to prevent crash: Unexpected server response: 404
[20:14:43.624] [PAI SDK] WebSocket closed, reconnecting (1/3)...
[20:14:53.807] [Global WebSocket] Suppressed error to prevent crash: Unexpected server response: 404
[20:14:53.808] [PAI SDK] WebSocket closed, reconnecting (1/3)...
[20:15:04.086] [Global WebSocket] Suppressed error to prevent crash: Unexpected server response: 404
[20:15:04.086] [PAI SDK] WebSocket closed, reconnecting (1/3)...
[20:15:14.278] [Global WebSocket] Suppressed error to prevent crash: Unexpected server response: 404
[20:15:14.278] [PAI SDK] WebSocket closed, reconnecting (1/3)...
[20:15:24.584] [Global WebSocket] Suppressed error to prevent crash: Unexpected server response: 404
[20:15:24.585] [PAI SDK] WebSocket closed, reconnecting (1/3)...
[20:15:34.788] [Global WebSocket] Suppressed error to prevent crash: Unexpected server response: 404
[20:15:34.789] [PAI SDK] WebSocket closed, reconnecting (1/3)...
[20:15:45.099] [Global WebSocket] Suppressed error to prevent crash: Unexpected server response: 404
[20:15:45.099] [PAI SDK] WebSocket closed, reconnecting (1/3)...
[20:15:55.295] [Global WebSocket] Suppressed error to prevent crash: Unexpected server response: 404
[20:15:55.295] [PAI SDK] WebSocket closed, reconnecting (1/3)...
[20:16:05.604] [Global WebSocket] Suppressed error to prevent crash: Unexpected server response: 404
[20:16:05.604] [PAI SDK] WebSocket closed, reconnecting (1/3)...
[20:16:15.810] [Global WebSocket] Suppressed error to prevent crash: Unexpected server response: 404
[20:16:15.811] [PAI SDK] WebSocket closed, reconnecting (1/3)...
[20:16:26.118] [Global WebSocket] Suppressed error to prevent crash: Unexpected server response: 404
[20:16:26.119] [PAI SDK] WebSocket closed, reconnecting (1/3)...
[20:16:36.315] [Global WebSocket] Suppressed error to prevent crash: Unexpected server response: 404
[20:16:36.316] [PAI SDK] WebSocket closed, reconnecting (1/3)...
[20:16:46.582] [Global WebSocket] Suppressed error to prevent crash: Unexpected server response: 404
[20:16:46.583] [PAI SDK] WebSocket closed, reconnecting (1/3)...
[20:16:56.769] [Global WebSocket] Suppressed error to prevent crash: Unexpected server response: 404
[20:16:56.769] [PAI SDK] WebSocket closed, reconnecting (1/3)...
[20:17:07.059] [Global WebSocket] Suppressed error to prevent crash: Unexpected server response: 404
[20:17:07.059] [PAI SDK] WebSocket closed, reconnecting (1/3)...
[20:17:17.254] [Global WebSocket] Suppressed error to prevent crash: Unexpected server response: 404
[20:17:17.254] [PAI SDK] WebSocket closed, reconnecting (1/3)...
[20:17:27.538] [Global WebSocket] Suppressed error to prevent crash: Unexpected server response: 404
[20:17:27.539] [PAI SDK] WebSocket closed, reconnecting (1/3)...
[20:17:37.722] [Global WebSocket] Suppressed error to prevent crash: Unexpected server response: 404
[20:17:37.722] [PAI SDK] WebSocket closed, reconnecting (1/3)...
[20:17:47.987] [Global WebSocket] Suppressed error to prevent crash: Unexpected server response: 404
[20:17:47.988] [PAI SDK] WebSocket closed, reconnecting (1/3)...
[20:17:58.181] [Global WebSocket] Suppressed error to prevent crash: Unexpected server response: 404
[20:17:58.181] [PAI SDK] WebSocket closed, reconnecting (1/3)...
[20:18:08.390] [Global WebSocket] Suppressed error to prevent crash: Unexpected server response: 404
[20:18:08.391] [PAI SDK] WebSocket closed, reconnecting (1/3)...
[20:18:18.583] [Global WebSocket] Suppressed error to prevent crash: Unexpected server response: 404
[20:18:18.583] [PAI SDK] WebSocket closed, reconnecting (1/3)...
[20:18:28.768] [Global WebSocket] Suppressed error to prevent crash: Unexpected server response: 404
[20:18:28.768] [PAI SDK] WebSocket closed, reconnecting (1/3)...
[20:18:38.953] [Global WebSocket] Suppressed error to prevent crash: Unexpected server response: 404
[20:18:38.953] [PAI SDK] WebSocket closed, reconnecting (1/3)...
[20:18:49.139] [Global WebSocket] Suppressed error to prevent crash: Unexpected server response: 404
[20:18:49.140] [PAI SDK] WebSocket closed, reconnecting (1/3)...
[20:18:59.348] [Global WebSocket] Suppressed error to prevent crash: Unexpected server response: 404
[20:18:59.348] [PAI SDK] WebSocket closed, reconnecting (1/3)...
[20:19:09.539] [Global WebSocket] Suppressed error to prevent crash: Unexpected server response: 404
[20:19:09.540] [PAI SDK] WebSocket closed, reconnecting (1/3)...
[20:19:19.722] [Global WebSocket] Suppressed error to prevent crash: Unexpected server response: 404
[20:19:19.722] [PAI SDK] WebSocket closed, reconnecting (1/3)...
[20:19:29.921] [Global WebSocket] Suppressed error to prevent crash: Unexpected server response: 404
[20:19:29.922] [PAI SDK] WebSocket closed, reconnecting (1/3)...
[20:19:40.109] [Global WebSocket] Suppressed error to prevent crash: Unexpected server response: 404
[20:19:40.110] [PAI SDK] WebSocket closed, reconnecting (1/3)...
[20:19:50.305] [Global WebSocket] Suppressed error to prevent crash: Unexpected server response: 404
[20:19:50.306] [PAI SDK] WebSocket closed, reconnecting (1/3)...
[20:20:00.510] [Global WebSocket] Suppressed error to prevent crash: Unexpected server response: 404
[20:20:00.510] [PAI SDK] WebSocket closed, reconnecting (1/3)...
[20:20:10.694] [Global WebSocket] Suppressed error to prevent crash: Unexpected server response: 404
[20:20:10.695] [PAI SDK] WebSocket closed, reconnecting (1/3)...
[20:20:20.886] [Global WebSocket] Suppressed error to prevent crash: Unexpected server response: 404
[20:20:20.886] [PAI SDK] WebSocket closed, reconnecting (1/3)...
[20:20:31.073] [Global WebSocket] Suppressed error to prevent crash: Unexpected server response: 404
[20:20:31.073] [PAI SDK] WebSocket closed, reconnecting (1/3)...
[20:20:41.278] [Global WebSocket] Suppressed error to prevent crash: Unexpected server response: 404
[20:20:41.278] [PAI SDK] WebSocket closed, reconnecting (1/3)...
[20:20:51.476] [Global WebSocket] Suppressed error to prevent crash: Unexpected server response: 404
[20:20:51.476] [PAI SDK] WebSocket closed, reconnecting (1/3)...
[20:21:01.669] [Global WebSocket] Suppressed error to prevent crash: Unexpected server response: 404
[20:21:01.669] [PAI SDK] WebSocket closed, reconnecting (1/3)...
[20:21:11.870] [Global WebSocket] Suppressed error to prevent crash: Unexpected server response: 404
[20:21:11.870] [PAI SDK] WebSocket closed, reconnecting (1/3)...
[20:21:22.063] [Global WebSocket] Suppressed error to prevent crash: Unexpected server response: 404
[20:21:22.063] [PAI SDK] WebSocket closed, reconnecting (1/3)...
[20:21:32.253] [Global WebSocket] Suppressed error to prevent crash: Unexpected server response: 404
[20:21:32.254] [PAI SDK] WebSocket closed, reconnecting (1/3)...
[20:21:42.453] [Global WebSocket] Suppressed error to prevent crash: Unexpected server response: 404
[20:21:42.454] [PAI SDK] WebSocket closed, reconnecting (1/3)...
[20:21:52.655] [Global WebSocket] Suppressed error to prevent crash: Unexpected server response: 404
[20:21:52.656] [PAI SDK] WebSocket closed, reconnecting (1/3)...
[20:22:02.842] [Global WebSocket] Suppressed error to prevent crash: Unexpected server response: 404
[20:22:02.843] [PAI SDK] WebSocket closed, reconnecting (1/3)...
[20:22:13.034] [Global WebSocket] Suppressed error to prevent crash: Unexpected server response: 404
[20:22:13.034] [PAI SDK] WebSocket closed, reconnecting (1/3)...
[20:22:23.235] [Global WebSocket] Suppressed error to prevent crash: Unexpected server response: 404
[20:22:23.235] [PAI SDK] WebSocket closed, reconnecting (1/3)...
[20:22:33.447] [Global WebSocket] Suppressed error to prevent crash: Unexpected server response: 404
[20:22:33.447] [PAI SDK] WebSocket closed, reconnecting (1/3)...
[20:22:43.653] [Global WebSocket] Suppressed error to prevent crash: Unexpected server response: 404
[20:22:43.653] [PAI SDK] WebSocket closed, reconnecting (1/3)...
[20:22:53.862] [Global WebSocket] Suppressed error to prevent crash: Unexpected server response: 404
[20:22:53.862] [PAI SDK] WebSocket closed, reconnecting (1/3)...
[20:23:04.069] [Global WebSocket] Suppressed error to prevent crash: Unexpected server response: 404
[20:23:04.069] [PAI SDK] WebSocket closed, reconnecting (1/3)...
[20:23:14.259] [Global WebSocket] Suppressed error to prevent crash: Unexpected server response: 404
[20:23:14.259] [PAI SDK] WebSocket closed, reconnecting (1/3)...
[20:23:24.490] [Global WebSocket] Suppressed error to prevent crash: Unexpected server response: 404
[20:23:24.490] [PAI SDK] WebSocket closed, reconnecting (1/3)...
[20:23:34.679] [Global WebSocket] Suppressed error to prevent crash: Unexpected server response: 404
[20:23:34.680] [PAI SDK] WebSocket closed, reconnecting (1/3)...
[20:23:44.880] [Global WebSocket] Suppressed error to prevent crash: Unexpected server response: 404
[20:23:44.881] [PAI SDK] WebSocket closed, reconnecting (1/3)...
[20:23:55.076] [Global WebSocket] Suppressed error to prevent crash: Unexpected server response: 404
[20:23:55.076] [PAI SDK] WebSocket closed, reconnecting (1/3)...
[20:24:05.269] [Global WebSocket] Suppressed error to prevent crash: Unexpected server response: 404
[20:24:05.270] [PAI SDK] WebSocket closed, reconnecting (1/3)...
[20:24:15.463] [Global WebSocket] Suppressed error to prevent crash: Unexpected server response: 404
[20:24:15.463] [PAI SDK] WebSocket closed, reconnecting (1/3)...
[20:24:25.723] [Global WebSocket] Suppressed error to prevent crash: Unexpected server response: 404
[20:24:25.723] [PAI SDK] WebSocket closed, reconnecting (1/3)...
[20:24:35.915] [Global WebSocket] Suppressed error to prevent crash: Unexpected server response: 404
[20:24:35.916] [PAI SDK] WebSocket closed, reconnecting (1/3)...
[20:24:46.257] [Global WebSocket] Suppressed error to prevent crash: Unexpected server response: 404
[20:24:46.257] [PAI SDK] WebSocket closed, reconnecting (1/3)...
[20:24:56.453] [Global WebSocket] Suppressed error to prevent crash: Unexpected server response: 404
[20:24:56.454] [PAI SDK] WebSocket closed, reconnecting (1/3)...
[20:25:06.791] [Global WebSocket] Suppressed error to prevent crash: Unexpected server response: 404
[20:25:06.791] [PAI SDK] WebSocket closed, reconnecting (1/3)...
[20:25:16.977] [Global WebSocket] Suppressed error to prevent crash: Unexpected server response: 404
[20:25:16.978] [PAI SDK] WebSocket closed, reconnecting (1/3)...
[20:25:27.283] [Global WebSocket] Suppressed error to prevent crash: Unexpected server response: 404
[20:25:27.283] [PAI SDK] WebSocket closed, reconnecting (1/3)...
[20:25:37.468] [Global WebSocket] Suppressed error to prevent crash: Unexpected server response: 404
[20:25:37.468] [PAI SDK] WebSocket closed, reconnecting (1/3)...
[20:25:47.759] [Global WebSocket] Suppressed error to prevent crash: Unexpected server response: 404
[20:25:47.760] [PAI SDK] WebSocket closed, reconnecting (1/3)...
[20:25:57.963] [Global WebSocket] Suppressed error to prevent crash: Unexpected server response: 404
[20:25:57.963] [PAI SDK] WebSocket closed, reconnecting (1/3)...
[20:26:08.386] [Global WebSocket] Suppressed error to prevent crash: Unexpected server response: 404
[20:26:08.387] [PAI SDK] WebSocket closed, reconnecting (1/3)...
[20:26:18.584] [Global WebSocket] Suppressed error to prevent crash: Unexpected server response: 404
[20:26:18.585] [PAI SDK] WebSocket closed, reconnecting (1/3)...
[20:26:28.922] [Global WebSocket] Suppressed error to prevent crash: Unexpected server response: 404
[20:26:28.922] [PAI SDK] WebSocket closed, reconnecting (1/3)...
[20:26:39.112] [Global WebSocket] Suppressed error to prevent crash: Unexpected server response: 404
[20:26:39.112] [PAI SDK] WebSocket closed, reconnecting (1/3)...
[20:26:49.410] [Global WebSocket] Suppressed error to prevent crash: Unexpected server response: 404
[20:26:49.410] [PAI SDK] WebSocket closed, reconnecting (1/3)...
[20:26:59.609] [Global WebSocket] Suppressed error to prevent crash: Unexpected server response: 404
[20:26:59.610] [PAI SDK] WebSocket closed, reconnecting (1/3)...
[20:27:09.915] [Global WebSocket] Suppressed error to prevent crash: Unexpected server response: 404
[20:27:09.916] [PAI SDK] WebSocket closed, reconnecting (1/3)...
[20:27:20.110] [Global WebSocket] Suppressed error to prevent crash: Unexpected server response: 404
[20:27:20.110] [PAI SDK] WebSocket closed, reconnecting (1/3)...
[20:27:30.366] [Global WebSocket] Suppressed error to prevent crash: Unexpected server response: 404
[20:27:30.367] [PAI SDK] WebSocket closed, reconnecting (1/3)...
[20:27:40.554] [Global WebSocket] Suppressed error to prevent crash: Unexpected server response: 404
[20:27:40.555] [PAI SDK] WebSocket closed, reconnecting (1/3)...
[20:27:50.882] [Global WebSocket] Suppressed error to prevent crash: Unexpected server response: 404
[20:27:50.882] [PAI SDK] WebSocket closed, reconnecting (1/3)...
[20:28:01.102] [Global WebSocket] Suppressed error to prevent crash: Unexpected server response: 404
[20:28:01.103] [PAI SDK] WebSocket closed, reconnecting (1/3)...
[20:28:11.400] [Global WebSocket] Suppressed error to prevent crash: Unexpected server response: 404
[20:28:11.401] [PAI SDK] WebSocket closed, reconnecting (1/3)...
[20:28:21.611] [Global WebSocket] Suppressed error to prevent crash: Unexpected server response: 404
[20:28:21.611] [PAI SDK] WebSocket closed, reconnecting (1/3)...
[20:28:31.912] [Global WebSocket] Suppressed error to prevent crash: Unexpected server response: 404
[20:28:31.912] [PAI SDK] WebSocket closed, reconnecting (1/3)...
[20:28:42.116] [Global WebSocket] Suppressed error to prevent crash: Unexpected server response: 404
[20:28:42.116] [PAI SDK] WebSocket closed, reconnecting (1/3)...
[20:28:52.394] [Global WebSocket] Suppressed error to prevent crash: Unexpected server response: 404
[20:28:52.394] [PAI SDK] WebSocket closed, reconnecting (1/3)...
[20:29:02.594] [Global WebSocket] Suppressed error to prevent crash: Unexpected server response: 404
[20:29:02.594] [PAI SDK] WebSocket closed, reconnecting (1/3)...
[20:29:12.854] [Global WebSocket] Suppressed error to prevent crash: Unexpected server response: 404
[20:29:12.854] [PAI SDK] WebSocket closed, reconnecting (1/3)...
[20:29:23.059] [Global WebSocket] Suppressed error to prevent crash: Unexpected server response: 404
[20:29:23.059] [PAI SDK] WebSocket closed, reconnecting (1/3)...
[20:29:33.329] [Global WebSocket] Suppressed error to prevent crash: Unexpected server response: 404
[20:29:33.330] [PAI SDK] WebSocket closed, reconnecting (1/3)...
[20:29:43.523] [Global WebSocket] Suppressed error to prevent crash: Unexpected server response: 404
[20:29:43.523] [PAI SDK] WebSocket closed, reconnecting (1/3)...
[20:29:53.738] [Global WebSocket] Suppressed error to prevent crash: Unexpected server response: 404
[20:29:53.738] [PAI SDK] WebSocket closed, reconnecting (1/3)...
[20:30:03.940] [Global WebSocket] Suppressed error to prevent crash: Unexpected server response: 404
[20:30:03.940] [PAI SDK] WebSocket closed, reconnecting (1/3)...
[20:30:14.179] [Global WebSocket] Suppressed error to prevent crash: Unexpected server response: 404
[20:30:14.179] [PAI SDK] WebSocket closed, reconnecting (1/3)...
[20:30:24.373] [Global WebSocket] Suppressed error to prevent crash: Unexpected server response: 404
[20:30:24.373] [PAI SDK] WebSocket closed, reconnecting (1/3)...
[20:30:34.708] [Global WebSocket] Suppressed error to prevent crash: Unexpected server response: 404
[20:30:34.708] [PAI SDK] WebSocket closed, reconnecting (1/3)...
[20:30:44.896] [Global WebSocket] Suppressed error to prevent crash: Unexpected server response: 404
[20:30:44.897] [PAI SDK] WebSocket closed, reconnecting (1/3)...
[20:30:55.079] [Global WebSocket] Suppressed error to prevent crash: Unexpected server response: 404
[20:30:55.080] [PAI SDK] WebSocket closed, reconnecting (1/3)...
[20:31:05.270] [Global WebSocket] Suppressed error to prevent crash: Unexpected server response: 404
[20:31:05.270] [PAI SDK] WebSocket closed, reconnecting (1/3)...
[20:31:15.570] [Global WebSocket] Suppressed error to prevent crash: Unexpected server response: 404
[20:31:15.571] [PAI SDK] WebSocket closed, reconnecting (1/3)...
[20:31:25.759] [Global WebSocket] Suppressed error to prevent crash: Unexpected server response: 404
[20:31:25.759] [PAI SDK] WebSocket closed, reconnecting (1/3)...
[20:31:36.076] [Global WebSocket] Suppressed error to prevent crash: Unexpected server response: 404
[20:31:36.076] [PAI SDK] WebSocket closed, reconnecting (1/3)...
[20:31:46.280] [Global WebSocket] Suppressed error to prevent crash: Unexpected server response: 404
[20:31:46.281] [PAI SDK] WebSocket closed, reconnecting (1/3)...
[20:31:56.797] [Global WebSocket] Suppressed error to prevent crash: Unexpected server response: 404
[20:31:56.798] [PAI SDK] WebSocket closed, reconnecting (1/3)...
[20:32:07.010] [Global WebSocket] Suppressed error to prevent crash: Unexpected server response: 404
[20:32:07.010] [PAI SDK] WebSocket closed, reconnecting (1/3)...
[20:32:17.341] [Global WebSocket] Suppressed error to prevent crash: Unexpected server response: 404
[20:32:17.342] [PAI SDK] WebSocket closed, reconnecting (1/3)...
[20:32:27.696] [Global WebSocket] Suppressed error to prevent crash: Unexpected server response: 404
[20:32:27.697] [PAI SDK] WebSocket closed, reconnecting (1/3)...
[20:32:37.988] [Global WebSocket] Suppressed error to prevent crash: Unexpected server response: 404
[20:32:37.988] [PAI SDK] WebSocket closed, reconnecting (1/3)...
[20:32:48.175] [Global WebSocket] Suppressed error to prevent crash: Unexpected server response: 404
[20:32:48.175] [PAI SDK] WebSocket closed, reconnecting (1/3)...
[20:32:58.446] [Global WebSocket] Suppressed error to prevent crash: Unexpected server response: 404
[20:32:58.447] [PAI SDK] WebSocket closed, reconnecting (1/3)...
[20:33:08.646] [Global WebSocket] Suppressed error to prevent crash: Unexpected server response: 404
[20:33:08.647] [PAI SDK] WebSocket closed, reconnecting (1/3)...
[20:33:18.875] [Global WebSocket] Suppressed error to prevent crash: Unexpected server response: 404
[20:33:18.876] [PAI SDK] WebSocket closed, reconnecting (1/3)...
[20:33:29.082] [Global WebSocket] Suppressed error to prevent crash: Unexpected server response: 404
[20:33:29.083] [PAI SDK] WebSocket closed, reconnecting (1/3)...
[20:33:39.340] [Global WebSocket] Suppressed error to prevent crash: Unexpected server response: 404
[20:33:39.341] [PAI SDK] WebSocket closed, reconnecting (1/3)...
[20:33:49.547] [Global WebSocket] Suppressed error to prevent crash: Unexpected server response: 404
[20:33:49.547] [PAI SDK] WebSocket closed, reconnecting (1/3)...
[20:33:59.767] [Global WebSocket] Suppressed error to prevent crash: Unexpected server response: 404
[20:33:59.768] [PAI SDK] WebSocket closed, reconnecting (1/3)...
[20:34:09.950] [Global WebSocket] Suppressed error to prevent crash: Unexpected server response: 404
[20:34:09.951] [PAI SDK] WebSocket closed, reconnecting (1/3)...
[20:34:20.144] [Global WebSocket] Suppressed error to prevent crash: Unexpected server response: 404
[20:34:20.144] [PAI SDK] WebSocket closed, reconnecting (1/3)...
[20:34:30.324] [Global WebSocket] Suppressed error to prevent crash: Unexpected server response: 404
[20:34:30.324] [PAI SDK] WebSocket closed, reconnecting (1/3)...
[20:34:40.521] [Global WebSocket] Suppressed error to prevent crash: Unexpected server response: 404
[20:34:40.522] [PAI SDK] WebSocket closed, reconnecting (1/3)...
[20:34:50.709] [Global WebSocket] Suppressed error to prevent crash: Unexpected server response: 404
[20:34:50.710] [PAI SDK] WebSocket closed, reconnecting (1/3)...
[20:35:00.900] [Global WebSocket] Suppressed error to prevent crash: Unexpected server response: 404
[20:35:00.901] [PAI SDK] WebSocket closed, reconnecting (1/3)...
[20:35:11.109] [Global WebSocket] Suppressed error to prevent crash: Unexpected server response: 404
[20:35:11.109] [PAI SDK] WebSocket closed, reconnecting (1/3)...
[20:35:21.291] [Global WebSocket] Suppressed error to prevent crash: Unexpected server response: 404
[20:35:21.291] [PAI SDK] WebSocket closed, reconnecting (1/3)...
[20:35:31.481] [Global WebSocket] Suppressed error to prevent crash: Unexpected server response: 404
[20:35:31.481] [PAI SDK] WebSocket closed, reconnecting (1/3)...
[20:35:41.671] [Global WebSocket] Suppressed error to prevent crash: Unexpected server response: 404
[20:35:41.671] [PAI SDK] WebSocket closed, reconnecting (1/3)...
[20:35:51.873] [Global WebSocket] Suppressed error to prevent crash: Unexpected server response: 404
[20:35:51.874] [PAI SDK] WebSocket closed, reconnecting (1/3)...
[20:36:02.072] [Global WebSocket] Suppressed error to prevent crash: Unexpected server response: 404
[20:36:02.072] [PAI SDK] WebSocket closed, reconnecting (1/3)...
[20:36:12.286] [Global WebSocket] Suppressed error to prevent crash: Unexpected server response: 404
[20:36:12.287] [PAI SDK] WebSocket closed, reconnecting (1/3)...
[20:36:22.475] [Global WebSocket] Suppressed error to prevent crash: Unexpected server response: 404
[20:36:22.476] [PAI SDK] WebSocket closed, reconnecting (1/3)...
[20:36:32.675] [Global WebSocket] Suppressed error to prevent crash: Unexpected server response: 404
[20:36:32.675] [PAI SDK] WebSocket closed, reconnecting (1/3)...
[20:36:42.866] [Global WebSocket] Suppressed error to prevent crash: Unexpected server response: 404
[20:36:42.866] [PAI SDK] WebSocket closed, reconnecting (1/3)...
[20:36:53.057] [Global WebSocket] Suppressed error to prevent crash: Unexpected server response: 404
[20:36:53.058] [PAI SDK] WebSocket closed, reconnecting (1/3)...
[20:37:03.273] [Global WebSocket] Suppressed error to prevent crash: Unexpected server response: 404
[20:37:03.273] [PAI SDK] WebSocket closed, reconnecting (1/3)...
[20:37:13.460] [Global WebSocket] Suppressed error to prevent crash: Unexpected server response: 404
[20:37:13.461] [PAI SDK] WebSocket closed, reconnecting (1/3)...
[20:37:23.665] [Global WebSocket] Suppressed error to prevent crash: Unexpected server response: 404
[20:37:23.665] [PAI SDK] WebSocket closed, reconnecting (1/3)...
[20:37:33.877] [Global WebSocket] Suppressed error to prevent crash: Unexpected server response: 404
[20:37:33.877] [PAI SDK] WebSocket closed, reconnecting (1/3)...
[20:37:44.085] [Global WebSocket] Suppressed error to prevent crash: Unexpected server response: 404
[20:37:44.085] [PAI SDK] WebSocket closed, reconnecting (1/3)...
[20:37:54.273] [Global WebSocket] Suppressed error to prevent crash: Unexpected server response: 404
[20:37:54.274] [PAI SDK] WebSocket closed, reconnecting (1/3)...
[20:38:04.487] [Global WebSocket] Suppressed error to prevent crash: Unexpected server response: 404
[20:38:04.488] [PAI SDK] WebSocket closed, reconnecting (1/3)...
[20:38:14.688] [Global WebSocket] Suppressed error to prevent crash: Unexpected server response: 404
[20:38:14.688] [PAI SDK] WebSocket closed, reconnecting (1/3)...
[20:38:24.885] [Global WebSocket] Suppressed error to prevent crash: Unexpected server response: 404
[20:38:24.886] [PAI SDK] WebSocket closed, reconnecting (1/3)...
[20:38:35.093] [Global WebSocket] Suppressed error to prevent crash: Unexpected server response: 404
[20:38:35.093] [PAI SDK] WebSocket closed, reconnecting (1/3)...
[20:38:45.297] [Global WebSocket] Suppressed error to prevent crash: Unexpected server response: 404
[20:38:45.298] [PAI SDK] WebSocket closed, reconnecting (1/3)...
[20:38:55.508] [Global WebSocket] Suppressed error to prevent crash: Unexpected server response: 404
[20:38:55.509] [PAI SDK] WebSocket closed, reconnecting (1/3)...
[20:39:05.708] [Global WebSocket] Suppressed error to prevent crash: Unexpected server response: 404
[20:39:05.709] [PAI SDK] WebSocket closed, reconnecting (1/3)...
[20:39:15.905] [Global WebSocket] Suppressed error to prevent crash: Unexpected server response: 404
[20:39:15.905] [PAI SDK] WebSocket closed, reconnecting (1/3)...
[20:39:26.118] [Global WebSocket] Suppressed error to prevent crash: Unexpected server response: 404
[20:39:26.118] [PAI SDK] WebSocket closed, reconnecting (1/3)...
[20:39:36.313] [Global WebSocket] Suppressed error to prevent crash: Unexpected server response: 404
[20:39:36.314] [PAI SDK] WebSocket closed, reconnecting (1/3)...
[20:39:46.508] [Global WebSocket] Suppressed error to prevent crash: Unexpected server response: 404
[20:39:46.509] [PAI SDK] WebSocket closed, reconnecting (1/3)...
[20:39:56.703] [Global WebSocket] Suppressed error to prevent crash: Unexpected server response: 404
[20:39:56.703] [PAI SDK] WebSocket closed, reconnecting (1/3)...
[20:40:06.909] [Global WebSocket] Suppressed error to prevent crash: Unexpected server response: 404
[20:40:06.909] [PAI SDK] WebSocket closed, reconnecting (1/3)...
[20:40:17.101] [Global WebSocket] Suppressed error to prevent crash: Unexpected server response: 404
[20:40:17.102] [PAI SDK] WebSocket closed, reconnecting (1/3)...
[20:40:27.278] [Global WebSocket] Suppressed error to prevent crash: Unexpected server response: 404
[20:40:27.279] [PAI SDK] WebSocket closed, reconnecting (1/3)...
[20:40:37.463] [Global WebSocket] Suppressed error to prevent crash: Unexpected server response: 404
[20:40:37.463] [PAI SDK] WebSocket closed, reconnecting (1/3)...
[20:40:47.660] [Global WebSocket] Suppressed error to prevent crash: Unexpected server response: 404
[20:40:47.661] [PAI SDK] WebSocket closed, reconnecting (1/3)...
[20:40:57.904] [Global WebSocket] Suppressed error to prevent crash: Unexpected server response: 404
[20:40:57.904] [PAI SDK] WebSocket closed, reconnecting (1/3)...
[20:41:08.095] [Global WebSocket] Suppressed error to prevent crash: Unexpected server response: 404
[20:41:08.096] [PAI SDK] WebSocket closed, reconnecting (1/3)...
[20:41:18.421] [Global WebSocket] Suppressed error to prevent crash: Unexpected server response: 404
[20:41:18.422] [PAI SDK] WebSocket closed, reconnecting (1/3)...
[20:41:28.658] [Global WebSocket] Suppressed error to prevent crash: Unexpected server response: 404
[20:41:28.658] [PAI SDK] WebSocket closed, reconnecting (1/3)...
[20:41:38.981] [Global WebSocket] Suppressed error to prevent crash: Unexpected server response: 404
[20:41:38.982] [PAI SDK] WebSocket closed, reconnecting (1/3)...
[20:41:49.168] [Global WebSocket] Suppressed error to prevent crash: Unexpected server response: 404
[20:41:49.169] [PAI SDK] WebSocket closed, reconnecting (1/3)...
[20:41:59.459] [Global WebSocket] Suppressed error to prevent crash: Unexpected server response: 404
[20:41:59.459] [PAI SDK] WebSocket closed, reconnecting (1/3)...
[20:42:09.672] [Global WebSocket] Suppressed error to prevent crash: Unexpected server response: 404
[20:42:09.672] [PAI SDK] WebSocket closed, reconnecting (1/3)...
[20:42:20.019] [Global WebSocket] Suppressed error to prevent crash: Unexpected server response: 404
[20:42:20.020] [PAI SDK] WebSocket closed, reconnecting (1/3)...
[20:42:30.212] [Global WebSocket] Suppressed error to prevent crash: Unexpected server response: 404
[20:42:30.213] [PAI SDK] WebSocket closed, reconnecting (1/3)...
[20:42:40.511] [Global WebSocket] Suppressed error to prevent crash: Unexpected server response: 404
[20:42:40.512] [PAI SDK] WebSocket closed, reconnecting (1/3)...
[20:42:50.704] [Global WebSocket] Suppressed error to prevent crash: Unexpected server response: 404
[20:42:50.704] [PAI SDK] WebSocket closed, reconnecting (1/3)...
[20:43:00.992] [Global WebSocket] Suppressed error to prevent crash: Unexpected server response: 404
[20:43:00.993] [PAI SDK] WebSocket closed, reconnecting (1/3)...
[20:43:11.181] [Global WebSocket] Suppressed error to prevent crash: Unexpected server response: 404
[20:43:11.182] [PAI SDK] WebSocket closed, reconnecting (1/3)...
[20:43:21.476] [Global WebSocket] Suppressed error to prevent crash: Unexpected server response: 404
[20:43:21.477] [PAI SDK] WebSocket closed, reconnecting (1/3)...
[20:43:31.675] [Global WebSocket] Suppressed error to prevent crash: Unexpected server response: 404
[20:43:31.676] [PAI SDK] WebSocket closed, reconnecting (1/3)...
[20:43:42.012] [Global WebSocket] Suppressed error to prevent crash: Unexpected server response: 404
[20:43:42.012] [PAI SDK] WebSocket closed, reconnecting (1/3)...
[20:43:52.201] [Global WebSocket] Suppressed error to prevent crash: Unexpected server response: 404
[20:43:52.201] [PAI SDK] WebSocket closed, reconnecting (1/3)...
[20:44:02.552] [Global WebSocket] Suppressed error to prevent crash: Unexpected server response: 404
[20:44:02.553] [PAI SDK] WebSocket closed, reconnecting (1/3)...
[20:44:12.778] [Global WebSocket] Suppressed error to prevent crash: Unexpected server response: 404
[20:44:12.779] [PAI SDK] WebSocket closed, reconnecting (1/3)...
[20:44:23.052] [Global WebSocket] Suppressed error to prevent crash: Unexpected server response: 404
[20:44:23.053] [PAI SDK] WebSocket closed, reconnecting (1/3)...
[20:44:33.252] [Global WebSocket] Suppressed error to prevent crash: Unexpected server response: 404
[20:44:33.253] [PAI SDK] WebSocket closed, reconnecting (1/3)...
[20:44:43.521] [Global WebSocket] Suppressed error to prevent crash: Unexpected server response: 404
[20:44:43.522] [PAI SDK] WebSocket closed, reconnecting (1/3)...
[20:44:53.717] [Global WebSocket] Suppressed error to prevent crash: Unexpected server response: 404
[20:44:53.718] [PAI SDK] WebSocket closed, reconnecting (1/3)...
[20:45:03.943] [Global WebSocket] Suppressed error to prevent crash: Unexpected server response: 404
[20:45:03.944] [PAI SDK] WebSocket closed, reconnecting (1/3)...
[20:45:14.144] [Global WebSocket] Suppressed error to prevent crash: Unexpected server response: 404
[20:45:14.144] [PAI SDK] WebSocket closed, reconnecting (1/3)...
[20:45:24.332] [Global WebSocket] Suppressed error to prevent crash: Unexpected server response: 404
[20:45:24.333] [PAI SDK] WebSocket closed, reconnecting (1/3)...
[20:45:34.524] [Global WebSocket] Suppressed error to prevent crash: Unexpected server response: 404
[20:45:34.524] [PAI SDK] WebSocket closed, reconnecting (1/3)...
[20:45:44.713] [Global WebSocket] Suppressed error to prevent crash: Unexpected server response: 404
[20:45:44.713] [PAI SDK] WebSocket closed, reconnecting (1/3)...
[20:45:54.910] [Global WebSocket] Suppressed error to prevent crash: Unexpected server response: 404
[20:45:54.911] [PAI SDK] WebSocket closed, reconnecting (1/3)...
[20:46:05.090] [Global WebSocket] Suppressed error to prevent crash: Unexpected server response: 404
[20:46:05.091] [PAI SDK] WebSocket closed, reconnecting (1/3)...
[20:46:15.290] [Global WebSocket] Suppressed error to prevent crash: Unexpected server response: 404
[20:46:15.291] [PAI SDK] WebSocket closed, reconnecting (1/3)...
[20:46:25.479] [Global WebSocket] Suppressed error to prevent crash: Unexpected server response: 404
[20:46:25.480] [PAI SDK] WebSocket closed, reconnecting (1/3)...
[20:46:35.667] [Global WebSocket] Suppressed error to prevent crash: Unexpected server response: 404
[20:46:35.667] [PAI SDK] WebSocket closed, reconnecting (1/3)...
[20:46:45.867] [Global WebSocket] Suppressed error to prevent crash: Unexpected server response: 404
[20:46:45.867] [PAI SDK] WebSocket closed, reconnecting (1/3)...
[20:46:56.053] [Global WebSocket] Suppressed error to prevent crash: Unexpected server response: 404
[20:46:56.053] [PAI SDK] WebSocket closed, reconnecting (1/3)...
[20:47:06.323] [Global WebSocket] Suppressed error to prevent crash: Unexpected server response: 404
[20:47:06.324] [PAI SDK] WebSocket closed, reconnecting (1/3)...
[20:47:16.522] [Global WebSocket] Suppressed error to prevent crash: Unexpected server response: 404
[20:47:16.522] [PAI SDK] WebSocket closed, reconnecting (1/3)...
[20:47:26.840] [Global WebSocket] Suppressed error to prevent crash: Unexpected server response: 404
[20:47:26.840] [PAI SDK] WebSocket closed, reconnecting (1/3)...
[20:47:37.034] [Global WebSocket] Suppressed error to prevent crash: Unexpected server response: 404
[20:47:37.035] [PAI SDK] WebSocket closed, reconnecting (1/3)...
[20:47:47.316] [Global WebSocket] Suppressed error to prevent crash: Unexpected server response: 404
[20:47:47.316] [PAI SDK] WebSocket closed, reconnecting (1/3)...
[20:47:57.512] [Global WebSocket] Suppressed error to prevent crash: Unexpected server response: 404
[20:47:57.512] [PAI SDK] WebSocket closed, reconnecting (1/3)...
[20:48:07.928] [Global WebSocket] Suppressed error to prevent crash: Unexpected server response: 404
[20:48:07.929] [PAI SDK] WebSocket closed, reconnecting (1/3)...
[20:48:18.116] [Global WebSocket] Suppressed error to prevent crash: Unexpected server response: 404
[20:48:18.116] [PAI SDK] WebSocket closed, reconnecting (1/3)...
[20:48:28.404] [Global WebSocket] Suppressed error to prevent crash: Unexpected server response: 404
[20:48:28.405] [PAI SDK] WebSocket closed, reconnecting (1/3)...
[20:48:38.601] [Global WebSocket] Suppressed error to prevent crash: Unexpected server response: 404
[20:48:38.602] [PAI SDK] WebSocket closed, reconnecting (1/3)...
[20:48:48.884] [Global WebSocket] Suppressed error to prevent crash: Unexpected server response: 404
[20:48:48.884] [PAI SDK] WebSocket closed, reconnecting (1/3)...
[20:48:59.075] [Global WebSocket] Suppressed error to prevent crash: Unexpected server response: 404
[20:48:59.075] [PAI SDK] WebSocket closed, reconnecting (1/3)...
[20:49:09.370] [Global WebSocket] Suppressed error to prevent crash: Unexpected server response: 404
[20:49:09.370] [PAI SDK] WebSocket closed, reconnecting (1/3)...
[20:49:19.556] [Global WebSocket] Suppressed error to prevent crash: Unexpected server response: 404
[20:49:19.557] [PAI SDK] WebSocket closed, reconnecting (1/3)...
[20:49:29.858] [Global WebSocket] Suppressed error to prevent crash: Unexpected server response: 404
[20:49:29.858] [PAI SDK] WebSocket closed, reconnecting (1/3)...
[20:49:40.053] [Global WebSocket] Suppressed error to prevent crash: Unexpected server response: 404
[20:49:40.054] [PAI SDK] WebSocket closed, reconnecting (1/3)...
[20:49:50.344] [Global WebSocket] Suppressed error to prevent crash: Unexpected server response: 404
[20:49:50.344] [PAI SDK] WebSocket closed, reconnecting (1/3)...
[20:50:00.543] [Global WebSocket] Suppressed error to prevent crash: Unexpected server response: 404
[20:50:00.544] [PAI SDK] WebSocket closed, reconnecting (1/3)...
[20:50:10.823] [Global WebSocket] Suppressed error to prevent crash: Unexpected server response: 404
[20:50:10.824] [PAI SDK] WebSocket closed, reconnecting (1/3)...
[20:50:21.023] [Global WebSocket] Suppressed error to prevent crash: Unexpected server response: 404
[20:50:21.024] [PAI SDK] WebSocket closed, reconnecting (1/3)...
[20:50:31.310] [Global WebSocket] Suppressed error to prevent crash: Unexpected server response: 404
[20:50:31.310] [PAI SDK] WebSocket closed, reconnecting (1/3)...
[20:50:41.533] [Global WebSocket] Suppressed error to prevent crash: Unexpected server response: 404
[20:50:41.534] [PAI SDK] WebSocket closed, reconnecting (1/3)...
[20:50:51.835] [Global WebSocket] Suppressed error to prevent crash: Unexpected server response: 404
[20:50:51.835] [PAI SDK] WebSocket closed, reconnecting (1/3)...
[20:51:02.024] [Global WebSocket] Suppressed error to prevent crash: Unexpected server response: 404
[20:51:02.024] [PAI SDK] WebSocket closed, reconnecting (1/3)...
[20:51:12.343] [Global WebSocket] Suppressed error to prevent crash: Unexpected server response: 404
[20:51:12.344] [PAI SDK] WebSocket closed, reconnecting (1/3)...
[20:51:22.556] [Global WebSocket] Suppressed error to prevent crash: Unexpected server response: 404
[20:51:22.556] [PAI SDK] WebSocket closed, reconnecting (1/3)...
[20:51:32.802] [Global WebSocket] Suppressed error to prevent crash: Unexpected server response: 404
[20:51:32.803] [PAI SDK] WebSocket closed, reconnecting (1/3)...
[20:51:43.004] [Global WebSocket] Suppressed error to prevent crash: Unexpected server response: 404
[20:51:43.004] [PAI SDK] WebSocket closed, reconnecting (1/3)...
[20:51:53.186] [Global WebSocket] Suppressed error to prevent crash: Unexpected server response: 404
[20:51:53.187] [PAI SDK] WebSocket closed, reconnecting (1/3)...
[20:52:03.397] [Global WebSocket] Suppressed error to prevent crash: Unexpected server response: 404
[20:52:03.398] [PAI SDK] WebSocket closed, reconnecting (1/3)...
[20:52:13.597] [Global WebSocket] Suppressed error to prevent crash: Unexpected server response: 404
[20:52:13.598] [PAI SDK] WebSocket closed, reconnecting (1/3)...
[20:52:23.791] [Global WebSocket] Suppressed error to prevent crash: Unexpected server response: 404
[20:52:23.791] [PAI SDK] WebSocket closed, reconnecting (1/3)...
[20:52:33.983] [Global WebSocket] Suppressed error to prevent crash: Unexpected server response: 404
[20:52:33.983] [PAI SDK] WebSocket closed, reconnecting (1/3)...
[20:52:44.181] [Global WebSocket] Suppressed error to prevent crash: Unexpected server response: 404
[20:52:44.181] [PAI SDK] WebSocket closed, reconnecting (1/3)...
[20:52:54.373] [Global WebSocket] Suppressed error to prevent crash: Unexpected server response: 404
[20:52:54.374] [PAI SDK] WebSocket closed, reconnecting (1/3)...
[20:53:04.569] [Global WebSocket] Suppressed error to prevent crash: Unexpected server response: 404
[20:53:04.569] [PAI SDK] WebSocket closed, reconnecting (1/3)...
[20:53:14.763] [Global WebSocket] Suppressed error to prevent crash: Unexpected server response: 404
[20:53:14.764] [PAI SDK] WebSocket closed, reconnecting (1/3)...
[20:53:24.937] [Global WebSocket] Suppressed error to prevent crash: Unexpected server response: 404
[20:53:24.937] [PAI SDK] WebSocket closed, reconnecting (1/3)...
[20:53:35.132] [Global WebSocket] Suppressed error to prevent crash: Unexpected server response: 404
[20:53:35.133] [PAI SDK] WebSocket closed, reconnecting (1/3)...
[20:53:45.430] [Global WebSocket] Suppressed error to prevent crash: Unexpected server response: 404
[20:53:45.430] [PAI SDK] WebSocket closed, reconnecting (1/3)...
[20:53:55.627] [Global WebSocket] Suppressed error to prevent crash: Unexpected server response: 404
[20:53:55.628] [PAI SDK] WebSocket closed, reconnecting (1/3)...
[20:54:05.814] [Global WebSocket] Suppressed error to prevent crash: Unexpected server response: 404
[20:54:05.815] [PAI SDK] WebSocket closed, reconnecting (1/3)...
[20:54:16.016] [Global WebSocket] Suppressed error to prevent crash: Unexpected server response: 404
[20:54:16.016] [PAI SDK] WebSocket closed, reconnecting (1/3)...
[20:54:26.199] [Global WebSocket] Suppressed error to prevent crash: Unexpected server response: 404
[20:54:26.200] [PAI SDK] WebSocket closed, reconnecting (1/3)...
[20:54:36.385] [Global WebSocket] Suppressed error to prevent crash: Unexpected server response: 404
[20:54:36.386] [PAI SDK] WebSocket closed, reconnecting (1/3)...
[20:54:46.596] [Global WebSocket] Suppressed error to prevent crash: Unexpected server response: 404
[20:54:46.597] [PAI SDK] WebSocket closed, reconnecting (1/3)...
[20:54:56.794] [Global WebSocket] Suppressed error to prevent crash: Unexpected server response: 404
[20:54:56.795] [PAI SDK] WebSocket closed, reconnecting (1/3)...
[20:55:07.003] [Global WebSocket] Suppressed error to prevent crash: Unexpected server response: 404
[20:55:07.003] [PAI SDK] WebSocket closed, reconnecting (1/3)...
[20:55:17.205] [Global WebSocket] Suppressed error to prevent crash: Unexpected server response: 404
[20:55:17.205] [PAI SDK] WebSocket closed, reconnecting (1/3)...
[20:55:27.391] [Global WebSocket] Suppressed error to prevent crash: Unexpected server response: 404
[20:55:27.392] [PAI SDK] WebSocket closed, reconnecting (1/3)...
[20:55:37.578] [Global WebSocket] Suppressed error to prevent crash: Unexpected server response: 404
[20:55:37.579] [PAI SDK] WebSocket closed, reconnecting (1/3)...
[20:55:47.773] [Global WebSocket] Suppressed error to prevent crash: Unexpected server response: 404
[20:55:47.773] [PAI SDK] WebSocket closed, reconnecting (1/3)...
[20:55:57.968] [Global WebSocket] Suppressed error to prevent crash: Unexpected server response: 404
[20:55:57.969] [PAI SDK] WebSocket closed, reconnecting (1/3)...
[20:56:08.157] [Global WebSocket] Suppressed error to prevent crash: Unexpected server response: 404
[20:56:08.158] [PAI SDK] WebSocket closed, reconnecting (1/3)...
[20:56:18.356] [Global WebSocket] Suppressed error to prevent crash: Unexpected server response: 404
[20:56:18.357] [PAI SDK] WebSocket closed, reconnecting (1/3)...
[20:56:28.547] [Global WebSocket] Suppressed error to prevent crash: Unexpected server response: 404
[20:56:28.548] [PAI SDK] WebSocket closed, reconnecting (1/3)...
[20:56:38.744] [Global WebSocket] Suppressed error to prevent crash: Unexpected server response: 404
[20:56:38.744] [PAI SDK] WebSocket closed, reconnecting (1/3)...
[20:56:49.018] [Global WebSocket] Suppressed error to prevent crash: Unexpected server response: 404
[20:56:49.018] [PAI SDK] WebSocket closed, reconnecting (1/3)...
[20:56:59.196] [Global WebSocket] Suppressed error to prevent crash: Unexpected server response: 404
[20:56:59.197] [PAI SDK] WebSocket closed, reconnecting (1/3)...
[20:57:09.495] [Global WebSocket] Suppressed error to prevent crash: Unexpected server response: 404
[20:57:09.496] [PAI SDK] WebSocket closed, reconnecting (1/3)...
[20:57:19.682] [Global WebSocket] Suppressed error to prevent crash: Unexpected server response: 404
[20:57:19.682] [PAI SDK] WebSocket closed, reconnecting (1/3)...
[20:57:29.974] [Global WebSocket] Suppressed error to prevent crash: Unexpected server response: 404
[20:57:29.974] [PAI SDK] WebSocket closed, reconnecting (1/3)...
[20:57:40.161] [Global WebSocket] Suppressed error to prevent crash: Unexpected server response: 404
[20:57:40.161] [PAI SDK] WebSocket closed, reconnecting (1/3)...
[20:57:50.447] [Global WebSocket] Suppressed error to prevent crash: Unexpected server response: 404
[20:57:50.447] [PAI SDK] WebSocket closed, reconnecting (1/3)...
[20:58:00.646] [Global WebSocket] Suppressed error to prevent crash: Unexpected server response: 404
[20:58:00.646] [PAI SDK] WebSocket closed, reconnecting (1/3)...
[20:58:10.982] [Global WebSocket] Suppressed error to prevent crash: Unexpected server response: 404
[20:58:10.982] [PAI SDK] WebSocket closed, reconnecting (1/3)...
[20:58:21.182] [Global WebSocket] Suppressed error to prevent crash: Unexpected server response: 404
[20:58:21.183] [PAI SDK] WebSocket closed, reconnecting (1/3)...
[20:58:31.448] [Global WebSocket] Suppressed error to prevent crash: Unexpected server response: 404
[20:58:31.449] [PAI SDK] WebSocket closed, reconnecting (1/3)...
[20:58:41.648] [Global WebSocket] Suppressed error to prevent crash: Unexpected server response: 404
[20:58:41.649] [PAI SDK] WebSocket closed, reconnecting (1/3)...
[20:58:51.904] [Global WebSocket] Suppressed error to prevent crash: Unexpected server response: 404
[20:58:51.905] [PAI SDK] WebSocket closed, reconnecting (1/3)...
[20:59:02.115] [Global WebSocket] Suppressed error to prevent crash: Unexpected server response: 404
[20:59:02.116] [PAI SDK] WebSocket closed, reconnecting (1/3)...
[20:59:12.440] [Global WebSocket] Suppressed error to prevent crash: Unexpected server response: 404
[20:59:12.441] [PAI SDK] WebSocket closed, reconnecting (1/3)...
[20:59:22.650] [Global WebSocket] Suppressed error to prevent crash: Unexpected server response: 404
[20:59:22.650] [PAI SDK] WebSocket closed, reconnecting (1/3)...
[20:59:32.969] [Global WebSocket] Suppressed error to prevent crash: Unexpected server response: 404
[20:59:32.970] [PAI SDK] WebSocket closed, reconnecting (1/3)...
[20:59:43.186] [Global WebSocket] Suppressed error to prevent crash: Unexpected server response: 404
[20:59:43.186] [PAI SDK] WebSocket closed, reconnecting (1/3)...
[20:59:53.538] [Global WebSocket] Suppressed error to prevent crash: Unexpected server response: 404
[20:59:53.539] [PAI SDK] WebSocket closed, reconnecting (1/3)...
[21:00:03.718] [Global WebSocket] Suppressed error to prevent crash: Unexpected server response: 404
[21:00:03.718] [PAI SDK] WebSocket closed, reconnecting (1/3)...
[21:00:13.999] [Global WebSocket] Suppressed error to prevent crash: Unexpected server response: 404
[21:00:13.999] [PAI SDK] WebSocket closed, reconnecting (1/3)...
[21:00:24.192] [Global WebSocket] Suppressed error to prevent crash: Unexpected server response: 404
[21:00:24.192] [PAI SDK] WebSocket closed, reconnecting (1/3)...
[21:00:34.503] [Global WebSocket] Suppressed error to prevent crash: Unexpected server response: 404
[21:00:34.503] [PAI SDK] WebSocket closed, reconnecting (1/3)...
[21:00:44.688] [Global WebSocket] Suppressed error to prevent crash: Unexpected server response: 404
[21:00:44.688] [PAI SDK] WebSocket closed, reconnecting (1/3)...
[21:00:55.008] [Global WebSocket] Suppressed error to prevent crash: Unexpected server response: 404
[21:00:55.009] [PAI SDK] WebSocket closed, reconnecting (1/3)...
[21:01:05.210] [Global WebSocket] Suppressed error to prevent crash: Unexpected server response: 404
[21:01:05.210] [PAI SDK] WebSocket closed, reconnecting (1/3)...
[21:01:15.490] [Global WebSocket] Suppressed error to prevent crash: Unexpected server response: 404
[21:01:15.490] [PAI SDK] WebSocket closed, reconnecting (1/3)...
[21:01:25.685] [Global WebSocket] Suppressed error to prevent crash: Unexpected server response: 404
[21:01:25.686] [PAI SDK] WebSocket closed, reconnecting (1/3)...
[21:01:35.970] [Global WebSocket] Suppressed error to prevent crash: Unexpected server response: 404
[21:01:35.970] [PAI SDK] WebSocket closed, reconnecting (1/3)...
[21:01:46.160] [Global WebSocket] Suppressed error to prevent crash: Unexpected server response: 404
[21:01:46.161] [PAI SDK] WebSocket closed, reconnecting (1/3)...
[21:01:56.384] [Global WebSocket] Suppressed error to prevent crash: Unexpected server response: 404
[21:01:56.385] [PAI SDK] WebSocket closed, reconnecting (1/3)...
[21:02:06.580] [Global WebSocket] Suppressed error to prevent crash: Unexpected server response: 404
[21:02:06.580] [PAI SDK] WebSocket closed, reconnecting (1/3)...
[21:02:16.788] [Global WebSocket] Suppressed error to prevent crash: Unexpected server response: 404
[21:02:16.789] [PAI SDK] WebSocket closed, reconnecting (1/3)...
[21:02:26.971] [Global WebSocket] Suppressed error to prevent crash: Unexpected server response: 404
[21:02:26.972] [PAI SDK] WebSocket closed, reconnecting (1/3)...
[21:02:37.161] [Global WebSocket] Suppressed error to prevent crash: Unexpected server response: 404
[21:02:37.162] [PAI SDK] WebSocket closed, reconnecting (1/3)...
[21:02:47.346] [Global WebSocket] Suppressed error to prevent crash: Unexpected server response: 404
[21:02:47.347] [PAI SDK] WebSocket closed, reconnecting (1/3)...
[21:02:57.543] [Global WebSocket] Suppressed error to prevent crash: Unexpected server response: 404
[21:02:57.544] [PAI SDK] WebSocket closed, reconnecting (1/3)...
[21:03:07.733] [Global WebSocket] Suppressed error to prevent crash: Unexpected server response: 404
[21:03:07.733] [PAI SDK] WebSocket closed, reconnecting (1/3)...
[21:03:18.074] [Global WebSocket] Suppressed error to prevent crash: Unexpected server response: 404
[21:03:18.075] [PAI SDK] WebSocket closed, reconnecting (1/3)...
[21:03:28.265] [Global WebSocket] Suppressed error to prevent crash: Unexpected server response: 404
[21:03:28.266] [PAI SDK] WebSocket closed, reconnecting (1/3)...
[21:03:38.552] [Global WebSocket] Suppressed error to prevent crash: Unexpected server response: 404
[21:03:38.552] [PAI SDK] WebSocket closed, reconnecting (1/3)...
[21:03:48.733] [Global WebSocket] Suppressed error to prevent crash: Unexpected server response: 404
[21:03:48.733] [PAI SDK] WebSocket closed, reconnecting (1/3)...
[21:03:59.009] [Global WebSocket] Suppressed error to prevent crash: Unexpected server response: 404
[21:03:59.009] [PAI SDK] WebSocket closed, reconnecting (1/3)...
[21:04:09.213] [Global WebSocket] Suppressed error to prevent crash: Unexpected server response: 404
[21:04:09.213] [PAI SDK] WebSocket closed, reconnecting (1/3)...
[21:04:19.513] [Global WebSocket] Suppressed error to prevent crash: Unexpected server response: 404
[21:04:19.514] [PAI SDK] WebSocket closed, reconnecting (1/3)...
[21:04:29.704] [Global WebSocket] Suppressed error to prevent crash: Unexpected server response: 404
[21:04:29.704] [PAI SDK] WebSocket closed, reconnecting (1/3)...
[21:04:40.044] [Global WebSocket] Suppressed error to prevent crash: Unexpected server response: 404
[21:04:40.045] [PAI SDK] WebSocket closed, reconnecting (1/3)...
[21:04:50.234] [Global WebSocket] Suppressed error to prevent crash: Unexpected server response: 404
[21:04:50.235] [PAI SDK] WebSocket closed, reconnecting (1/3)...
[21:05:00.500] [Global WebSocket] Suppressed error to prevent crash: Unexpected server response: 404
[21:05:00.501] [PAI SDK] WebSocket closed, reconnecting (1/3)...
[21:05:10.694] [Global WebSocket] Suppressed error to prevent crash: Unexpected server response: 404
[21:05:10.694] [PAI SDK] WebSocket closed, reconnecting (1/3)...
[21:05:21.006] [Global WebSocket] Suppressed error to prevent crash: Unexpected server response: 404
[21:05:21.006] [PAI SDK] WebSocket closed, reconnecting (1/3)...
[21:05:31.199] [Global WebSocket] Suppressed error to prevent crash: Unexpected server response: 404
[21:05:31.199] [PAI SDK] WebSocket closed, reconnecting (1/3)...
[21:05:41.476] [Global WebSocket] Suppressed error to prevent crash: Unexpected server response: 404
[21:05:41.476] [PAI SDK] WebSocket closed, reconnecting (1/3)...
[21:05:51.693] [Global WebSocket] Suppressed error to prevent crash: Unexpected server response: 404
[21:05:51.693] [PAI SDK] WebSocket closed, reconnecting (1/3)...
[21:06:01.906] [Global WebSocket] Suppressed error to prevent crash: Unexpected server response: 404
[21:06:01.907] [PAI SDK] WebSocket closed, reconnecting (1/3)...
[21:06:12.109] [Global WebSocket] Suppressed error to prevent crash: Unexpected server response: 404
[21:06:12.110] [PAI SDK] WebSocket closed, reconnecting (1/3)...
[21:06:22.349] [Global WebSocket] Suppressed error to prevent crash: Unexpected server response: 404
[21:06:22.350] [PAI SDK] WebSocket closed, reconnecting (1/3)...
[21:06:32.541] [Global WebSocket] Suppressed error to prevent crash: Unexpected server response: 404
[21:06:32.541] [PAI SDK] WebSocket closed, reconnecting (1/3)...
[21:06:42.729] [Global WebSocket] Suppressed error to prevent crash: Unexpected server response: 404
[21:06:42.731] [PAI SDK] WebSocket closed, reconnecting (1/3)...
[21:06:52.918] [Global WebSocket] Suppressed error to prevent crash: Unexpected server response: 404
[21:06:52.918] [PAI SDK] WebSocket closed, reconnecting (1/3)...
[21:07:03.120] [Global WebSocket] Suppressed error to prevent crash: Unexpected server response: 404
[21:07:03.120] [PAI SDK] WebSocket closed, reconnecting (1/3)...
[21:07:13.338] [Global WebSocket] Suppressed error to prevent crash: Unexpected server response: 404
[21:07:13.339] [PAI SDK] WebSocket closed, reconnecting (1/3)...
[21:07:23.517] [Global WebSocket] Suppressed error to prevent crash: Unexpected server response: 404
[21:07:23.518] [PAI SDK] WebSocket closed, reconnecting (1/3)...
[21:07:33.700] [Global WebSocket] Suppressed error to prevent crash: Unexpected server response: 404
[21:07:33.700] [PAI SDK] WebSocket closed, reconnecting (1/3)...
[21:07:43.875] [Global WebSocket] Suppressed error to prevent crash: Unexpected server response: 404
[21:07:43.876] [PAI SDK] WebSocket closed, reconnecting (1/3)...
[21:07:54.063] [Global WebSocket] Suppressed error to prevent crash: Unexpected server response: 404
[21:07:54.064] [PAI SDK] WebSocket closed, reconnecting (1/3)...
[21:08:04.263] [Global WebSocket] Suppressed error to prevent crash: Unexpected server response: 404
[21:08:04.263] [PAI SDK] WebSocket closed, reconnecting (1/3)...
[21:08:14.469] [Global WebSocket] Suppressed error to prevent crash: Unexpected server response: 404
[21:08:14.470] [PAI SDK] WebSocket closed, reconnecting (1/3)...
[21:08:24.662] [Global WebSocket] Suppressed error to prevent crash: Unexpected server response: 404
[21:08:24.662] [PAI SDK] WebSocket closed, reconnecting (1/3)...
[21:08:34.859] [Global WebSocket] Suppressed error to prevent crash: Unexpected server response: 404
[21:08:34.859] [PAI SDK] WebSocket closed, reconnecting (1/3)...
[21:08:45.054] [Global WebSocket] Suppressed error to prevent crash: Unexpected server response: 404
[21:08:45.055] [PAI SDK] WebSocket closed, reconnecting (1/3)...
[21:08:55.252] [Global WebSocket] Suppressed error to prevent crash: Unexpected server response: 404
[21:08:55.252] [PAI SDK] WebSocket closed, reconnecting (1/3)...
[21:09:05.456] [Global WebSocket] Suppressed error to prevent crash: Unexpected server response: 404
[21:09:05.457] [PAI SDK] WebSocket closed, reconnecting (1/3)...
[21:09:15.650] [Global WebSocket] Suppressed error to prevent crash: Unexpected server response: 404
[21:09:15.650] [PAI SDK] WebSocket closed, reconnecting (1/3)...
[21:09:25.856] [Global WebSocket] Suppressed error to prevent crash: Unexpected server response: 404
[21:09:25.856] [PAI SDK] WebSocket closed, reconnecting (1/3)...
[21:09:36.055] [Global WebSocket] Suppressed error to prevent crash: Unexpected server response: 404
[21:09:36.056] [PAI SDK] WebSocket closed, reconnecting (1/3)...
[21:09:46.243] [Global WebSocket] Suppressed error to prevent crash: Unexpected server response: 404
[21:09:46.243] [PAI SDK] WebSocket closed, reconnecting (1/3)...
[21:09:56.437] [Global WebSocket] Suppressed error to prevent crash: Unexpected server response: 404
[21:09:56.437] [PAI SDK] WebSocket closed, reconnecting (1/3)...
[21:10:06.629] [Global WebSocket] Suppressed error to prevent crash: Unexpected server response: 404
[21:10:06.630] [PAI SDK] WebSocket closed, reconnecting (1/3)...
[21:10:16.921] [Global WebSocket] Suppressed error to prevent crash: Unexpected server response: 404
[21:10:16.921] [PAI SDK] WebSocket closed, reconnecting (1/3)...
[21:10:27.107] [Global WebSocket] Suppressed error to prevent crash: Unexpected server response: 404
[21:10:27.108] [PAI SDK] WebSocket closed, reconnecting (1/3)...
[21:10:37.425] [Global WebSocket] Suppressed error to prevent crash: Unexpected server response: 404
[21:10:37.426] [PAI SDK] WebSocket closed, reconnecting (1/3)...
[21:10:47.623] [Global WebSocket] Suppressed error to prevent crash: Unexpected server response: 404
[21:10:47.623] [PAI SDK] WebSocket closed, reconnecting (1/3)...
[21:10:57.964] [Global WebSocket] Suppressed error to prevent crash: Unexpected server response: 404
[21:10:57.964] [PAI SDK] WebSocket closed, reconnecting (1/3)...
[21:11:08.161] [Global WebSocket] Suppressed error to prevent crash: Unexpected server response: 404
[21:11:08.162] [PAI SDK] WebSocket closed, reconnecting (1/3)...
[21:11:18.504] [Global WebSocket] Suppressed error to prevent crash: Unexpected server response: 404
[21:11:18.504] [PAI SDK] WebSocket closed, reconnecting (1/3)...
[21:11:28.714] [Global WebSocket] Suppressed error to prevent crash: Unexpected server response: 404
[21:11:28.714] [PAI SDK] WebSocket closed, reconnecting (1/3)...
[21:11:38.999] [Global WebSocket] Suppressed error to prevent crash: Unexpected server response: 404
[21:11:38.999] [PAI SDK] WebSocket closed, reconnecting (1/3)...
[21:11:49.195] [Global WebSocket] Suppressed error to prevent crash: Unexpected server response: 404
[21:11:49.195] [PAI SDK] WebSocket closed, reconnecting (1/3)...
[21:11:59.514] [Global WebSocket] Suppressed error to prevent crash: Unexpected server response: 404
[21:11:59.515] [PAI SDK] WebSocket closed, reconnecting (1/3)...
[21:12:09.724] [Global WebSocket] Suppressed error to prevent crash: Unexpected server response: 404
[21:12:09.725] [PAI SDK] WebSocket closed, reconnecting (1/3)...
[21:12:19.967] [Global WebSocket] Suppressed error to prevent crash: Unexpected server response: 404
[21:12:19.968] [PAI SDK] WebSocket closed, reconnecting (1/3)...
[21:12:30.160] [Global WebSocket] Suppressed error to prevent crash: Unexpected server response: 404
[21:12:30.160] [PAI SDK] WebSocket closed, reconnecting (1/3)...
[21:12:40.426] [Global WebSocket] Suppressed error to prevent crash: Unexpected server response: 404
[21:12:40.426] [PAI SDK] WebSocket closed, reconnecting (1/3)...
[21:12:50.664] [Global WebSocket] Suppressed error to prevent crash: Unexpected server response: 404
[21:12:50.665] [PAI SDK] WebSocket closed, reconnecting (1/3)...
[21:13:00.861] [Global WebSocket] Suppressed error to prevent crash: Unexpected server response: 404
[21:13:00.861] [PAI SDK] WebSocket closed, reconnecting (1/3)...
[21:13:11.042] [Global WebSocket] Suppressed error to prevent crash: Unexpected server response: 404
[21:13:11.043] [PAI SDK] WebSocket closed, reconnecting (1/3)...
[21:13:21.236] [Global WebSocket] Suppressed error to prevent crash: Unexpected server response: 404
[21:13:21.236] [PAI SDK] WebSocket closed, reconnecting (1/3)...
[21:13:31.436] [Global WebSocket] Suppressed error to prevent crash: Unexpected server response: 404
[21:13:31.436] [PAI SDK] WebSocket closed, reconnecting (1/3)...
[21:13:41.616] [Global WebSocket] Suppressed error to prevent crash: Unexpected server response: 404
[21:13:41.616] [PAI SDK] WebSocket closed, reconnecting (1/3)...
[21:13:51.804] [Global WebSocket] Suppressed error to prevent crash: Unexpected server response: 404
[21:13:51.805] [PAI SDK] WebSocket closed, reconnecting (1/3)...
[21:14:02.003] [Global WebSocket] Suppressed error to prevent crash: Unexpected server response: 404
[21:14:02.004] [PAI SDK] WebSocket closed, reconnecting (1/3)...
[21:14:12.190] [Global WebSocket] Suppressed error to prevent crash: Unexpected server response: 404
[21:14:12.191] [PAI SDK] WebSocket closed, reconnecting (1/3)...
[21:14:22.377] [Global WebSocket] Suppressed error to prevent crash: Unexpected server response: 404
[21:14:22.377] [PAI SDK] WebSocket closed, reconnecting (1/3)...
[21:14:32.580] [Global WebSocket] Suppressed error to prevent crash: Unexpected server response: 404
[21:14:32.580] [PAI SDK] WebSocket closed, reconnecting (1/3)...
[21:14:42.775] [Global WebSocket] Suppressed error to prevent crash: Unexpected server response: 404
[21:14:42.775] [PAI SDK] WebSocket closed, reconnecting (1/3)...
[21:14:52.964] [Global WebSocket] Suppressed error to prevent crash: Unexpected server response: 404
[21:14:52.964] [PAI SDK] WebSocket closed, reconnecting (1/3)...
[21:15:03.158] [Global WebSocket] Suppressed error to prevent crash: Unexpected server response: 404
[21:15:03.159] [PAI SDK] WebSocket closed, reconnecting (1/3)...
[21:15:13.368] [Global WebSocket] Suppressed error to prevent crash: Unexpected server response: 404
[21:15:13.368] [PAI SDK] WebSocket closed, reconnecting (1/3)...
[21:15:23.563] [Global WebSocket] Suppressed error to prevent crash: Unexpected server response: 404
[21:15:23.564] [PAI SDK] WebSocket closed, reconnecting (1/3)...
[21:15:33.763] [Global WebSocket] Suppressed error to prevent crash: Unexpected server response: 404
[21:15:33.764] [PAI SDK] WebSocket closed, reconnecting (1/3)...
[21:15:43.961] [Global WebSocket] Suppressed error to prevent crash: Unexpected server response: 404
[21:15:43.961] [PAI SDK] WebSocket closed, reconnecting (1/3)...
[21:15:54.156] [Global WebSocket] Suppressed error to prevent crash: Unexpected server response: 404
[21:15:54.157] [PAI SDK] WebSocket closed, reconnecting (1/3)...
[21:16:04.357] [Global WebSocket] Suppressed error to prevent crash: Unexpected server response: 404
[21:16:04.357] [PAI SDK] WebSocket closed, reconnecting (1/3)...
[21:16:14.551] [Global WebSocket] Suppressed error to prevent crash: Unexpected server response: 404
[21:16:14.551] [PAI SDK] WebSocket closed, reconnecting (1/3)...
[21:16:24.755] [Global WebSocket] Suppressed error to prevent crash: Unexpected server response: 404
[21:16:24.756] [PAI SDK] WebSocket closed, reconnecting (1/3)...
[21:16:34.950] [Global WebSocket] Suppressed error to prevent crash: Unexpected server response: 404
[21:16:34.950] [PAI SDK] WebSocket closed, reconnecting (1/3)...
[21:16:45.148] [Global WebSocket] Suppressed error to prevent crash: Unexpected server response: 404
[21:16:45.148] [PAI SDK] WebSocket closed, reconnecting (1/3)...
[21:16:55.349] [Global WebSocket] Suppressed error to prevent crash: Unexpected server response: 404
[21:16:55.349] [PAI SDK] WebSocket closed, reconnecting (1/3)...
[21:17:05.538] [Global WebSocket] Suppressed error to prevent crash: Unexpected server response: 404
[21:17:05.538] [PAI SDK] WebSocket closed, reconnecting (1/3)...
[21:17:15.736] [Global WebSocket] Suppressed error to prevent crash: Unexpected server response: 404
[21:17:15.737] [PAI SDK] WebSocket closed, reconnecting (1/3)...
[21:17:26.017] [Global WebSocket] Suppressed error to prevent crash: Unexpected server response: 404
[21:17:26.017] [PAI SDK] WebSocket closed, reconnecting (1/3)...
[21:17:36.221] [Global WebSocket] Suppressed error to prevent crash: Unexpected server response: 404
[21:17:36.222] [PAI SDK] WebSocket closed, reconnecting (1/3)...
[21:17:46.527] [Global WebSocket] Suppressed error to prevent crash: Unexpected server response: 404
[21:17:46.528] [PAI SDK] WebSocket closed, reconnecting (1/3)...
[21:17:56.726] [Global WebSocket] Suppressed error to prevent crash: Unexpected server response: 404
[21:17:56.726] [PAI SDK] WebSocket closed, reconnecting (1/3)...
[21:18:07.010] [Global WebSocket] Suppressed error to prevent crash: Unexpected server response: 404
[21:18:07.011] [PAI SDK] WebSocket closed, reconnecting (1/3)...
[21:18:17.209] [Global WebSocket] Suppressed error to prevent crash: Unexpected server response: 404
[21:18:17.209] [PAI SDK] WebSocket closed, reconnecting (1/3)...
[21:18:27.510] [Global WebSocket] Suppressed error to prevent crash: Unexpected server response: 404
[21:18:27.510] [PAI SDK] WebSocket closed, reconnecting (1/3)...
[21:18:37.707] [Global WebSocket] Suppressed error to prevent crash: Unexpected server response: 404
[21:18:37.707] [PAI SDK] WebSocket closed, reconnecting (1/3)...
[21:18:48.044] [Global WebSocket] Suppressed error to prevent crash: Unexpected server response: 404
[21:18:48.044] [PAI SDK] WebSocket closed, reconnecting (1/3)...
[21:18:58.224] [Global WebSocket] Suppressed error to prevent crash: Unexpected server response: 404
[21:18:58.224] [PAI SDK] WebSocket closed, reconnecting (1/3)...
[21:19:08.533] [Global WebSocket] Suppressed error to prevent crash: Unexpected server response: 404
[21:19:08.534] [PAI SDK] WebSocket closed, reconnecting (1/3)...
[21:19:18.726] [Global WebSocket] Suppressed error to prevent crash: Unexpected server response: 404
[21:19:18.727] [PAI SDK] WebSocket closed, reconnecting (1/3)...
[21:19:29.054] [Global WebSocket] Suppressed error to prevent crash: Unexpected server response: 404
[21:19:29.055] [PAI SDK] WebSocket closed, reconnecting (1/3)...
[21:19:39.261] [Global WebSocket] Suppressed error to prevent crash: Unexpected server response: 404
[21:19:39.262] [PAI SDK] WebSocket closed, reconnecting (1/3)...
[21:19:49.565] [Global WebSocket] Suppressed error to prevent crash: Unexpected server response: 404
[21:19:49.566] [PAI SDK] WebSocket closed, reconnecting (1/3)...
[21:19:59.769] [Global WebSocket] Suppressed error to prevent crash: Unexpected server response: 404
[21:19:59.770] [PAI SDK] WebSocket closed, reconnecting (1/3)...
[21:20:10.077] [Global WebSocket] Suppressed error to prevent crash: Unexpected server response: 404
[21:20:10.077] [PAI SDK] WebSocket closed, reconnecting (1/3)...
[21:20:20.272] [Global WebSocket] Suppressed error to prevent crash: Unexpected server response: 404
[21:20:20.272] [PAI SDK] WebSocket closed, reconnecting (1/3)...
[21:20:30.563] [Global WebSocket] Suppressed error to prevent crash: Unexpected server response: 404
[21:20:30.563] [PAI SDK] WebSocket closed, reconnecting (1/3)...
[21:20:40.756] [Global WebSocket] Suppressed error to prevent crash: Unexpected server response: 404
[21:20:40.756] [PAI SDK] WebSocket closed, reconnecting (1/3)...
[21:20:50.970] [Global WebSocket] Suppressed error to prevent crash: Unexpected server response: 404
[21:20:50.971] [PAI SDK] WebSocket closed, reconnecting (1/3)...
[21:21:01.171] [Global WebSocket] Suppressed error to prevent crash: Unexpected server response: 404
[21:21:01.172] [PAI SDK] WebSocket closed, reconnecting (1/3)...
[21:21:11.370] [Global WebSocket] Suppressed error to prevent crash: Unexpected server response: 404
[21:21:11.371] [PAI SDK] WebSocket closed, reconnecting (1/3)...
[21:21:21.561] [Global WebSocket] Suppressed error to prevent crash: Unexpected server response: 404
[21:21:21.561] [PAI SDK] WebSocket closed, reconnecting (1/3)...
[21:21:31.767] [Global WebSocket] Suppressed error to prevent crash: Unexpected server response: 404
[21:21:31.767] [PAI SDK] WebSocket closed, reconnecting (1/3)...
[21:21:41.966] [Global WebSocket] Suppressed error to prevent crash: Unexpected server response: 404
[21:21:41.966] [PAI SDK] WebSocket closed, reconnecting (1/3)...
[21:21:52.158] [Global WebSocket] Suppressed error to prevent crash: Unexpected server response: 404
[21:21:52.159] [PAI SDK] WebSocket closed, reconnecting (1/3)...
[21:22:02.343] [Global WebSocket] Suppressed error to prevent crash: Unexpected server response: 404
[21:22:02.344] [PAI SDK] WebSocket closed, reconnecting (1/3)...
[21:22:12.533] [Global WebSocket] Suppressed error to prevent crash: Unexpected server response: 404
[21:22:12.534] [PAI SDK] WebSocket closed, reconnecting (1/3)...
[21:22:22.730] [Global WebSocket] Suppressed error to prevent crash: Unexpected server response: 404
[21:22:22.730] [PAI SDK] WebSocket closed, reconnecting (1/3)...
[21:22:32.930] [Global WebSocket] Suppressed error to prevent crash: Unexpected server response: 404
[21:22:32.930] [PAI SDK] WebSocket closed, reconnecting (1/3)...
[21:22:43.122] [Global WebSocket] Suppressed error to prevent crash: Unexpected server response: 404
[21:22:43.122] [PAI SDK] WebSocket closed, reconnecting (1/3)...
[21:22:53.307] [Global WebSocket] Suppressed error to prevent crash: Unexpected server response: 404
[21:22:53.308] [PAI SDK] WebSocket closed, reconnecting (1/3)...
[21:23:03.511] [Global WebSocket] Suppressed error to prevent crash: Unexpected server response: 404
[21:23:03.512] [PAI SDK] WebSocket closed, reconnecting (1/3)...
[21:23:13.720] [Global WebSocket] Suppressed error to prevent crash: Unexpected server response: 404
[21:23:13.720] [PAI SDK] WebSocket closed, reconnecting (1/3)...
[21:23:23.916] [Global WebSocket] Suppressed error to prevent crash: Unexpected server response: 404
[21:23:23.917] [PAI SDK] WebSocket closed, reconnecting (1/3)...
[21:23:34.122] [Global WebSocket] Suppressed error to prevent crash: Unexpected server response: 404
[21:23:34.123] [PAI SDK] WebSocket closed, reconnecting (1/3)...
[21:23:44.301] [Global WebSocket] Suppressed error to prevent crash: Unexpected server response: 404
[21:23:44.301] [PAI SDK] WebSocket closed, reconnecting (1/3)...
[21:23:54.503] [Global WebSocket] Suppressed error to prevent crash: Unexpected server response: 404
[21:23:54.503] [PAI SDK] WebSocket closed, reconnecting (1/3)...
[21:24:04.782] [Global WebSocket] Suppressed error to prevent crash: Unexpected server response: 404
[21:24:04.783] [PAI SDK] WebSocket closed, reconnecting (1/3)...
[21:24:14.964] [Global WebSocket] Suppressed error to prevent crash: Unexpected server response: 404
[21:24:14.965] [PAI SDK] WebSocket closed, reconnecting (1/3)...
[21:24:25.250] [Global WebSocket] Suppressed error to prevent crash: Unexpected server response: 404
[21:24:25.250] [PAI SDK] WebSocket closed, reconnecting (1/3)...
[21:24:35.453] [Global WebSocket] Suppressed error to prevent crash: Unexpected server response: 404
[21:24:35.454] [PAI SDK] WebSocket closed, reconnecting (1/3)...
[21:24:45.738] [Global WebSocket] Suppressed error to prevent crash: Unexpected server response: 404
[21:24:45.738] [PAI SDK] WebSocket closed, reconnecting (1/3)...
[21:24:55.926] [Global WebSocket] Suppressed error to prevent crash: Unexpected server response: 404
[21:24:55.927] [PAI SDK] WebSocket closed, reconnecting (1/3)...
[21:25:06.291] [Global WebSocket] Suppressed error to prevent crash: Unexpected server response: 404
[21:25:06.291] [PAI SDK] WebSocket closed, reconnecting (1/3)...
[21:25:16.503] [Global WebSocket] Suppressed error to prevent crash: Unexpected server response: 404
[21:25:16.503] [PAI SDK] WebSocket closed, reconnecting (1/3)...
[21:25:26.854] [Global WebSocket] Suppressed error to prevent crash: Unexpected server response: 404
[21:25:26.855] [PAI SDK] WebSocket closed, reconnecting (1/3)...
[21:25:37.042] [Global WebSocket] Suppressed error to prevent crash: Unexpected server response: 404
[21:25:37.042] [PAI SDK] WebSocket closed, reconnecting (1/3)...
[21:25:47.240] [Global WebSocket] Suppressed error to prevent crash: Unexpected server response: 404
[21:25:47.240] [PAI SDK] WebSocket closed, reconnecting (1/3)...
[21:25:57.428] [Global WebSocket] Suppressed error to prevent crash: Unexpected server response: 404
[21:25:57.429] [PAI SDK] WebSocket closed, reconnecting (1/3)...
[21:26:07.761] [Global WebSocket] Suppressed error to prevent crash: Unexpected server response: 404
[21:26:07.762] [PAI SDK] WebSocket closed, reconnecting (1/3)...
[21:26:17.955] [Global WebSocket] Suppressed error to prevent crash: Unexpected server response: 404
[21:26:17.955] [PAI SDK] WebSocket closed, reconnecting (1/3)...
[21:26:28.137] [Global WebSocket] Suppressed error to prevent crash: Unexpected server response: 404
[21:26:28.137] [PAI SDK] WebSocket closed, reconnecting (1/3)...
[21:26:38.324] [Global WebSocket] Suppressed error to prevent crash: Unexpected server response: 404
[21:26:38.325] [PAI SDK] WebSocket closed, reconnecting (1/3)...
[21:26:48.548] [Global WebSocket] Suppressed error to prevent crash: Unexpected server response: 404
[21:26:48.548] [PAI SDK] WebSocket closed, reconnecting (1/3)...
[21:26:58.758] [Global WebSocket] Suppressed error to prevent crash: Unexpected server response: 404
[21:26:58.759] [PAI SDK] WebSocket closed, reconnecting (1/3)...
[21:27:08.950] [Global WebSocket] Suppressed error to prevent crash: Unexpected server response: 404
[21:27:08.950] [PAI SDK] WebSocket closed, reconnecting (1/3)...
[21:27:19.159] [Global WebSocket] Suppressed error to prevent crash: Unexpected server response: 404
[21:27:19.160] [PAI SDK] WebSocket closed, reconnecting (1/3)...
[21:27:29.352] [Global WebSocket] Suppressed error to prevent crash: Unexpected server response: 404
[21:27:29.353] [PAI SDK] WebSocket closed, reconnecting (1/3)...
[21:27:39.537] [Global WebSocket] Suppressed error to prevent crash: Unexpected server response: 404
[21:27:39.537] [PAI SDK] WebSocket closed, reconnecting (1/3)...
[21:27:49.730] [Global WebSocket] Suppressed error to prevent crash: Unexpected server response: 404
[21:27:49.730] [PAI SDK] WebSocket closed, reconnecting (1/3)...
[21:27:59.926] [Global WebSocket] Suppressed error to prevent crash: Unexpected server response: 404
[21:27:59.927] [PAI SDK] WebSocket closed, reconnecting (1/3)...
[21:28:10.114] [Global WebSocket] Suppressed error to prevent crash: Unexpected server response: 404
[21:28:10.115] [PAI SDK] WebSocket closed, reconnecting (1/3)...
[21:28:20.325] [Global WebSocket] Suppressed error to prevent crash: Unexpected server response: 404
[21:28:20.326] [PAI SDK] WebSocket closed, reconnecting (1/3)...
[21:28:30.507] [Global WebSocket] Suppressed error to prevent crash: Unexpected server response: 404
[21:28:30.507] [PAI SDK] WebSocket closed, reconnecting (1/3)...
[21:28:40.692] [Global WebSocket] Suppressed error to prevent crash: Unexpected server response: 404
[21:28:40.692] [PAI SDK] WebSocket closed, reconnecting (1/3)...
[21:28:50.880] [Global WebSocket] Suppressed error to prevent crash: Unexpected server response: 404
[21:28:50.880] [PAI SDK] WebSocket closed, reconnecting (1/3)...
[21:29:01.064] [Global WebSocket] Suppressed error to prevent crash: Unexpected server response: 404
[21:29:01.065] [PAI SDK] WebSocket closed, reconnecting (1/3)...
[21:29:11.255] [Global WebSocket] Suppressed error to prevent crash: Unexpected server response: 404
[21:29:11.255] [PAI SDK] WebSocket closed, reconnecting (1/3)...
[21:29:21.453] [Global WebSocket] Suppressed error to prevent crash: Unexpected server response: 404
[21:29:21.453] [PAI SDK] WebSocket closed, reconnecting (1/3)...
[21:29:31.631] [Global WebSocket] Suppressed error to prevent crash: Unexpected server response: 404
[21:29:31.632] [PAI SDK] WebSocket closed, reconnecting (1/3)...
[21:29:41.945] [Global WebSocket] Suppressed error to prevent crash: Unexpected server response: 404
[21:29:41.945] [PAI SDK] WebSocket closed, reconnecting (1/3)...
[21:29:52.137] [Global WebSocket] Suppressed error to prevent crash: Unexpected server response: 404
[21:29:52.138] [PAI SDK] WebSocket closed, reconnecting (1/3)...
[21:30:02.373] [Global WebSocket] Suppressed error to prevent crash: Unexpected server response: 404
[21:30:02.373] [PAI SDK] WebSocket closed, reconnecting (1/3)...
[21:30:12.582] [Global WebSocket] Suppressed error to prevent crash: Unexpected server response: 404
[21:30:12.583] [PAI SDK] WebSocket closed, reconnecting (1/3)...
[21:30:22.776] [Global WebSocket] Suppressed error to prevent crash: Unexpected server response: 404
[21:30:22.776] [PAI SDK] WebSocket closed, reconnecting (1/3)...
[21:30:32.971] [Global WebSocket] Suppressed error to prevent crash: Unexpected server response: 404
[21:30:32.972] [PAI SDK] WebSocket closed, reconnecting (1/3)...
[21:30:43.174] [Global WebSocket] Suppressed error to prevent crash: Unexpected server response: 404
[21:30:43.174] [PAI SDK] WebSocket closed, reconnecting (1/3)...
[21:30:53.364] [Global WebSocket] Suppressed error to prevent crash: Unexpected server response: 404
[21:30:53.364] [PAI SDK] WebSocket closed, reconnecting (1/3)...
[21:31:03.561] [Global WebSocket] Suppressed error to prevent crash: Unexpected server response: 404
[21:31:03.562] [PAI SDK] WebSocket closed, reconnecting (1/3)...
[21:31:13.780] [Global WebSocket] Suppressed error to prevent crash: Unexpected server response: 404
[21:31:13.780] [PAI SDK] WebSocket closed, reconnecting (1/3)...
[21:31:23.982] [Global WebSocket] Suppressed error to prevent crash: Unexpected server response: 404
[21:31:23.982] [PAI SDK] WebSocket closed, reconnecting (1/3)...
[21:31:34.172] [Global WebSocket] Suppressed error to prevent crash: Unexpected server response: 404
[21:31:34.173] [PAI SDK] WebSocket closed, reconnecting (1/3)...
[21:31:44.362] [Global WebSocket] Suppressed error to prevent crash: Unexpected server response: 404
[21:31:44.362] [PAI SDK] WebSocket closed, reconnecting (1/3)...
[21:31:54.554] [Global WebSocket] Suppressed error to prevent crash: Unexpected server response: 404
[21:31:54.555] [PAI SDK] WebSocket closed, reconnecting (1/3)...
[21:32:04.746] [Global WebSocket] Suppressed error to prevent crash: Unexpected server response: 404
[21:32:04.747] [PAI SDK] WebSocket closed, reconnecting (1/3)...
[21:32:15.024] [Global WebSocket] Suppressed error to prevent crash: Unexpected server response: 404
[21:32:15.024] [PAI SDK] WebSocket closed, reconnecting (1/3)...
[21:32:25.223] [Global WebSocket] Suppressed error to prevent crash: Unexpected server response: 404
[21:32:25.223] [PAI SDK] WebSocket closed, reconnecting (1/3)...
[21:32:35.562] [Global WebSocket] Suppressed error to prevent crash: Unexpected server response: 404
[21:32:35.562] [PAI SDK] WebSocket closed, reconnecting (1/3)...
[21:32:45.778] [Global WebSocket] Suppressed error to prevent crash: Unexpected server response: 404
[21:32:45.778] [PAI SDK] WebSocket closed, reconnecting (1/3)...
[21:32:56.041] [Global WebSocket] Suppressed error to prevent crash: Unexpected server response: 404
[21:32:56.042] [PAI SDK] WebSocket closed, reconnecting (1/3)...
[21:33:06.235] [Global WebSocket] Suppressed error to prevent crash: Unexpected server response: 404
[21:33:06.236] [PAI SDK] WebSocket closed, reconnecting (1/3)...
[21:33:16.547] [Global WebSocket] Suppressed error to prevent crash: Unexpected server response: 404
[21:33:16.547] [PAI SDK] WebSocket closed, reconnecting (1/3)...
[21:33:26.732] [Global WebSocket] Suppressed error to prevent crash: Unexpected server response: 404
[21:33:26.732] [PAI SDK] WebSocket closed, reconnecting (1/3)...
[21:33:37.038] [Global WebSocket] Suppressed error to prevent crash: Unexpected server response: 404
[21:33:37.038] [PAI SDK] WebSocket closed, reconnecting (1/3)...
[21:33:47.228] [Global WebSocket] Suppressed error to prevent crash: Unexpected server response: 404
[21:33:47.228] [PAI SDK] WebSocket closed, reconnecting (1/3)...
[21:33:57.468] [Global WebSocket] Suppressed error to prevent crash: Unexpected server response: 404
[21:33:57.468] [PAI SDK] WebSocket closed, reconnecting (1/3)...
[21:34:07.664] [Global WebSocket] Suppressed error to prevent crash: Unexpected server response: 404
[21:34:07.665] [PAI SDK] WebSocket closed, reconnecting (1/3)...
[21:34:18.010] [Global WebSocket] Suppressed error to prevent crash: Unexpected server response: 404
[21:34:18.011] [PAI SDK] WebSocket closed, reconnecting (1/3)...
[21:34:28.218] [Global WebSocket] Suppressed error to prevent crash: Unexpected server response: 404
[21:34:28.218] [PAI SDK] WebSocket closed, reconnecting (1/3)...
[21:34:38.546] [Global WebSocket] Suppressed error to prevent crash: Unexpected server response: 404
[21:34:38.546] [PAI SDK] WebSocket closed, reconnecting (1/3)...
[21:34:48.735] [Global WebSocket] Suppressed error to prevent crash: Unexpected server response: 404
[21:34:48.735] [PAI SDK] WebSocket closed, reconnecting (1/3)...
[21:34:59.063] [Global WebSocket] Suppressed error to prevent crash: Unexpected server response: 404
[21:34:59.064] [PAI SDK] WebSocket closed, reconnecting (1/3)...
[21:35:09.252] [Global WebSocket] Suppressed error to prevent crash: Unexpected server response: 404
[21:35:09.252] [PAI SDK] WebSocket closed, reconnecting (1/3)...
[21:35:19.558] [Global WebSocket] Suppressed error to prevent crash: Unexpected server response: 404
[21:35:19.559] [PAI SDK] WebSocket closed, reconnecting (1/3)...
[21:35:29.750] [Global WebSocket] Suppressed error to prevent crash: Unexpected server response: 404
[21:35:29.750] [PAI SDK] WebSocket closed, reconnecting (1/3)...
[21:35:40.019] [Global WebSocket] Suppressed error to prevent crash: Unexpected server response: 404
[21:35:40.019] [PAI SDK] WebSocket closed, reconnecting (1/3)...
[21:35:50.206] [Global WebSocket] Suppressed error to prevent crash: Unexpected server response: 404
[21:35:50.206] [PAI SDK] WebSocket closed, reconnecting (1/3)...
[21:36:00.461] [Global WebSocket] Suppressed error to prevent crash: Unexpected server response: 404
[21:36:00.461] [PAI SDK] WebSocket closed, reconnecting (1/3)...
[21:36:10.665] [Global WebSocket] Suppressed error to prevent crash: Unexpected server response: 404
[21:36:10.666] [PAI SDK] WebSocket closed, reconnecting (1/3)...
[21:36:20.939] [Global WebSocket] Suppressed error to prevent crash: Unexpected server response: 404
[21:36:20.940] [PAI SDK] WebSocket closed, reconnecting (1/3)...
[21:36:31.148] [Global WebSocket] Suppressed error to prevent crash: Unexpected server response: 404
[21:36:31.148] [PAI SDK] WebSocket closed, reconnecting (1/3)...
[21:36:41.456] [Global WebSocket] Suppressed error to prevent crash: Unexpected server response: 404
[21:36:41.456] [PAI SDK] WebSocket closed, reconnecting (1/3)...
[21:36:51.653] [Global WebSocket] Suppressed error to prevent crash: Unexpected server response: 404
[21:36:51.654] [PAI SDK] WebSocket closed, reconnecting (1/3)...
[21:37:01.943] [Global WebSocket] Suppressed error to prevent crash: Unexpected server response: 404
[21:37:01.944] [PAI SDK] WebSocket closed, reconnecting (1/3)...
[21:37:12.150] [Global WebSocket] Suppressed error to prevent crash: Unexpected server response: 404
[21:37:12.151] [PAI SDK] WebSocket closed, reconnecting (1/3)...
[21:37:22.342] [Global WebSocket] Suppressed error to prevent crash: Unexpected server response: 404
[21:37:22.343] [PAI SDK] WebSocket closed, reconnecting (1/3)...
[21:37:32.527] [Global WebSocket] Suppressed error to prevent crash: Unexpected server response: 404
[21:37:32.528] [PAI SDK] WebSocket closed, reconnecting (1/3)...
[21:37:42.740] [Global WebSocket] Suppressed error to prevent crash: Unexpected server response: 404
[21:37:42.740] [PAI SDK] WebSocket closed, reconnecting (1/3)...
[21:37:52.934] [Global WebSocket] Suppressed error to prevent crash: Unexpected server response: 404
[21:37:52.935] [PAI SDK] WebSocket closed, reconnecting (1/3)...
[21:38:03.116] [Global WebSocket] Suppressed error to prevent crash: Unexpected server response: 404
[21:38:03.116] [PAI SDK] WebSocket closed, reconnecting (1/3)...
[21:38:13.308] [Global WebSocket] Suppressed error to prevent crash: Unexpected server response: 404
[21:38:13.309] [PAI SDK] WebSocket closed, reconnecting (1/3)...
[21:38:23.510] [Global WebSocket] Suppressed error to prevent crash: Unexpected server response: 404
[21:38:23.511] [PAI SDK] WebSocket closed, reconnecting (1/3)...
[21:38:33.721] [Global WebSocket] Suppressed error to prevent crash: Unexpected server response: 404
[21:38:33.721] [PAI SDK] WebSocket closed, reconnecting (1/3)...
[21:38:43.915] [Global WebSocket] Suppressed error to prevent crash: Unexpected server response: 404
[21:38:43.916] [PAI SDK] WebSocket closed, reconnecting (1/3)...
[21:38:54.095] [Global WebSocket] Suppressed error to prevent crash: Unexpected server response: 404
[21:38:54.096] [PAI SDK] WebSocket closed, reconnecting (1/3)...
[21:39:04.288] [Global WebSocket] Suppressed error to prevent crash: Unexpected server response: 404
[21:39:04.289] [PAI SDK] WebSocket closed, reconnecting (1/3)...
[21:39:14.573] [Global WebSocket] Suppressed error to prevent crash: Unexpected server response: 404
[21:39:14.574] [PAI SDK] WebSocket closed, reconnecting (1/3)...
[21:39:24.769] [Global WebSocket] Suppressed error to prevent crash: Unexpected server response: 404
[21:39:24.769] [PAI SDK] WebSocket closed, reconnecting (1/3)...
[21:39:35.100] [Global WebSocket] Suppressed error to prevent crash: Unexpected server response: 404
[21:39:35.100] [PAI SDK] WebSocket closed, reconnecting (1/3)...
[21:39:45.286] [Global WebSocket] Suppressed error to prevent crash: Unexpected server response: 404
[21:39:45.287] [PAI SDK] WebSocket closed, reconnecting (1/3)...
[21:39:55.598] [Global WebSocket] Suppressed error to prevent crash: Unexpected server response: 404
[21:39:55.598] [PAI SDK] WebSocket closed, reconnecting (1/3)...
[21:40:05.791] [Global WebSocket] Suppressed error to prevent crash: Unexpected server response: 404
[21:40:05.792] [PAI SDK] WebSocket closed, reconnecting (1/3)...
[21:40:16.103] [Global WebSocket] Suppressed error to prevent crash: Unexpected server response: 404
[21:40:16.104] [PAI SDK] WebSocket closed, reconnecting (1/3)...
[21:40:26.295] [Global WebSocket] Suppressed error to prevent crash: Unexpected server response: 404
[21:40:26.296] [PAI SDK] WebSocket closed, reconnecting (1/3)...
[21:40:36.566] [Global WebSocket] Suppressed error to prevent crash: Unexpected server response: 404
[21:40:36.567] [PAI SDK] WebSocket closed, reconnecting (1/3)...
[21:40:46.750] [Global WebSocket] Suppressed error to prevent crash: Unexpected server response: 404
[21:40:46.750] [PAI SDK] WebSocket closed, reconnecting (1/3)...
[21:40:57.063] [Global WebSocket] Suppressed error to prevent crash: Unexpected server response: 404
[21:40:57.063] [PAI SDK] WebSocket closed, reconnecting (1/3)...
[21:41:07.261] [Global WebSocket] Suppressed error to prevent crash: Unexpected server response: 404
[21:41:07.261] [PAI SDK] WebSocket closed, reconnecting (1/3)...
[21:41:17.599] [Global WebSocket] Suppressed error to prevent crash: Unexpected server response: 404
[21:41:17.599] [PAI SDK] WebSocket closed, reconnecting (1/3)...
[21:41:27.794] [Global WebSocket] Suppressed error to prevent crash: Unexpected server response: 404
[21:41:27.795] [PAI SDK] WebSocket closed, reconnecting (1/3)...
[21:41:38.115] [Global WebSocket] Suppressed error to prevent crash: Unexpected server response: 404
[21:41:38.115] [PAI SDK] WebSocket closed, reconnecting (1/3)...
[21:41:48.320] [Global WebSocket] Suppressed error to prevent crash: Unexpected server response: 404
[21:41:48.321] [PAI SDK] WebSocket closed, reconnecting (1/3)...
[21:41:58.692] [Global WebSocket] Suppressed error to prevent crash: Unexpected server response: 404
[21:41:58.692] [PAI SDK] WebSocket closed, reconnecting (1/3)...
[21:42:08.877] [Global WebSocket] Suppressed error to prevent crash: Unexpected server response: 404
[21:42:08.877] [PAI SDK] WebSocket closed, reconnecting (1/3)...
[21:42:19.123] [Global WebSocket] Suppressed error to prevent crash: Unexpected server response: 404
[21:42:19.124] [PAI SDK] WebSocket closed, reconnecting (1/3)...
[21:42:29.320] [Global WebSocket] Suppressed error to prevent crash: Unexpected server response: 404
[21:42:29.320] [PAI SDK] WebSocket closed, reconnecting (1/3)...
[21:42:39.568] [Global WebSocket] Suppressed error to prevent crash: Unexpected server response: 404
[21:42:39.568] [PAI SDK] WebSocket closed, reconnecting (1/3)...
[21:42:49.746] [Global WebSocket] Suppressed error to prevent crash: Unexpected server response: 404
[21:42:49.747] [PAI SDK] WebSocket closed, reconnecting (1/3)...
[21:42:59.934] [Global WebSocket] Suppressed error to prevent crash: Unexpected server response: 404
[21:42:59.934] [PAI SDK] WebSocket closed, reconnecting (1/3)...
[21:43:10.116] [Global WebSocket] Suppressed error to prevent crash: Unexpected server response: 404
[21:43:10.116] [PAI SDK] WebSocket closed, reconnecting (1/3)...
[21:43:20.306] [Global WebSocket] Suppressed error to prevent crash: Unexpected server response: 404
[21:43:20.306] [PAI SDK] WebSocket closed, reconnecting (1/3)...
[21:43:30.492] [Global WebSocket] Suppressed error to prevent crash: Unexpected server response: 404
[21:43:30.492] [PAI SDK] WebSocket closed, reconnecting (1/3)...
[21:43:40.683] [Global WebSocket] Suppressed error to prevent crash: Unexpected server response: 404
[21:43:40.684] [PAI SDK] WebSocket closed, reconnecting (1/3)...
[21:43:50.879] [Global WebSocket] Suppressed error to prevent crash: Unexpected server response: 404
[21:43:50.880] [PAI SDK] WebSocket closed, reconnecting (1/3)...
[21:44:01.067] [Global WebSocket] Suppressed error to prevent crash: Unexpected server response: 404
[21:44:01.067] [PAI SDK] WebSocket closed, reconnecting (1/3)...
[21:44:11.263] [Global WebSocket] Suppressed error to prevent crash: Unexpected server response: 404
[21:44:11.264] [PAI SDK] WebSocket closed, reconnecting (1/3)...
[21:44:21.468] [Global WebSocket] Suppressed error to prevent crash: Unexpected server response: 404
[21:44:21.469] [PAI SDK] WebSocket closed, reconnecting (1/3)...
[21:44:31.763] [Global WebSocket] Suppressed error to prevent crash: Unexpected server response: 404
[21:44:31.764] [PAI SDK] WebSocket closed, reconnecting (1/3)...
[21:44:41.962] [Global WebSocket] Suppressed error to prevent crash: Unexpected server response: 404
[21:44:41.962] [PAI SDK] WebSocket closed, reconnecting (1/3)...
[21:44:52.236] [Global WebSocket] Suppressed error to prevent crash: Unexpected server response: 404
[21:44:52.237] [PAI SDK] WebSocket closed, reconnecting (1/3)...
[21:45:02.419] [Global WebSocket] Suppressed error to prevent crash: Unexpected server response: 404
[21:45:02.420] [PAI SDK] WebSocket closed, reconnecting (1/3)...
[21:45:12.684] [Global WebSocket] Suppressed error to prevent crash: Unexpected server response: 404
[21:45:12.684] [PAI SDK] WebSocket closed, reconnecting (1/3)...
[21:45:22.874] [Global WebSocket] Suppressed error to prevent crash: Unexpected server response: 404
[21:45:22.875] [PAI SDK] WebSocket closed, reconnecting (1/3)...
[21:45:33.135] [Global WebSocket] Suppressed error to prevent crash: Unexpected server response: 404
[21:45:33.136] [PAI SDK] WebSocket closed, reconnecting (1/3)...
[21:45:43.349] [Global WebSocket] Suppressed error to prevent crash: Unexpected server response: 404
[21:45:43.350] [PAI SDK] WebSocket closed, reconnecting (1/3)...
[21:45:53.654] [Global WebSocket] Suppressed error to prevent crash: Unexpected server response: 404
[21:45:53.654] [PAI SDK] WebSocket closed, reconnecting (1/3)...
[21:46:03.852] [Global WebSocket] Suppressed error to prevent crash: Unexpected server response: 404
[21:46:03.853] [PAI SDK] WebSocket closed, reconnecting (1/3)...
[21:46:14.175] [Global WebSocket] Suppressed error to prevent crash: Unexpected server response: 404
[21:46:14.175] [PAI SDK] WebSocket closed, reconnecting (1/3)...
[21:46:24.373] [Global WebSocket] Suppressed error to prevent crash: Unexpected server response: 404
[21:46:24.374] [PAI SDK] WebSocket closed, reconnecting (1/3)...
[21:46:34.688] [Global WebSocket] Suppressed error to prevent crash: Unexpected server response: 404
[21:46:34.688] [PAI SDK] WebSocket closed, reconnecting (1/3)...
[21:46:44.879] [Global WebSocket] Suppressed error to prevent crash: Unexpected server response: 404
[21:46:44.879] [PAI SDK] WebSocket closed, reconnecting (1/3)...
[21:46:55.171] [Global WebSocket] Suppressed error to prevent crash: Unexpected server response: 404
[21:46:55.172] [PAI SDK] WebSocket closed, reconnecting (1/3)...
[21:47:05.349] [Global WebSocket] Suppressed error to prevent crash: Unexpected server response: 404
[21:47:05.349] [PAI SDK] WebSocket closed, reconnecting (1/3)...
[21:47:15.641] [Global WebSocket] Suppressed error to prevent crash: Unexpected server response: 404
[21:47:15.641] [PAI SDK] WebSocket closed, reconnecting (1/3)...
[21:47:25.818] [Global WebSocket] Suppressed error to prevent crash: Unexpected server response: 404
[21:47:25.819] [PAI SDK] WebSocket closed, reconnecting (1/3)...
[21:47:36.080] [Global WebSocket] Suppressed error to prevent crash: Unexpected server response: 404
[21:47:36.080] [PAI SDK] WebSocket closed, reconnecting (1/3)...
[21:47:46.264] [Global WebSocket] Suppressed error to prevent crash: Unexpected server response: 404
[21:47:46.265] [PAI SDK] WebSocket closed, reconnecting (1/3)...
[21:47:56.454] [Global WebSocket] Suppressed error to prevent crash: Unexpected server response: 404
[21:47:56.455] [PAI SDK] WebSocket closed, reconnecting (1/3)...
[21:48:06.653] [Global WebSocket] Suppressed error to prevent crash: Unexpected server response: 404
[21:48:06.653] [PAI SDK] WebSocket closed, reconnecting (1/3)...
[21:48:16.842] [Global WebSocket] Suppressed error to prevent crash: Unexpected server response: 404
[21:48:16.843] [PAI SDK] WebSocket closed, reconnecting (1/3)...
[21:48:27.042] [Global WebSocket] Suppressed error to prevent crash: Unexpected server response: 404
[21:48:27.043] [PAI SDK] WebSocket closed, reconnecting (1/3)...
[21:48:37.245] [Global WebSocket] Suppressed error to prevent crash: Unexpected server response: 404
[21:48:37.245] [PAI SDK] WebSocket closed, reconnecting (1/3)...
[21:48:47.442] [Global WebSocket] Suppressed error to prevent crash: Unexpected server response: 404
[21:48:47.443] [PAI SDK] WebSocket closed, reconnecting (1/3)...
[21:48:57.649] [Global WebSocket] Suppressed error to prevent crash: Unexpected server response: 404
[21:48:57.649] [PAI SDK] WebSocket closed, reconnecting (1/3)...
[21:49:07.854] [Global WebSocket] Suppressed error to prevent crash: Unexpected server response: 404
[21:49:07.854] [PAI SDK] WebSocket closed, reconnecting (1/3)...
[21:49:18.047] [Global WebSocket] Suppressed error to prevent crash: Unexpected server response: 404
[21:49:18.048] [PAI SDK] WebSocket closed, reconnecting (1/3)...
[21:49:28.233] [Global WebSocket] Suppressed error to prevent crash: Unexpected server response: 404
[21:49:28.233] [PAI SDK] WebSocket closed, reconnecting (1/3)...
[21:49:38.442] [Global WebSocket] Suppressed error to prevent crash: Unexpected server response: 404
[21:49:38.442] [PAI SDK] WebSocket closed, reconnecting (1/3)...
[21:49:48.733] [Global WebSocket] Suppressed error to prevent crash: Unexpected server response: 404
[21:49:48.734] [PAI SDK] WebSocket closed, reconnecting (1/3)...
[21:49:58.929] [Global WebSocket] Suppressed error to prevent crash: Unexpected server response: 404
[21:49:58.929] [PAI SDK] WebSocket closed, reconnecting (1/3)...
[21:50:09.231] [Global WebSocket] Suppressed error to prevent crash: Unexpected server response: 404
[21:50:09.231] [PAI SDK] WebSocket closed, reconnecting (1/3)...
[21:50:19.437] [Global WebSocket] Suppressed error to prevent crash: Unexpected server response: 404
[21:50:19.437] [PAI SDK] WebSocket closed, reconnecting (1/3)...
[21:50:29.764] [Global WebSocket] Suppressed error to prevent crash: Unexpected server response: 404
[21:50:29.764] [PAI SDK] WebSocket closed, reconnecting (1/3)...
[21:50:39.956] [Global WebSocket] Suppressed error to prevent crash: Unexpected server response: 404
[21:50:39.956] [PAI SDK] WebSocket closed, reconnecting (1/3)...
[21:50:50.218] [Global WebSocket] Suppressed error to prevent crash: Unexpected server response: 404
[21:50:50.218] [PAI SDK] WebSocket closed, reconnecting (1/3)...
[21:51:00.424] [Global WebSocket] Suppressed error to prevent crash: Unexpected server response: 404
[21:51:00.424] [PAI SDK] WebSocket closed, reconnecting (1/3)...
[21:51:10.675] [Global WebSocket] Suppressed error to prevent crash: Unexpected server response: 404
[21:51:10.676] [PAI SDK] WebSocket closed, reconnecting (1/3)...
[21:51:20.863] [Global WebSocket] Suppressed error to prevent crash: Unexpected server response: 404
[21:51:20.864] [PAI SDK] WebSocket closed, reconnecting (1/3)...
[21:51:31.129] [Global WebSocket] Suppressed error to prevent crash: Unexpected server response: 404
[21:51:31.129] [PAI SDK] WebSocket closed, reconnecting (1/3)...
[21:51:41.325] [Global WebSocket] Suppressed error to prevent crash: Unexpected server response: 404
[21:51:41.326] [PAI SDK] WebSocket closed, reconnecting (1/3)...
[21:51:51.736] [Global WebSocket] Suppressed error to prevent crash: Unexpected server response: 404
[21:51:51.736] [PAI SDK] WebSocket closed, reconnecting (1/3)...
[21:52:01.930] [Global WebSocket] Suppressed error to prevent crash: Unexpected server response: 404
[21:52:01.930] [PAI SDK] WebSocket closed, reconnecting (1/3)...
[21:52:12.248] [Global WebSocket] Suppressed error to prevent crash: Unexpected server response: 404
[21:52:12.249] [PAI SDK] WebSocket closed, reconnecting (1/3)...
[21:52:22.444] [Global WebSocket] Suppressed error to prevent crash: Unexpected server response: 404
[21:52:22.444] [PAI SDK] WebSocket closed, reconnecting (1/3)...
[21:52:32.754] [Global WebSocket] Suppressed error to prevent crash: Unexpected server response: 404
[21:52:32.754] [PAI SDK] WebSocket closed, reconnecting (1/3)...
[21:52:42.957] [Global WebSocket] Suppressed error to prevent crash: Unexpected server response: 404
[21:52:42.958] [PAI SDK] WebSocket closed, reconnecting (1/3)...
[21:52:53.225] [Global WebSocket] Suppressed error to prevent crash: Unexpected server response: 404
[21:52:53.225] [PAI SDK] WebSocket closed, reconnecting (1/3)...
[21:53:03.419] [Global WebSocket] Suppressed error to prevent crash: Unexpected server response: 404
[21:53:03.420] [PAI SDK] WebSocket closed, reconnecting (1/3)...
[21:53:13.734] [Global WebSocket] Suppressed error to prevent crash: Unexpected server response: 404
[21:53:13.735] [PAI SDK] WebSocket closed, reconnecting (1/3)...
[21:53:23.933] [Global WebSocket] Suppressed error to prevent crash: Unexpected server response: 404
[21:53:23.934] [PAI SDK] WebSocket closed, reconnecting (1/3)...
[21:53:34.239] [Global WebSocket] Suppressed error to prevent crash: Unexpected server response: 404
[21:53:34.240] [PAI SDK] WebSocket closed, reconnecting (1/3)...
[21:53:44.433] [Global WebSocket] Suppressed error to prevent crash: Unexpected server response: 404
[21:53:44.433] [PAI SDK] WebSocket closed, reconnecting (1/3)...
[21:53:54.786] [Global WebSocket] Suppressed error to prevent crash: Unexpected server response: 404
[21:53:54.786] [PAI SDK] WebSocket closed, reconnecting (1/3)...
[21:54:04.989] [Global WebSocket] Suppressed error to prevent crash: Unexpected server response: 404
[21:54:04.990] [PAI SDK] WebSocket closed, reconnecting (1/3)...
[21:54:15.334] [Global WebSocket] Suppressed error to prevent crash: Unexpected server response: 404
[21:54:15.334] [PAI SDK] WebSocket closed, reconnecting (1/3)...
[21:54:25.532] [Global WebSocket] Suppressed error to prevent crash: Unexpected server response: 404
[21:54:25.532] [PAI SDK] WebSocket closed, reconnecting (1/3)...
[21:54:35.717] [Global WebSocket] Suppressed error to prevent crash: Unexpected server response: 404
[21:54:35.717] [PAI SDK] WebSocket closed, reconnecting (1/3)...
[21:54:45.916] [Global WebSocket] Suppressed error to prevent crash: Unexpected server response: 404
[21:54:45.917] [PAI SDK] WebSocket closed, reconnecting (1/3)...
[21:54:56.107] [Global WebSocket] Suppressed error to prevent crash: Unexpected server response: 404
[21:54:56.107] [PAI SDK] WebSocket closed, reconnecting (1/3)...
[21:55:06.325] [Global WebSocket] Suppressed error to prevent crash: Unexpected server response: 404
[21:55:06.326] [PAI SDK] WebSocket closed, reconnecting (1/3)...
[21:55:16.518] [Global WebSocket] Suppressed error to prevent crash: Unexpected server response: 404
[21:55:16.519] [PAI SDK] WebSocket closed, reconnecting (1/3)...
[21:55:26.712] [Global WebSocket] Suppressed error to prevent crash: Unexpected server response: 404
[21:55:26.712] [PAI SDK] WebSocket closed, reconnecting (1/3)...
[21:55:36.927] [Global WebSocket] Suppressed error to prevent crash: Unexpected server response: 404
[21:55:36.927] [PAI SDK] WebSocket closed, reconnecting (1/3)...
[21:55:47.116] [Global WebSocket] Suppressed error to prevent crash: Unexpected server response: 404
[21:55:47.117] [PAI SDK] WebSocket closed, reconnecting (1/3)...
[21:55:57.311] [Global WebSocket] Suppressed error to prevent crash: Unexpected server response: 404
[21:55:57.312] [PAI SDK] WebSocket closed, reconnecting (1/3)...
[21:56:07.500] [Global WebSocket] Suppressed error to prevent crash: Unexpected server response: 404
[21:56:07.500] [PAI SDK] WebSocket closed, reconnecting (1/3)...
[21:56:17.689] [Global WebSocket] Suppressed error to prevent crash: Unexpected server response: 404
[21:56:17.690] [PAI SDK] WebSocket closed, reconnecting (1/3)...
[21:56:27.976] [Global WebSocket] Suppressed error to prevent crash: Unexpected server response: 404
[21:56:27.977] [PAI SDK] WebSocket closed, reconnecting (1/3)...
[21:56:38.176] [Global WebSocket] Suppressed error to prevent crash: Unexpected server response: 404
[21:56:38.176] [PAI SDK] WebSocket closed, reconnecting (1/3)...
[21:56:48.379] [Global WebSocket] Suppressed error to prevent crash: Unexpected server response: 404
[21:56:48.379] [PAI SDK] WebSocket closed, reconnecting (1/3)...
[21:56:58.572] [Global WebSocket] Suppressed error to prevent crash: Unexpected server response: 404
[21:56:58.572] [PAI SDK] WebSocket closed, reconnecting (1/3)...
[21:57:08.848] [Global WebSocket] Suppressed error to prevent crash: Unexpected server response: 404
[21:57:08.849] [PAI SDK] WebSocket closed, reconnecting (1/3)...
[21:57:19.175] [Global WebSocket] Suppressed error to prevent crash: Unexpected server response: 404
[21:57:19.176] [PAI SDK] WebSocket closed, reconnecting (1/3)...
[21:57:29.363] [Global WebSocket] Suppressed error to prevent crash: Unexpected server response: 404
[21:57:29.363] [PAI SDK] WebSocket closed, reconnecting (1/3)...
[21:57:39.555] [Global WebSocket] Suppressed error to prevent crash: Unexpected server response: 404
[21:57:39.555] [PAI SDK] WebSocket closed, reconnecting (1/3)...
[21:57:49.738] [Global WebSocket] Suppressed error to prevent crash: Unexpected server response: 404
[21:57:49.738] [PAI SDK] WebSocket closed, reconnecting (1/3)...
[21:58:00.032] [Global WebSocket] Suppressed error to prevent crash: Unexpected server response: 404
[21:58:00.033] [PAI SDK] WebSocket closed, reconnecting (1/3)...
[21:58:10.222] [Global WebSocket] Suppressed error to prevent crash: Unexpected server response: 404
[21:58:10.223] [PAI SDK] WebSocket closed, reconnecting (1/3)...
[21:58:20.434] [Global WebSocket] Suppressed error to prevent crash: Unexpected server response: 404
[21:58:20.435] [PAI SDK] WebSocket closed, reconnecting (1/3)...
[21:58:30.637] [Global WebSocket] Suppressed error to prevent crash: Unexpected server response: 404
[21:58:30.638] [PAI SDK] WebSocket closed, reconnecting (1/3)...
[21:58:40.955] [Global WebSocket] Suppressed error to prevent crash: Unexpected server response: 404
[21:58:40.955] [PAI SDK] WebSocket closed, reconnecting (1/3)...
[21:58:51.149] [Global WebSocket] Suppressed error to prevent crash: Unexpected server response: 404
[21:58:51.150] [PAI SDK] WebSocket closed, reconnecting (1/3)...
[21:59:01.336] [Global WebSocket] Suppressed error to prevent crash: Unexpected server response: 404
[21:59:01.336] [PAI SDK] WebSocket closed, reconnecting (1/3)...
[21:59:11.535] [Global WebSocket] Suppressed error to prevent crash: Unexpected server response: 404
[21:59:11.536] [PAI SDK] WebSocket closed, reconnecting (1/3)...
[21:59:21.737] [Global WebSocket] Suppressed error to prevent crash: Unexpected server response: 404
[21:59:21.737] [PAI SDK] WebSocket closed, reconnecting (1/3)...
[21:59:32.056] [Global WebSocket] Suppressed error to prevent crash: Unexpected server response: 404
[21:59:32.057] [PAI SDK] WebSocket closed, reconnecting (1/3)...
[21:59:42.235] [Global WebSocket] Suppressed error to prevent crash: Unexpected server response: 404
[21:59:42.236] [PAI SDK] WebSocket closed, reconnecting (1/3)...
[21:59:52.426] [Global WebSocket] Suppressed error to prevent crash: Unexpected server response: 404
[21:59:52.427] [PAI SDK] WebSocket closed, reconnecting (1/3)...
[22:00:02.615] [Global WebSocket] Suppressed error to prevent crash: Unexpected server response: 404
[22:00:02.615] [PAI SDK] WebSocket closed, reconnecting (1/3)...
[22:00:12.798] [Global WebSocket] Suppressed error to prevent crash: Unexpected server response: 404
[22:00:12.798] [PAI SDK] WebSocket closed, reconnecting (1/3)...
[22:00:23.148] [Global WebSocket] Suppressed error to prevent crash: Unexpected server response: 404
[22:00:23.148] [PAI SDK] WebSocket closed, reconnecting (1/3)...
[22:00:33.333] [Global WebSocket] Suppressed error to prevent crash: Unexpected server response: 404
[22:00:33.333] [PAI SDK] WebSocket closed, reconnecting (1/3)...
[22:00:43.643] [Global WebSocket] Suppressed error to prevent crash: Unexpected server response: 404
[22:00:43.643] [PAI SDK] WebSocket closed, reconnecting (1/3)...
[22:00:53.840] [Global WebSocket] Suppressed error to prevent crash: Unexpected server response: 404
[22:00:53.841] [PAI SDK] WebSocket closed, reconnecting (1/3)...
[22:01:04.021] [Global WebSocket] Suppressed error to prevent crash: Unexpected server response: 404
[22:01:04.021] [PAI SDK] WebSocket closed, reconnecting (1/3)...
[22:01:14.205] [Global WebSocket] Suppressed error to prevent crash: Unexpected server response: 404
[22:01:14.205] [PAI SDK] WebSocket closed, reconnecting (1/3)...
[22:01:24.421] [Global WebSocket] Suppressed error to prevent crash: Unexpected server response: 404
[22:01:24.421] [PAI SDK] WebSocket closed, reconnecting (1/3)...
[22:01:34.608] [Global WebSocket] Suppressed error to prevent crash: Unexpected server response: 404
[22:01:34.609] [PAI SDK] WebSocket closed, reconnecting (1/3)...
[22:01:44.945] [Global WebSocket] Suppressed error to prevent crash: Unexpected server response: 404
[22:01:44.945] [PAI SDK] WebSocket closed, reconnecting (1/3)...
[22:01:55.135] [Global WebSocket] Suppressed error to prevent crash: Unexpected server response: 404
[22:01:55.136] [PAI SDK] WebSocket closed, reconnecting (1/3)...
[22:02:05.337] [Global WebSocket] Suppressed error to prevent crash: Unexpected server response: 404
[22:02:05.338] [PAI SDK] WebSocket closed, reconnecting (1/3)...
[22:02:15.533] [Global WebSocket] Suppressed error to prevent crash: Unexpected server response: 404
[22:02:15.533] [PAI SDK] WebSocket closed, reconnecting (1/3)...
[22:02:25.849] [Global WebSocket] Suppressed error to prevent crash: Unexpected server response: 404
[22:02:25.849] [PAI SDK] WebSocket closed, reconnecting (1/3)...
[22:02:36.030] [Global WebSocket] Suppressed error to prevent crash: Unexpected server response: 404
[22:02:36.031] [PAI SDK] WebSocket closed, reconnecting (1/3)...
[22:02:46.261] [Global WebSocket] Suppressed error to prevent crash: Unexpected server response: 404
[22:02:46.261] [PAI SDK] WebSocket closed, reconnecting (1/3)...
[22:02:56.453] [Global WebSocket] Suppressed error to prevent crash: Unexpected server response: 404
[22:02:56.453] [PAI SDK] WebSocket closed, reconnecting (1/3)...
[22:03:06.644] [Global WebSocket] Suppressed error to prevent crash: Unexpected server response: 404
[22:03:06.644] [PAI SDK] WebSocket closed, reconnecting (1/3)...
[22:03:16.830] [Global WebSocket] Suppressed error to prevent crash: Unexpected server response: 404
[22:03:16.830] [PAI SDK] WebSocket closed, reconnecting (1/3)...
[22:03:27.032] [Global WebSocket] Suppressed error to prevent crash: Unexpected server response: 404
[22:03:27.032] [PAI SDK] WebSocket closed, reconnecting (1/3)...
[22:03:37.216] [Global WebSocket] Suppressed error to prevent crash: Unexpected server response: 404
[22:03:37.216] [PAI SDK] WebSocket closed, reconnecting (1/3)...
[22:03:47.415] [Global WebSocket] Suppressed error to prevent crash: Unexpected server response: 404
[22:03:47.416] [PAI SDK] WebSocket closed, reconnecting (1/3)...
[22:03:57.609] [Global WebSocket] Suppressed error to prevent crash: Unexpected server response: 404
[22:03:57.610] [PAI SDK] WebSocket closed, reconnecting (1/3)...
[22:04:07.787] [Global WebSocket] Suppressed error to prevent crash: Unexpected server response: 404
[22:04:07.788] [PAI SDK] WebSocket closed, reconnecting (1/3)...
[22:04:17.965] [Global WebSocket] Suppressed error to prevent crash: Unexpected server response: 404
[22:04:17.966] [PAI SDK] WebSocket closed, reconnecting (1/3)...
[22:04:28.157] [Global WebSocket] Suppressed error to prevent crash: Unexpected server response: 404
[22:04:28.158] [PAI SDK] WebSocket closed, reconnecting (1/3)...
[22:04:38.348] [Global WebSocket] Suppressed error to prevent crash: Unexpected server response: 404
[22:04:38.348] [PAI SDK] WebSocket closed, reconnecting (1/3)...
[22:04:48.532] [Global WebSocket] Suppressed error to prevent crash: Unexpected server response: 404
[22:04:48.532] [PAI SDK] WebSocket closed, reconnecting (1/3)...
[22:04:58.707] [Global WebSocket] Suppressed error to prevent crash: Unexpected server response: 404
[22:04:58.707] [PAI SDK] WebSocket closed, reconnecting (1/3)...
[22:05:08.901] [Global WebSocket] Suppressed error to prevent crash: Unexpected server response: 404
[22:05:08.901] [PAI SDK] WebSocket closed, reconnecting (1/3)...
[22:05:19.208] [Global WebSocket] Suppressed error to prevent crash: Unexpected server response: 404
[22:05:19.208] [PAI SDK] WebSocket closed, reconnecting (1/3)...
[22:05:29.396] [Global WebSocket] Suppressed error to prevent crash: Unexpected server response: 404
[22:05:29.397] [PAI SDK] WebSocket closed, reconnecting (1/3)...
[22:05:39.583] [Global WebSocket] Suppressed error to prevent crash: Unexpected server response: 404
[22:05:39.583] [PAI SDK] WebSocket closed, reconnecting (1/3)...
[22:05:49.774] [Global WebSocket] Suppressed error to prevent crash: Unexpected server response: 404
[22:05:49.774] [PAI SDK] WebSocket closed, reconnecting (1/3)...
[22:05:59.970] [Global WebSocket] Suppressed error to prevent crash: Unexpected server response: 404
[22:05:59.971] [PAI SDK] WebSocket closed, reconnecting (1/3)...
[22:06:10.181] [Global WebSocket] Suppressed error to prevent crash: Unexpected server response: 404
[22:06:10.181] [PAI SDK] WebSocket closed, reconnecting (1/3)...
[22:06:20.365] [Global WebSocket] Suppressed error to prevent crash: Unexpected server response: 404
[22:06:20.365] [PAI SDK] WebSocket closed, reconnecting (1/3)...
[22:06:30.550] [Global WebSocket] Suppressed error to prevent crash: Unexpected server response: 404
[22:06:30.551] [PAI SDK] WebSocket closed, reconnecting (1/3)...
[22:06:40.739] [Global WebSocket] Suppressed error to prevent crash: Unexpected server response: 404
[22:06:40.740] [PAI SDK] WebSocket closed, reconnecting (1/3)...
[22:06:50.923] [Global WebSocket] Suppressed error to prevent crash: Unexpected server response: 404
[22:06:50.923] [PAI SDK] WebSocket closed, reconnecting (1/3)...
[22:07:01.115] [Global WebSocket] Suppressed error to prevent crash: Unexpected server response: 404
[22:07:01.115] [PAI SDK] WebSocket closed, reconnecting (1/3)...
[22:07:11.302] [Global WebSocket] Suppressed error to prevent crash: Unexpected server response: 404
[22:07:11.302] [PAI SDK] WebSocket closed, reconnecting (1/3)...
[22:07:21.530] [Global WebSocket] Suppressed error to prevent crash: Unexpected server response: 404
[22:07:21.531] [PAI SDK] WebSocket closed, reconnecting (1/3)...
[22:07:31.720] [Global WebSocket] Suppressed error to prevent crash: Unexpected server response: 404
[22:07:31.721] [PAI SDK] WebSocket closed, reconnecting (1/3)...
[22:07:41.902] [Global WebSocket] Suppressed error to prevent crash: Unexpected server response: 404
[22:07:41.903] [PAI SDK] WebSocket closed, reconnecting (1/3)...
[22:07:52.095] [Global WebSocket] Suppressed error to prevent crash: Unexpected server response: 404
[22:07:52.095] [PAI SDK] WebSocket closed, reconnecting (1/3)...
[22:08:02.280] [Global WebSocket] Suppressed error to prevent crash: Unexpected server response: 404
[22:08:02.281] [PAI SDK] WebSocket closed, reconnecting (1/3)...
[22:08:12.493] [Global WebSocket] Suppressed error to prevent crash: Unexpected server response: 404
[22:08:12.494] [PAI SDK] WebSocket closed, reconnecting (1/3)...
[22:08:22.683] [Global WebSocket] Suppressed error to prevent crash: Unexpected server response: 404
[22:08:22.684] [PAI SDK] WebSocket closed, reconnecting (1/3)...
[22:08:32.879] [Global WebSocket] Suppressed error to prevent crash: Unexpected server response: 404
[22:08:32.880] [PAI SDK] WebSocket closed, reconnecting (1/3)...
[22:08:43.210] [Global WebSocket] Suppressed error to prevent crash: Unexpected server response: 404
[22:08:43.210] [PAI SDK] WebSocket closed, reconnecting (1/3)...
[22:08:53.387] [Global WebSocket] Suppressed error to prevent crash: Unexpected server response: 404
[22:08:53.387] [PAI SDK] WebSocket closed, reconnecting (1/3)...
[22:09:03.583] [Global WebSocket] Suppressed error to prevent crash: Unexpected server response: 404
[22:09:03.583] [PAI SDK] WebSocket closed, reconnecting (1/3)...
[22:09:13.815] [Global WebSocket] Suppressed error to prevent crash: Unexpected server response: 404
[22:09:13.815] [PAI SDK] WebSocket closed, reconnecting (1/3)...
[22:09:24.077] [Global WebSocket] Suppressed error to prevent crash: Unexpected server response: 404
[22:09:24.077] [PAI SDK] WebSocket closed, reconnecting (1/3)...
[22:09:34.266] [Global WebSocket] Suppressed error to prevent crash: Unexpected server response: 404
[22:09:34.266] [PAI SDK] WebSocket closed, reconnecting (1/3)...
[22:09:44.457] [Global WebSocket] Suppressed error to prevent crash: Unexpected server response: 404
[22:09:44.457] [PAI SDK] WebSocket closed, reconnecting (1/3)...
[22:09:54.637] [Global WebSocket] Suppressed error to prevent crash: Unexpected server response: 404
[22:09:54.638] [PAI SDK] WebSocket closed, reconnecting (1/3)...
[22:10:04.846] [Global WebSocket] Suppressed error to prevent crash: Unexpected server response: 404
[22:10:04.847] [PAI SDK] WebSocket closed, reconnecting (1/3)...
[22:10:15.039] [Global WebSocket] Suppressed error to prevent crash: Unexpected server response: 404
[22:10:15.039] [PAI SDK] WebSocket closed, reconnecting (1/3)...
[22:10:25.219] [Global WebSocket] Suppressed error to prevent crash: Unexpected server response: 404
[22:10:25.220] [PAI SDK] WebSocket closed, reconnecting (1/3)...
[22:10:35.408] [Global WebSocket] Suppressed error to prevent crash: Unexpected server response: 404
[22:10:35.408] [PAI SDK] WebSocket closed, reconnecting (1/3)...
[22:10:45.602] [Global WebSocket] Suppressed error to prevent crash: Unexpected server response: 404
[22:10:45.602] [PAI SDK] WebSocket closed, reconnecting (1/3)...
[22:10:55.806] [Global WebSocket] Suppressed error to prevent crash: Unexpected server response: 404
[22:10:55.806] [PAI SDK] WebSocket closed, reconnecting (1/3)...
[22:11:06.009] [Global WebSocket] Suppressed error to prevent crash: Unexpected server response: 404
[22:11:06.010] [PAI SDK] WebSocket closed, reconnecting (1/3)...
[22:11:16.197] [Global WebSocket] Suppressed error to prevent crash: Unexpected server response: 404
[22:11:16.197] [PAI SDK] WebSocket closed, reconnecting (1/3)...
[22:11:26.379] [Global WebSocket] Suppressed error to prevent crash: Unexpected server response: 404
[22:11:26.380] [PAI SDK] WebSocket closed, reconnecting (1/3)...
[22:11:36.579] [Global WebSocket] Suppressed error to prevent crash: Unexpected server response: 404
[22:11:36.579] [PAI SDK] WebSocket closed, reconnecting (1/3)...
[22:11:46.829] [Global WebSocket] Suppressed error to prevent crash: Unexpected server response: 404
[22:11:46.830] [PAI SDK] WebSocket closed, reconnecting (1/3)...
[22:11:57.027] [Global WebSocket] Suppressed error to prevent crash: Unexpected server response: 404
[22:11:57.028] [PAI SDK] WebSocket closed, reconnecting (1/3)...
[22:12:07.374] [Global WebSocket] Suppressed error to prevent crash: Unexpected server response: 404
[22:12:07.374] [PAI SDK] WebSocket closed, reconnecting (1/3)...
[22:12:17.563] [Global WebSocket] Suppressed error to prevent crash: Unexpected server response: 404
[22:12:17.563] [PAI SDK] WebSocket closed, reconnecting (1/3)...
[22:12:27.881] [Global WebSocket] Suppressed error to prevent crash: Unexpected server response: 404
[22:12:27.882] [PAI SDK] WebSocket closed, reconnecting (1/3)...
[22:12:38.069] [Global WebSocket] Suppressed error to prevent crash: Unexpected server response: 404
[22:12:38.070] [PAI SDK] WebSocket closed, reconnecting (1/3)...
[22:12:48.390] [Global WebSocket] Suppressed error to prevent crash: Unexpected server response: 404
[22:12:48.390] [PAI SDK] WebSocket closed, reconnecting (1/3)...
[22:12:58.572] [Global WebSocket] Suppressed error to prevent crash: Unexpected server response: 404
[22:12:58.573] [PAI SDK] WebSocket closed, reconnecting (1/3)...
[22:13:08.831] [Global WebSocket] Suppressed error to prevent crash: Unexpected server response: 404
[22:13:08.831] [PAI SDK] WebSocket closed, reconnecting (1/3)...
[22:13:19.023] [Global WebSocket] Suppressed error to prevent crash: Unexpected server response: 404
[22:13:19.024] [PAI SDK] WebSocket closed, reconnecting (1/3)...
[22:13:29.338] [Global WebSocket] Suppressed error to prevent crash: Unexpected server response: 404
[22:13:29.339] [PAI SDK] WebSocket closed, reconnecting (1/3)...
[22:13:39.533] [Global WebSocket] Suppressed error to prevent crash: Unexpected server response: 404
[22:13:39.533] [PAI SDK] WebSocket closed, reconnecting (1/3)...
[22:13:49.791] [Global WebSocket] Suppressed error to prevent crash: Unexpected server response: 404
[22:13:49.791] [PAI SDK] WebSocket closed, reconnecting (1/3)...
[22:13:59.976] [Global WebSocket] Suppressed error to prevent crash: Unexpected server response: 404
[22:13:59.976] [PAI SDK] WebSocket closed, reconnecting (1/3)...
[22:14:10.224] [Global WebSocket] Suppressed error to prevent crash: Unexpected server response: 404
[22:14:10.225] [PAI SDK] WebSocket closed, reconnecting (1/3)...
[22:14:20.418] [Global WebSocket] Suppressed error to prevent crash: Unexpected server response: 404
[22:14:20.418] [PAI SDK] WebSocket closed, reconnecting (1/3)...
[22:14:30.607] [Global WebSocket] Suppressed error to prevent crash: Unexpected server response: 404
[22:14:30.607] [PAI SDK] WebSocket closed, reconnecting (1/3)...
[22:14:40.796] [Global WebSocket] Suppressed error to prevent crash: Unexpected server response: 404
[22:14:40.797] [PAI SDK] WebSocket closed, reconnecting (1/3)...
[22:14:50.993] [Global WebSocket] Suppressed error to prevent crash: Unexpected server response: 404
[22:14:50.993] [PAI SDK] WebSocket closed, reconnecting (1/3)...
[22:15:01.193] [Global WebSocket] Suppressed error to prevent crash: Unexpected server response: 404
[22:15:01.193] [PAI SDK] WebSocket closed, reconnecting (1/3)...
[22:15:11.385] [Global WebSocket] Suppressed error to prevent crash: Unexpected server response: 404
[22:15:11.386] [PAI SDK] WebSocket closed, reconnecting (1/3)...
[22:15:21.574] [Global WebSocket] Suppressed error to prevent crash: Unexpected server response: 404
[22:15:21.574] [PAI SDK] WebSocket closed, reconnecting (1/3)...
[22:15:31.759] [Global WebSocket] Suppressed error to prevent crash: Unexpected server response: 404
[22:15:31.759] [PAI SDK] WebSocket closed, reconnecting (1/3)...
[22:15:41.946] [Global WebSocket] Suppressed error to prevent crash: Unexpected server response: 404
[22:15:41.946] [PAI SDK] WebSocket closed, reconnecting (1/3)...
[22:15:52.157] [Global WebSocket] Suppressed error to prevent crash: Unexpected server response: 404
[22:15:52.157] [PAI SDK] WebSocket closed, reconnecting (1/3)...
[22:16:02.367] [Global WebSocket] Suppressed error to prevent crash: Unexpected server response: 404
[22:16:02.368] [PAI SDK] WebSocket closed, reconnecting (1/3)...
[22:16:12.564] [Global WebSocket] Suppressed error to prevent crash: Unexpected server response: 404
[22:16:12.565] [PAI SDK] WebSocket closed, reconnecting (1/3)...
[22:16:22.840] [Global WebSocket] Suppressed error to prevent crash: Unexpected server response: 404
[22:16:22.840] [PAI SDK] WebSocket closed, reconnecting (1/3)...
[22:16:33.049] [Global WebSocket] Suppressed error to prevent crash: Unexpected server response: 404
[22:16:33.050] [PAI SDK] WebSocket closed, reconnecting (1/3)...
[22:16:43.354] [Global WebSocket] Suppressed error to prevent crash: Unexpected server response: 404
[22:16:43.355] [PAI SDK] WebSocket closed, reconnecting (1/3)...
[22:16:53.549] [Global WebSocket] Suppressed error to prevent crash: Unexpected server response: 404
[22:16:53.549] [PAI SDK] WebSocket closed, reconnecting (1/3)...
[22:17:03.885] [Global WebSocket] Suppressed error to prevent crash: Unexpected server response: 404
[22:17:03.885] [PAI SDK] WebSocket closed, reconnecting (1/3)...
[22:17:14.068] [Global WebSocket] Suppressed error to prevent crash: Unexpected server response: 404
[22:17:14.068] [PAI SDK] WebSocket closed, reconnecting (1/3)...
[22:17:24.373] [Global WebSocket] Suppressed error to prevent crash: Unexpected server response: 404
[22:17:24.373] [PAI SDK] WebSocket closed, reconnecting (1/3)...
[22:17:34.577] [Global WebSocket] Suppressed error to prevent crash: Unexpected server response: 404
[22:17:34.578] [PAI SDK] WebSocket closed, reconnecting (1/3)...
[22:17:44.869] [Global WebSocket] Suppressed error to prevent crash: Unexpected server response: 404
[22:17:44.869] [PAI SDK] WebSocket closed, reconnecting (1/3)...
[22:17:55.079] [Global WebSocket] Suppressed error to prevent crash: Unexpected server response: 404
[22:17:55.080] [PAI SDK] WebSocket closed, reconnecting (1/3)...
[22:18:05.397] [Global WebSocket] Suppressed error to prevent crash: Unexpected server response: 404
[22:18:05.397] [PAI SDK] WebSocket closed, reconnecting (1/3)...
[22:18:15.580] [Global WebSocket] Suppressed error to prevent crash: Unexpected server response: 404
[22:18:15.580] [PAI SDK] WebSocket closed, reconnecting (1/3)...
[22:18:25.884] [Global WebSocket] Suppressed error to prevent crash: Unexpected server response: 404
[22:18:25.884] [PAI SDK] WebSocket closed, reconnecting (1/3)...
[22:18:36.092] [Global WebSocket] Suppressed error to prevent crash: Unexpected server response: 404
[22:18:36.092] [PAI SDK] WebSocket closed, reconnecting (1/3)...
[22:18:46.337] [Global WebSocket] Suppressed error to prevent crash: Unexpected server response: 404
[22:18:46.338] [PAI SDK] WebSocket closed, reconnecting (1/3)...
[22:18:56.532] [Global WebSocket] Suppressed error to prevent crash: Unexpected server response: 404
[22:18:56.532] [PAI SDK] WebSocket closed, reconnecting (1/3)...
[22:19:06.733] [Global WebSocket] Suppressed error to prevent crash: Unexpected server response: 404
[22:19:06.734] [PAI SDK] WebSocket closed, reconnecting (1/3)...
[22:19:16.931] [Global WebSocket] Suppressed error to prevent crash: Unexpected server response: 404
[22:19:16.931] [PAI SDK] WebSocket closed, reconnecting (1/3)...
[22:19:27.127] [Global WebSocket] Suppressed error to prevent crash: Unexpected server response: 404
[22:19:27.127] [PAI SDK] WebSocket closed, reconnecting (1/3)...
[22:19:37.318] [Global WebSocket] Suppressed error to prevent crash: Unexpected server response: 404
[22:19:37.319] [PAI SDK] WebSocket closed, reconnecting (1/3)...
[22:19:47.519] [Global WebSocket] Suppressed error to prevent crash: Unexpected server response: 404
[22:19:47.519] [PAI SDK] WebSocket closed, reconnecting (1/3)...
[22:19:57.714] [Global WebSocket] Suppressed error to prevent crash: Unexpected server response: 404
[22:19:57.714] [PAI SDK] WebSocket closed, reconnecting (1/3)...
[22:20:07.916] [Global WebSocket] Suppressed error to prevent crash: Unexpected server response: 404
[22:20:07.917] [PAI SDK] WebSocket closed, reconnecting (1/3)...
[22:20:18.120] [Global WebSocket] Suppressed error to prevent crash: Unexpected server response: 404
[22:20:18.120] [PAI SDK] WebSocket closed, reconnecting (1/3)...
[22:20:28.332] [Global WebSocket] Suppressed error to prevent crash: Unexpected server response: 404
[22:20:28.333] [PAI SDK] WebSocket closed, reconnecting (1/3)...
[22:20:38.520] [Global WebSocket] Suppressed error to prevent crash: Unexpected server response: 404
[22:20:38.521] [PAI SDK] WebSocket closed, reconnecting (1/3)...
[22:20:48.744] [Global WebSocket] Suppressed error to prevent crash: Unexpected server response: 404
[22:20:48.744] [PAI SDK] WebSocket closed, reconnecting (1/3)...
[22:20:59.037] [Global WebSocket] Suppressed error to prevent crash: Unexpected server response: 404
[22:20:59.038] [PAI SDK] WebSocket closed, reconnecting (1/3)...
[22:21:09.232] [Global WebSocket] Suppressed error to prevent crash: Unexpected server response: 404
[22:21:09.233] [PAI SDK] WebSocket closed, reconnecting (1/3)...
[22:21:19.587] [Global WebSocket] Suppressed error to prevent crash: Unexpected server response: 404
[22:21:19.587] [PAI SDK] WebSocket closed, reconnecting (1/3)...
[22:21:29.775] [Global WebSocket] Suppressed error to prevent crash: Unexpected server response: 404
[22:21:29.775] [PAI SDK] WebSocket closed, reconnecting (1/3)...
[22:21:40.124] [Global WebSocket] Suppressed error to prevent crash: Unexpected server response: 404
[22:21:40.125] [PAI SDK] WebSocket closed, reconnecting (1/3)...
[22:21:50.314] [Global WebSocket] Suppressed error to prevent crash: Unexpected server response: 404
[22:21:50.315] [PAI SDK] WebSocket closed, reconnecting (1/3)...
[22:22:00.581] [Global WebSocket] Suppressed error to prevent crash: Unexpected server response: 404
[22:22:00.582] [PAI SDK] WebSocket closed, reconnecting (1/3)...
[22:22:10.787] [Global WebSocket] Suppressed error to prevent crash: Unexpected server response: 404
[22:22:10.788] [PAI SDK] WebSocket closed, reconnecting (1/3)...
[22:22:21.052] [Global WebSocket] Suppressed error to prevent crash: Unexpected server response: 404
[22:22:21.052] [PAI SDK] WebSocket closed, reconnecting (1/3)...
[22:22:31.237] [Global WebSocket] Suppressed error to prevent crash: Unexpected server response: 404
[22:22:31.237] [PAI SDK] WebSocket closed, reconnecting (1/3)...
[22:22:41.534] [Global WebSocket] Suppressed error to prevent crash: Unexpected server response: 404
[22:22:41.535] [PAI SDK] WebSocket closed, reconnecting (1/3)...
[22:22:51.737] [Global WebSocket] Suppressed error to prevent crash: Unexpected server response: 404
[22:22:51.737] [PAI SDK] WebSocket closed, reconnecting (1/3)...
[22:23:02.012] [Global WebSocket] Suppressed error to prevent crash: Unexpected server response: 404
[22:23:02.012] [PAI SDK] WebSocket closed, reconnecting (1/3)...
[22:23:12.205] [Global WebSocket] Suppressed error to prevent crash: Unexpected server response: 404
[22:23:12.206] [PAI SDK] WebSocket closed, reconnecting (1/3)...
[22:23:22.539] [Global WebSocket] Suppressed error to prevent crash: Unexpected server response: 404
[22:23:22.540] [PAI SDK] WebSocket closed, reconnecting (1/3)...
[22:23:32.740] [Global WebSocket] Suppressed error to prevent crash: Unexpected server response: 404
[22:23:32.740] [PAI SDK] WebSocket closed, reconnecting (1/3)...
[22:23:43.061] [Global WebSocket] Suppressed error to prevent crash: Unexpected server response: 404
[22:23:43.061] [PAI SDK] WebSocket closed, reconnecting (1/3)...
[22:23:53.264] [Global WebSocket] Suppressed error to prevent crash: Unexpected server response: 404
[22:23:53.264] [PAI SDK] WebSocket closed, reconnecting (1/3)...
[22:24:03.554] [Global WebSocket] Suppressed error to prevent crash: Unexpected server response: 404
[22:24:03.555] [PAI SDK] WebSocket closed, reconnecting (1/3)...
[22:24:13.744] [Global WebSocket] Suppressed error to prevent crash: Unexpected server response: 404
[22:24:13.744] [PAI SDK] WebSocket closed, reconnecting (1/3)...
[22:24:24.095] [Global WebSocket] Suppressed error to prevent crash: Unexpected server response: 404
[22:24:24.096] [PAI SDK] WebSocket closed, reconnecting (1/3)...
[22:24:34.282] [Global WebSocket] Suppressed error to prevent crash: Unexpected server response: 404
[22:24:34.282] [PAI SDK] WebSocket closed, reconnecting (1/3)...
[22:24:44.579] [Global WebSocket] Suppressed error to prevent crash: Unexpected server response: 404
[22:24:44.580] [PAI SDK] WebSocket closed, reconnecting (1/3)...
[22:24:54.783] [Global WebSocket] Suppressed error to prevent crash: Unexpected server response: 404
[22:24:54.783] [PAI SDK] WebSocket closed, reconnecting (1/3)...
[22:25:05.094] [Global WebSocket] Suppressed error to prevent crash: Unexpected server response: 404
[22:25:05.094] [PAI SDK] WebSocket closed, reconnecting (1/3)...
[22:25:15.287] [Global WebSocket] Suppressed error to prevent crash: Unexpected server response: 404
[22:25:15.288] [PAI SDK] WebSocket closed, reconnecting (1/3)...
[22:25:25.483] [Global WebSocket] Suppressed error to prevent crash: Unexpected server response: 404
[22:25:25.483] [PAI SDK] WebSocket closed, reconnecting (1/3)...
[22:25:35.683] [Global WebSocket] Suppressed error to prevent crash: Unexpected server response: 404
[22:25:35.683] [PAI SDK] WebSocket closed, reconnecting (1/3)...
[22:25:45.877] [Global WebSocket] Suppressed error to prevent crash: Unexpected server response: 404
[22:25:45.878] [PAI SDK] WebSocket closed, reconnecting (1/3)...
[22:25:56.068] [Global WebSocket] Suppressed error to prevent crash: Unexpected server response: 404
[22:25:56.069] [PAI SDK] WebSocket closed, reconnecting (1/3)...
[22:26:06.272] [Global WebSocket] Suppressed error to prevent crash: Unexpected server response: 404
[22:26:06.272] [PAI SDK] WebSocket closed, reconnecting (1/3)...
[22:26:16.480] [Global WebSocket] Suppressed error to prevent crash: Unexpected server response: 404
[22:26:16.481] [PAI SDK] WebSocket closed, reconnecting (1/3)...
[22:26:26.677] [Global WebSocket] Suppressed error to prevent crash: Unexpected server response: 404
[22:26:26.677] [PAI SDK] WebSocket closed, reconnecting (1/3)...
[22:26:36.870] [Global WebSocket] Suppressed error to prevent crash: Unexpected server response: 404
[22:26:36.870] [PAI SDK] WebSocket closed, reconnecting (1/3)...
[22:26:47.056] [Global WebSocket] Suppressed error to prevent crash: Unexpected server response: 404
[22:26:47.056] [PAI SDK] WebSocket closed, reconnecting (1/3)...
[22:26:57.247] [Global WebSocket] Suppressed error to prevent crash: Unexpected server response: 404
[22:26:57.247] [PAI SDK] WebSocket closed, reconnecting (1/3)...
[22:27:07.436] [Global WebSocket] Suppressed error to prevent crash: Unexpected server response: 404
[22:27:07.436] [PAI SDK] WebSocket closed, reconnecting (1/3)...
[22:27:17.728] [Global WebSocket] Suppressed error to prevent crash: Unexpected server response: 404
[22:27:17.728] [PAI SDK] WebSocket closed, reconnecting (1/3)...
[22:27:27.919] [Global WebSocket] Suppressed error to prevent crash: Unexpected server response: 404
[22:27:27.920] [PAI SDK] WebSocket closed, reconnecting (1/3)...
[22:27:38.185] [Global WebSocket] Suppressed error to prevent crash: Unexpected server response: 404
[22:27:38.185] [PAI SDK] WebSocket closed, reconnecting (1/3)...
[22:27:48.361] [Global WebSocket] Suppressed error to prevent crash: Unexpected server response: 404
[22:27:48.361] [PAI SDK] WebSocket closed, reconnecting (1/3)...
[22:27:58.640] [Global WebSocket] Suppressed error to prevent crash: Unexpected server response: 404
[22:27:58.641] [PAI SDK] WebSocket closed, reconnecting (1/3)...
[22:28:08.834] [Global WebSocket] Suppressed error to prevent crash: Unexpected server response: 404
[22:28:08.834] [PAI SDK] WebSocket closed, reconnecting (1/3)...
[22:28:19.146] [Global WebSocket] Suppressed error to prevent crash: Unexpected server response: 404
[22:28:19.146] [PAI SDK] WebSocket closed, reconnecting (1/3)...
[22:28:29.357] [Global WebSocket] Suppressed error to prevent crash: Unexpected server response: 404
[22:28:29.357] [PAI SDK] WebSocket closed, reconnecting (1/3)...
[22:28:39.718] [Global WebSocket] Suppressed error to prevent crash: Unexpected server response: 404
[22:28:39.718] [PAI SDK] WebSocket closed, reconnecting (1/3)...
[22:28:49.921] [Global WebSocket] Suppressed error to prevent crash: Unexpected server response: 404
[22:28:49.921] [PAI SDK] WebSocket closed, reconnecting (1/3)...
[22:29:00.334] [Global WebSocket] Suppressed error to prevent crash: Unexpected server response: 404
[22:29:00.334] [PAI SDK] WebSocket closed, reconnecting (1/3)...
[22:29:10.520] [Global WebSocket] Suppressed error to prevent crash: Unexpected server response: 404
[22:29:10.521] [PAI SDK] WebSocket closed, reconnecting (1/3)...
[22:29:20.843] [Global WebSocket] Suppressed error to prevent crash: Unexpected server response: 404
[22:29:20.843] [PAI SDK] WebSocket closed, reconnecting (1/3)...
[22:29:31.034] [Global WebSocket] Suppressed error to prevent crash: Unexpected server response: 404
[22:29:31.035] [PAI SDK] WebSocket closed, reconnecting (1/3)...
[22:29:41.283] [Global WebSocket] Suppressed error to prevent crash: Unexpected server response: 404
[22:29:41.283] [PAI SDK] WebSocket closed, reconnecting (1/3)...
[22:29:51.473] [Global WebSocket] Suppressed error to prevent crash: Unexpected server response: 404
[22:29:51.473] [PAI SDK] WebSocket closed, reconnecting (1/3)...
[22:30:01.666] [Global WebSocket] Suppressed error to prevent crash: Unexpected server response: 404
[22:30:01.666] [PAI SDK] WebSocket closed, reconnecting (1/3)...
[22:30:11.852] [Global WebSocket] Suppressed error to prevent crash: Unexpected server response: 404
[22:30:11.852] [PAI SDK] WebSocket closed, reconnecting (1/3)...
[22:30:22.030] [Global WebSocket] Suppressed error to prevent crash: Unexpected server response: 404
[22:30:22.030] [PAI SDK] WebSocket closed, reconnecting (1/3)...
[22:30:32.216] [Global WebSocket] Suppressed error to prevent crash: Unexpected server response: 404
[22:30:32.216] [PAI SDK] WebSocket closed, reconnecting (1/3)...
[22:30:42.403] [Global WebSocket] Suppressed error to prevent crash: Unexpected server response: 404
[22:30:42.404] [PAI SDK] WebSocket closed, reconnecting (1/3)...
[22:30:52.600] [Global WebSocket] Suppressed error to prevent crash: Unexpected server response: 404
[22:30:52.601] [PAI SDK] WebSocket closed, reconnecting (1/3)...
[22:31:02.783] [Global WebSocket] Suppressed error to prevent crash: Unexpected server response: 404
[22:31:02.783] [PAI SDK] WebSocket closed, reconnecting (1/3)...
[22:31:12.984] [Global WebSocket] Suppressed error to prevent crash: Unexpected server response: 404
[22:31:12.984] [PAI SDK] WebSocket closed, reconnecting (1/3)...
[22:31:23.174] [Global WebSocket] Suppressed error to prevent crash: Unexpected server response: 404
[22:31:23.174] [PAI SDK] WebSocket closed, reconnecting (1/3)...
[22:31:33.357] [Global WebSocket] Suppressed error to prevent crash: Unexpected server response: 404
[22:31:33.357] [PAI SDK] WebSocket closed, reconnecting (1/3)...
[22:31:43.541] [Global WebSocket] Suppressed error to prevent crash: Unexpected server response: 404
[22:31:43.542] [PAI SDK] WebSocket closed, reconnecting (1/3)...
[22:31:53.790] [Global WebSocket] Suppressed error to prevent crash: Unexpected server response: 404
[22:31:53.790] [PAI SDK] WebSocket closed, reconnecting (1/3)...
[22:32:03.979] [Global WebSocket] Suppressed error to prevent crash: Unexpected server response: 404
[22:32:03.979] [PAI SDK] WebSocket closed, reconnecting (1/3)...
[22:32:14.306] [Global WebSocket] Suppressed error to prevent crash: Unexpected server response: 404
[22:32:14.306] [PAI SDK] WebSocket closed, reconnecting (1/3)...
[22:32:24.494] [Global WebSocket] Suppressed error to prevent crash: Unexpected server response: 404
[22:32:24.495] [PAI SDK] WebSocket closed, reconnecting (1/3)...
[22:32:34.800] [Global WebSocket] Suppressed error to prevent crash: Unexpected server response: 404
[22:32:34.800] [PAI SDK] WebSocket closed, reconnecting (1/3)...
[22:32:44.995] [Global WebSocket] Suppressed error to prevent crash: Unexpected server response: 404
[22:32:44.995] [PAI SDK] WebSocket closed, reconnecting (1/3)...
[22:32:55.299] [Global WebSocket] Suppressed error to prevent crash: Unexpected server response: 404
[22:32:55.299] [PAI SDK] WebSocket closed, reconnecting (1/3)...
[22:33:05.489] [Global WebSocket] Suppressed error to prevent crash: Unexpected server response: 404
[22:33:05.489] [PAI SDK] WebSocket closed, reconnecting (1/3)...
[22:33:15.756] [Global WebSocket] Suppressed error to prevent crash: Unexpected server response: 404
[22:33:15.757] [PAI SDK] WebSocket closed, reconnecting (1/3)...
[22:33:25.951] [Global WebSocket] Suppressed error to prevent crash: Unexpected server response: 404
[22:33:25.951] [PAI SDK] WebSocket closed, reconnecting (1/3)...
[22:33:36.202] [Global WebSocket] Suppressed error to prevent crash: Unexpected server response: 404
[22:33:36.203] [PAI SDK] WebSocket closed, reconnecting (1/3)...
[22:33:46.397] [Global WebSocket] Suppressed error to prevent crash: Unexpected server response: 404
[22:33:46.397] [PAI SDK] WebSocket closed, reconnecting (1/3)...
[22:33:56.879] [Global WebSocket] Suppressed error to prevent crash: Unexpected server response: 404
[22:33:56.880] [PAI SDK] WebSocket closed, reconnecting (1/3)...
[22:34:07.077] [Global WebSocket] Suppressed error to prevent crash: Unexpected server response: 404
[22:34:07.078] [PAI SDK] WebSocket closed, reconnecting (1/3)...
[22:34:17.370] [Global WebSocket] Suppressed error to prevent crash: Unexpected server response: 404
[22:34:17.370] [PAI SDK] WebSocket closed, reconnecting (1/3)...
[22:34:27.603] [Global WebSocket] Suppressed error to prevent crash: Unexpected server response: 404
[22:34:27.603] [PAI SDK] WebSocket closed, reconnecting (1/3)...
[22:34:37.852] [Global WebSocket] Suppressed error to prevent crash: Unexpected server response: 404
[22:34:37.853] [PAI SDK] WebSocket closed, reconnecting (1/3)...
[22:34:48.039] [Global WebSocket] Suppressed error to prevent crash: Unexpected server response: 404
[22:34:48.040] [PAI SDK] WebSocket closed, reconnecting (1/3)...
[22:34:58.223] [Global WebSocket] Suppressed error to prevent crash: Unexpected server response: 404
[22:34:58.223] [PAI SDK] WebSocket closed, reconnecting (1/3)...
[22:35:08.417] [Global WebSocket] Suppressed error to prevent crash: Unexpected server response: 404
[22:35:08.418] [PAI SDK] WebSocket closed, reconnecting (1/3)...
[22:35:18.604] [Global WebSocket] Suppressed error to prevent crash: Unexpected server response: 404
[22:35:18.604] [PAI SDK] WebSocket closed, reconnecting (1/3)...
[22:35:28.796] [Global WebSocket] Suppressed error to prevent crash: Unexpected server response: 404
[22:35:28.796] [PAI SDK] WebSocket closed, reconnecting (1/3)...
[22:35:38.989] [Global WebSocket] Suppressed error to prevent crash: Unexpected server response: 404
[22:35:38.989] [PAI SDK] WebSocket closed, reconnecting (1/3)...
[22:35:49.169] [Global WebSocket] Suppressed error to prevent crash: Unexpected server response: 404
[22:35:49.170] [PAI SDK] WebSocket closed, reconnecting (1/3)...
[22:35:59.351] [Global WebSocket] Suppressed error to prevent crash: Unexpected server response: 404
[22:35:59.351] [PAI SDK] WebSocket closed, reconnecting (1/3)...
[22:36:09.539] [Global WebSocket] Suppressed error to prevent crash: Unexpected server response: 404
[22:36:09.539] [PAI SDK] WebSocket closed, reconnecting (1/3)...
[22:36:19.725] [Global WebSocket] Suppressed error to prevent crash: Unexpected server response: 404
[22:36:19.726] [PAI SDK] WebSocket closed, reconnecting (1/3)...
[22:36:29.921] [Global WebSocket] Suppressed error to prevent crash: Unexpected server response: 404
[22:36:29.921] [PAI SDK] WebSocket closed, reconnecting (1/3)...
[22:36:40.109] [Global WebSocket] Suppressed error to prevent crash: Unexpected server response: 404
[22:36:40.109] [PAI SDK] WebSocket closed, reconnecting (1/3)...
[22:36:50.464] [Global WebSocket] Suppressed error to prevent crash: Unexpected server response: 404
[22:36:50.464] [PAI SDK] WebSocket closed, reconnecting (1/3)...
[22:37:00.656] [Global WebSocket] Suppressed error to prevent crash: Unexpected server response: 404
[22:37:00.656] [PAI SDK] WebSocket closed, reconnecting (1/3)...
[22:37:06.860] File change detected. Updating...
[22:37:06.870] readProjectFiles, Found 67 files to read.
[Preview Server] 以下文件超过 2MB 已跳过（微信小程序单分包限制为 2MB，大文件建议使用 CDN 加载）:
  .swc\plugins\v7_windows_x86_64_0.104.8\7175c2f701c258997803d93e6e53a285d375ab2d784ed9f0357fc9c4363590cb (2.7MB)
[22:37:06.891] Files read. Count: 66
[22:37:06.891] Calling pai.updateCloudDev...
[22:37:06.892] [PAI SDK] Sandbox disconnected, recreating...
[22:37:15.666] File change detected. Updating...
[22:37:15.678] readProjectFiles, Found 67 files to read.
[Preview Server] 以下文件超过 2MB 已跳过（微信小程序单分包限制为 2MB，大文件建议使用 CDN 加载）:
  .swc\plugins\v7_windows_x86_64_0.104.8\7175c2f701c258997803d93e6e53a285d375ab2d784ed9f0357fc9c4363590cb (2.7MB)
[22:37:15.731] Files read. Count: 66
[22:37:15.731] Calling pai.updateCloudDev...
[22:37:15.733] [PAI SDK] cloudServer.update called, appId: pai-preview-trae-347b2648
[22:37:15.840] [PAI SDK] cloudServer.update response: {
  "status": "preparing",
  "reload": false,
  "hash": "pai-preview-trae-347b2648"
}
[22:37:15.841] Update success (pai.updateCloudDev returned)
[22:37:30.295] File change detected. Updating...
[22:37:30.304] readProjectFiles, Found 67 files to read.
[Preview Server] 以下文件超过 2MB 已跳过（微信小程序单分包限制为 2MB，大文件建议使用 CDN 加载）:
  .swc\plugins\v7_windows_x86_64_0.104.8\7175c2f701c258997803d93e6e53a285d375ab2d784ed9f0357fc9c4363590cb (2.7MB)
[22:37:30.325] Files read. Count: 66
[22:37:30.325] Calling pai.updateCloudDev...
[22:37:30.325] [PAI SDK] cloudServer.update called, appId: pai-preview-trae-347b2648
[22:37:30.391] [PAI SDK] cloudServer.update response: {
  "status": "preparing",
  "reload": false,
  "hash": "pai-preview-trae-347b2648"
}
[22:37:30.392] Update success (pai.updateCloudDev returned)
[22:37:54.847] File change detected. Updating...
[22:37:54.856] readProjectFiles, Found 67 files to read.
[Preview Server] 以下文件超过 2MB 已跳过（微信小程序单分包限制为 2MB，大文件建议使用 CDN 加载）:
  .swc\plugins\v7_windows_x86_64_0.104.8\7175c2f701c258997803d93e6e53a285d375ab2d784ed9f0357fc9c4363590cb (2.7MB)
[22:37:54.876] Files read. Count: 66
[22:37:54.876] Calling pai.updateCloudDev...
[22:37:54.877] [PAI SDK] cloudServer.update called, appId: pai-preview-trae-347b2648
[22:37:54.953] [PAI SDK] cloudServer.update response: {
  "status": "preparing",
  "reload": false,
  "hash": "pai-preview-trae-347b2648"
}
[22:37:54.953] Update success (pai.updateCloudDev returned)
[22:38:01.008] [PAI SDK] Received event: reload {"url":"aipa://pai-preview-trae-347b2648.aipa-cloud.bytedance.net?type=pai","timestamp":1785681480971}
[22:38:01.008] [PAI SDK] CloudServer received reload event: {"url":"aipa://pai-preview-trae-347b2648.aipa-cloud.bytedance.net?type=pai","timestamp":1785681480971}
[22:38:01.008] [PAI SDK] reload, url = https://sd62opo6oqou1ckhsuo00.apigateway-cn-beijing.volceapi.com/?faasInstanceName=vefaas-f0vkicge-zwx1wbt5u0-d9nlc4o2q32a380gti30-sandbox&hash=pai-preview-trae-347b2648
[22:38:01.009] [PAI SDK] Sandbox recreated, sandboxId: vefaas-f0vkicge-zwx1wbt5u0-d9nlc4o2q32a380gti30-sandbox
[22:38:01.009] [PAI SDK] cloudServer.update called, appId: pai-preview-trae-347b2648
[22:38:01.085] [PAI SDK] Received event: log {"content":"\nℹ️  Listening at http://9.96.239.123:10086/\n\n监听文件修改中...\n\n","timestamp":1785681481049}
[22:38:01.104] [PAI SDK] Received event: reload {"url":"aipa://pai-preview-trae-347b2648.aipa-cloud.bytedance.net?type=pai","timestamp":1785681481068}
[22:38:01.104] [PAI SDK] CloudServer received reload event: {"url":"aipa://pai-preview-trae-347b2648.aipa-cloud.bytedance.net?type=pai","timestamp":1785681481068}
[22:38:01.104] [PAI SDK] reload, url = https://sd62opo6oqou1ckhsuo00.apigateway-cn-beijing.volceapi.com/?faasInstanceName=vefaas-f0vkicge-zwx1wbt5u0-d9nlc4o2q32a380gti30-sandbox&hash=pai-preview-trae-347b2648
[22:38:01.104] [PAI SDK] cloudServer.update response: {
  "status": "running",
  "reload": false,
  "hash": "pai-preview-trae-347b2648"
}
[22:38:01.105] Update success (pai.updateCloudDev returned)
[22:38:01.311] [PAI SDK] Received event: log {"content":"<i> [webpack-dev-middleware] wait until bundle finished: /\n","timestamp":1785681481275}
[22:38:01.428] File change detected. Updating...
[22:38:01.437] readProjectFiles, Found 67 files to read.
[Preview Server] 以下文件超过 2MB 已跳过（微信小程序单分包限制为 2MB，大文件建议使用 CDN 加载）:
  .swc\plugins\v7_windows_x86_64_0.104.8\7175c2f701c258997803d93e6e53a285d375ab2d784ed9f0357fc9c4363590cb (2.7MB)
[22:38:01.461] Files read. Count: 66
[22:38:01.461] Calling pai.updateCloudDev...
[22:38:01.461] [PAI SDK] cloudServer.update called, appId: pai-preview-trae-347b2648
[22:38:01.556] [PAI SDK] Received event: reload {"url":"aipa://pai-preview-trae-347b2648.aipa-cloud.bytedance.net?type=pai","timestamp":1785681481521}
[22:38:01.557] [PAI SDK] CloudServer received reload event: {"url":"aipa://pai-preview-trae-347b2648.aipa-cloud.bytedance.net?type=pai","timestamp":1785681481521}
[22:38:01.557] [PAI SDK] reload, url = https://sd62opo6oqou1ckhsuo00.apigateway-cn-beijing.volceapi.com/?faasInstanceName=vefaas-f0vkicge-zwx1wbt5u0-d9nlc4o2q32a380gti30-sandbox&hash=pai-preview-trae-347b2648
[22:38:01.557] [PAI SDK] cloudServer.update response: {
  "status": "running",
  "reload": false,
  "hash": "pai-preview-trae-347b2648"
}
[22:38:01.557] Update success (pai.updateCloudDev returned)
[22:38:01.733] [PAI SDK] Received event: log {"content":"<i> [webpack-dev-middleware] wait until bundle finished: /\n","timestamp":1785681481697}
[22:38:02.685] [PAI SDK] Received event: log {"content":"✅  编译成功 8/2/2026, 10:38:02 PM\n\n","timestamp":1785681482648}
[22:38:02.834] [PAI SDK] Received event: log {"content":"<i> [webpack-dev-middleware] wait until bundle finished: /js/runtime.9dab33c9.js?faasInstanceName=vefaas-f0vkicge-zwx1wbt5u0-d9nlc4o2q32a380gti30-sandbox&hash=pai-preview-trae-347b2648\n","timestamp":1785681482798}
[22:38:02.835] [PAI SDK] Received event: log {"content":"<i> [webpack-dev-middleware] wait until bundle finished: /js/app.9dab33c9.js?faasInstanceName=vefaas-f0vkicge-zwx1wbt5u0-d9nlc4o2q32a380gti30-sandbox&hash=pai-preview-trae-347b2648\n","timestamp":1785681482798}
[22:38:02.835] [PAI SDK] Received event: log {"content":"<i> [webpack-dev-middleware] wait until bundle finished: /js/taro.9dab33c9.js?faasInstanceName=vefaas-f0vkicge-zwx1wbt5u0-d9nlc4o2q32a380gti30-sandbox&hash=pai-preview-trae-347b2648\n","timestamp":1785681482799}
[22:38:03.909] [PAI SDK] Received event: log {"content":"✅  编译成功 8/2/2026, 10:38:03 PM\n\n","timestamp":1785681483872}
[22:38:20.619] File change detected. Updating...
[22:38:20.628] readProjectFiles, Found 67 files to read.
[Preview Server] 以下文件超过 2MB 已跳过（微信小程序单分包限制为 2MB，大文件建议使用 CDN 加载）:
  .swc\plugins\v7_windows_x86_64_0.104.8\7175c2f701c258997803d93e6e53a285d375ab2d784ed9f0357fc9c4363590cb (2.7MB)
[22:38:20.649] Files read. Count: 66
[22:38:20.650] Calling pai.updateCloudDev...
[22:38:20.650] [PAI SDK] cloudServer.update called, appId: pai-preview-trae-347b2648
[22:38:20.727] [PAI SDK] Received event: reload {"url":"aipa://pai-preview-trae-347b2648.aipa-cloud.bytedance.net?type=pai","timestamp":1785681500691}
[22:38:20.727] [PAI SDK] CloudServer received reload event: {"url":"aipa://pai-preview-trae-347b2648.aipa-cloud.bytedance.net?type=pai","timestamp":1785681500691}
[22:38:20.727] [PAI SDK] reload, url = https://sd62opo6oqou1ckhsuo00.apigateway-cn-beijing.volceapi.com/?faasInstanceName=vefaas-f0vkicge-zwx1wbt5u0-d9nlc4o2q32a380gti30-sandbox&hash=pai-preview-trae-347b2648
[22:38:20.728] [PAI SDK] cloudServer.update response: {
  "status": "running",
  "reload": false,
  "hash": "pai-preview-trae-347b2648"
}
[22:38:20.728] Update success (pai.updateCloudDev returned)
[22:38:22.077] [PAI SDK] Received event: log {"content":"✅  编译成功 8/2/2026, 10:38:22 PM\n\n","timestamp":1785681502041}
[22:38:28.164] File change detected. Updating...
[22:38:28.173] readProjectFiles, Found 67 files to read.
[Preview Server] 以下文件超过 2MB 已跳过（微信小程序单分包限制为 2MB，大文件建议使用 CDN 加载）:
  .swc\plugins\v7_windows_x86_64_0.104.8\7175c2f701c258997803d93e6e53a285d375ab2d784ed9f0357fc9c4363590cb (2.7MB)
[22:38:28.191] Files read. Count: 66
[22:38:28.192] Calling pai.updateCloudDev...
[22:38:28.192] [PAI SDK] cloudServer.update called, appId: pai-preview-trae-347b2648
[22:38:28.267] [PAI SDK] Received event: reload {"url":"aipa://pai-preview-trae-347b2648.aipa-cloud.bytedance.net?type=pai","timestamp":1785681508231}
[22:38:28.268] [PAI SDK] CloudServer received reload event: {"url":"aipa://pai-preview-trae-347b2648.aipa-cloud.bytedance.net?type=pai","timestamp":1785681508231}
[22:38:28.268] [PAI SDK] reload, url = https://sd62opo6oqou1ckhsuo00.apigateway-cn-beijing.volceapi.com/?faasInstanceName=vefaas-f0vkicge-zwx1wbt5u0-d9nlc4o2q32a380gti30-sandbox&hash=pai-preview-trae-347b2648
[22:38:28.268] [PAI SDK] cloudServer.update response: {
  "status": "running",
  "reload": false,
  "hash": "pai-preview-trae-347b2648"
}
[22:38:28.268] Update success (pai.updateCloudDev returned)
[22:38:28.334] [PAI SDK] Received event: log {"content":"<i> [webpack-dev-middleware] wait until bundle finished: /\n","timestamp":1785681508298}
[22:38:29.538] [PAI SDK] Received event: log {"content":"✅  编译成功 8/2/2026, 10:38:29 PM\n\n","timestamp":1785681509501}
[22:38:34.572] File change detected. Updating...
[22:38:34.580] readProjectFiles, Found 67 files to read.
[Preview Server] 以下文件超过 2MB 已跳过（微信小程序单分包限制为 2MB，大文件建议使用 CDN 加载）:
  .swc\plugins\v7_windows_x86_64_0.104.8\7175c2f701c258997803d93e6e53a285d375ab2d784ed9f0357fc9c4363590cb (2.7MB)
[22:38:34.602] Files read. Count: 66
[22:38:34.602] Calling pai.updateCloudDev...
[22:38:34.602] [PAI SDK] cloudServer.update called, appId: pai-preview-trae-347b2648
[22:38:34.677] [PAI SDK] Received event: reload {"url":"aipa://pai-preview-trae-347b2648.aipa-cloud.bytedance.net?type=pai","timestamp":1785681514642}
[22:38:34.677] [PAI SDK] CloudServer received reload event: {"url":"aipa://pai-preview-trae-347b2648.aipa-cloud.bytedance.net?type=pai","timestamp":1785681514642}
[22:38:34.677] [PAI SDK] reload, url = https://sd62opo6oqou1ckhsuo00.apigateway-cn-beijing.volceapi.com/?faasInstanceName=vefaas-f0vkicge-zwx1wbt5u0-d9nlc4o2q32a380gti30-sandbox&hash=pai-preview-trae-347b2648
[22:38:34.677] [PAI SDK] cloudServer.update response: {
  "status": "running",
  "reload": false,
  "hash": "pai-preview-trae-347b2648"
}
[22:38:34.678] Update success (pai.updateCloudDev returned)
[22:38:34.735] [PAI SDK] Received event: log {"content":"<i> [webpack-dev-middleware] wait until bundle finished: /\n","timestamp":1785681514699}
[22:38:36.044] [PAI SDK] Received event: log {"content":"✅  编译成功 8/2/2026, 10:38:36 PM\n\n","timestamp":1785681516008}
[22:38:48.183] File change detected. Updating...
[22:38:48.192] readProjectFiles, Found 67 files to read.
[Preview Server] 以下文件超过 2MB 已跳过（微信小程序单分包限制为 2MB，大文件建议使用 CDN 加载）:
  .swc\plugins\v7_windows_x86_64_0.104.8\7175c2f701c258997803d93e6e53a285d375ab2d784ed9f0357fc9c4363590cb (2.7MB)
[22:38:48.211] Files read. Count: 66
[22:38:48.212] Calling pai.updateCloudDev...
[22:38:48.212] [PAI SDK] cloudServer.update called, appId: pai-preview-trae-347b2648
[22:38:48.288] [PAI SDK] Received event: reload {"url":"aipa://pai-preview-trae-347b2648.aipa-cloud.bytedance.net?type=pai","timestamp":1785681528253}
[22:38:48.289] [PAI SDK] CloudServer received reload event: {"url":"aipa://pai-preview-trae-347b2648.aipa-cloud.bytedance.net?type=pai","timestamp":1785681528253}
[22:38:48.289] [PAI SDK] reload, url = https://sd62opo6oqou1ckhsuo00.apigateway-cn-beijing.volceapi.com/?faasInstanceName=vefaas-f0vkicge-zwx1wbt5u0-d9nlc4o2q32a380gti30-sandbox&hash=pai-preview-trae-347b2648
[22:38:48.289] [PAI SDK] cloudServer.update response: {
  "status": "running",
  "reload": false,
  "hash": "pai-preview-trae-347b2648"
}
[22:38:48.289] Update success (pai.updateCloudDev returned)
[22:38:48.347] [PAI SDK] Received event: log {"content":"<i> [webpack-dev-middleware] wait until bundle finished: /\n","timestamp":1785681528311}
[22:38:49.383] [PAI SDK] Received event: log {"content":"✅  编译成功 8/2/2026, 10:38:49 PM\n\n","timestamp":1785681529346}
[22:38:55.666] File change detected. Updating...
[22:38:55.674] readProjectFiles, Found 67 files to read.
[Preview Server] 以下文件超过 2MB 已跳过（微信小程序单分包限制为 2MB，大文件建议使用 CDN 加载）:
  .swc\plugins\v7_windows_x86_64_0.104.8\7175c2f701c258997803d93e6e53a285d375ab2d784ed9f0357fc9c4363590cb (2.7MB)
[22:38:55.693] Files read. Count: 66
[22:38:55.693] Calling pai.updateCloudDev...
[22:38:55.694] [PAI SDK] cloudServer.update called, appId: pai-preview-trae-347b2648
[22:38:55.771] [PAI SDK] Received event: reload {"url":"aipa://pai-preview-trae-347b2648.aipa-cloud.bytedance.net?type=pai","timestamp":1785681535734}
[22:38:55.771] [PAI SDK] CloudServer received reload event: {"url":"aipa://pai-preview-trae-347b2648.aipa-cloud.bytedance.net?type=pai","timestamp":1785681535734}
[22:38:55.771] [PAI SDK] reload, url = https://sd62opo6oqou1ckhsuo00.apigateway-cn-beijing.volceapi.com/?faasInstanceName=vefaas-f0vkicge-zwx1wbt5u0-d9nlc4o2q32a380gti30-sandbox&hash=pai-preview-trae-347b2648
[22:38:55.772] [PAI SDK] cloudServer.update response: {
  "status": "running",
  "reload": false,
  "hash": "pai-preview-trae-347b2648"
}
[22:38:55.772] Update success (pai.updateCloudDev returned)
[22:38:55.835] [PAI SDK] Received event: log {"content":"<i> [webpack-dev-middleware] wait until bundle finished: /\n","timestamp":1785681535799}
[22:38:57.022] [PAI SDK] Received event: log {"content":"✅  编译成功 8/2/2026, 10:38:56 PM\n\n","timestamp":1785681536986}
[22:39:03.735] File change detected. Updating...
[22:39:03.743] readProjectFiles, Found 67 files to read.
[Preview Server] 以下文件超过 2MB 已跳过（微信小程序单分包限制为 2MB，大文件建议使用 CDN 加载）:
  .swc\plugins\v7_windows_x86_64_0.104.8\7175c2f701c258997803d93e6e53a285d375ab2d784ed9f0357fc9c4363590cb (2.7MB)
[22:39:03.763] Files read. Count: 66
[22:39:03.764] Calling pai.updateCloudDev...
[22:39:03.764] [PAI SDK] cloudServer.update called, appId: pai-preview-trae-347b2648
[22:39:03.841] [PAI SDK] Received event: reload {"url":"aipa://pai-preview-trae-347b2648.aipa-cloud.bytedance.net?type=pai","timestamp":1785681543805}
[22:39:03.841] [PAI SDK] CloudServer received reload event: {"url":"aipa://pai-preview-trae-347b2648.aipa-cloud.bytedance.net?type=pai","timestamp":1785681543805}
[22:39:03.841] [PAI SDK] reload, url = https://sd62opo6oqou1ckhsuo00.apigateway-cn-beijing.volceapi.com/?faasInstanceName=vefaas-f0vkicge-zwx1wbt5u0-d9nlc4o2q32a380gti30-sandbox&hash=pai-preview-trae-347b2648
[22:39:03.841] [PAI SDK] cloudServer.update response: {
  "status": "running",
  "reload": false,
  "hash": "pai-preview-trae-347b2648"
}
[22:39:03.842] Update success (pai.updateCloudDev returned)
[22:39:03.904] [PAI SDK] Received event: log {"content":"<i> [webpack-dev-middleware] wait until bundle finished: /\n","timestamp":1785681543868}
[22:39:04.949] [PAI SDK] Received event: log {"content":"✅  编译成功 8/2/2026, 10:39:04 PM\n\n","timestamp":1785681544912}
[22:44:27.364] File change detected. Updating...
[22:44:27.374] readProjectFiles, Found 67 files to read.
[Preview Server] 以下文件超过 2MB 已跳过（微信小程序单分包限制为 2MB，大文件建议使用 CDN 加载）:
  .swc\plugins\v7_windows_x86_64_0.104.8\7175c2f701c258997803d93e6e53a285d375ab2d784ed9f0357fc9c4363590cb (2.7MB)
[22:44:27.397] Files read. Count: 66
[22:44:27.397] Calling pai.updateCloudDev...
[22:44:27.397] [PAI SDK] cloudServer.update called, appId: pai-preview-trae-347b2648
[22:44:27.474] [PAI SDK] Received event: reload {"url":"aipa://pai-preview-trae-347b2648.aipa-cloud.bytedance.net?type=pai","timestamp":1785681867438}
[22:44:27.475] [PAI SDK] CloudServer received reload event: {"url":"aipa://pai-preview-trae-347b2648.aipa-cloud.bytedance.net?type=pai","timestamp":1785681867438}
[22:44:27.475] [PAI SDK] reload, url = https://sd62opo6oqou1ckhsuo00.apigateway-cn-beijing.volceapi.com/?faasInstanceName=vefaas-f0vkicge-zwx1wbt5u0-d9nlc4o2q32a380gti30-sandbox&hash=pai-preview-trae-347b2648
[22:44:27.475] [PAI SDK] cloudServer.update response: {
  "status": "running",
  "reload": false,
  "hash": "pai-preview-trae-347b2648"
}
[22:44:27.476] Update success (pai.updateCloudDev returned)
[22:44:27.548] [PAI SDK] Received event: log {"content":"<i> [webpack-dev-middleware] wait until bundle finished: /\n","timestamp":1785681867506}
[22:44:29.556] [PAI SDK] Received event: log {"content":"✅  编译成功 8/2/2026, 10:44:29 PM\n\n","timestamp":1785681869520}
